#
# A fatal error has been detected by the Java Runtime Environment:
#
#  SIGSEGV (0xb) at pc=0x00007b3c510cd6ed, pid=109166, tid=109209
#
# JRE version: OpenJDK Runtime Environment (17.0.16+8) (build 17.0.16+8-Ubuntu-0ubuntu124.04.1)
# Java VM: OpenJDK 64-Bit Server VM (17.0.16+8-Ubuntu-0ubuntu124.04.1, mixed mode, sharing, tiered, compressed oops, compressed class ptrs, g1 gc, linux-amd64)
# Problematic frame:
# V  [libjvm.so+0x8cd6ed]  jni_invoke_nonstatic(JNIEnv_*, JavaValue*, _jobject*, JNICallType, _jmethodID*, JNI_ArgumentPusher*, JavaThread*) [clone .constprop.1]+0xed
#
# Core dump will be written. Default location: Core dumps may be processed with "/usr/share/apport/apport -p%p -s%s -c%c -d%d -P%P -u%u -g%g -F%F -- %E" (or dumping to /home/olimjon/Downloads/Telegram Desktop/navoiy-azot-scale-backend/core.109166)
#
# If you would like to submit a bug report, please visit:
#   https://bugs.launchpad.net/ubuntu/+source/openjdk-17
#

---------------  S U M M A R Y ------------

Command Line: --module-path=/home/olimjon/Downloads/openjfx-17.0.17_linux-x64_bin-sdk/javafx-sdk-17.0.17/lib --add-modules=javafx.controls,javafx.fxml --module-path=/home/olimjon/Downloads/openjfx-17.0.17_linux-x64_bin-sdk/javafx-sdk-17.0.17/lib --add-modules=javafx.controls,javafx.fxml -Dfile.encoding=UTF-8 -Duser.country=US -Duser.language=en -Duser.variant uz.tenzorsoft.scaleapplication.ScaleApplication

Host: AMD Ryzen 5 5500U with Radeon Graphics, 12 cores, 7G, Ubuntu 24.04.3 LTS
Time: Wed Nov 19 18:34:12 2025 +05 elapsed time: 28.699871 seconds (0d 0h 0m 28s)

---------------  T H R E A D  ---------------

Current thread (0x00007b3c4c8a5490):  JavaThread "JavaFX Application Thread" [_thread_in_vm, id=109209, stack(0x00007b3b66427000,0x00007b3b66527000)]

Stack: [0x00007b3b66427000,0x00007b3b66527000],  sp=0x00007b3b66525280,  free space=1016k
Native frames: (J=compiled Java code, j=interpreted, Vv=VM code, C=native code)
V  [libjvm.so+0x8cd6ed]  jni_invoke_nonstatic(JNIEnv_*, JavaValue*, _jobject*, JNICallType, _jmethodID*, JNI_ArgumentPusher*, JavaThread*) [clone .constprop.1]+0xed
V  [libjvm.so+0x8df3ed]  jni_CallVoidMethodV+0x1cd
C  [libglassgtk3.so+0x16fc1]  JNIEnv_::CallVoidMethod(_jobject*, _jmethodID*, ...)+0x81
C  [libglassgtk3.so+0x19da5]  WindowContextBase::process_key(_GdkEventKey*)+0x195
C  [libglassgtk3.so+0x18047]  WindowContextBase::im_filter_keypress(_GdkEventKey*)+0x157
C  [libglassgtk3.so+0x25650]
C  [libgdk-3.so.0+0x3a407]
C  [libgdk-3.so.0+0x93e2e]
C  [libglib-2.0.so.0+0x5d5c5]
C  [libglib-2.0.so.0+0xbc737]
C  [libglib-2.0.so.0+0x5df87]  g_main_loop_run+0x127
C  [libgtk-3.so.0+0x1febc5]  gtk_main+0x85
C  [libglassgtk3.so+0x25392]  Java_com_sun_glass_ui_gtk_GtkApplication__1runLoop+0x52
j  com.sun.glass.ui.gtk.GtkApplication._runLoop(Ljava/lang/Runnable;Z)V+0 javafx.graphics
j  com.sun.glass.ui.gtk.GtkApplication.lambda$runLoop$11(Ljava/lang/Runnable;Z)V+7 javafx.graphics
j  com.sun.glass.ui.gtk.GtkApplication$$Lambda$95+0x00007b3bd4034890.run()V+12 javafx.graphics
j  java.lang.Thread.run()V+11 java.base@17.0.16
v  ~StubRoutines::call_stub
V  [libjvm.so+0x8378e2]  JavaCalls::call_helper(JavaValue*, methodHandle const&, JavaCallArguments*, JavaThread*)+0x302
V  [libjvm.so+0x838f82]  JavaCalls::call_virtual(JavaValue*, Handle, Klass*, Symbol*, Symbol*, JavaThread*)+0x1a2
V  [libjvm.so+0x9077b7]  thread_entry(JavaThread*, JavaThread*)+0xa7
V  [libjvm.so+0xebcb87]  JavaThread::thread_main_inner()+0x1b7
V  [libjvm.so+0xec0959]  Thread::call_run()+0xa9
V  [libjvm.so+0xc4233b]  thread_native_entry(Thread*)+0xeb
C  [libc.so.6+0x9caa4]

Java frames: (J=compiled Java code, j=interpreted, Vv=VM code)
j  com.sun.glass.ui.gtk.GtkApplication._runLoop(Ljava/lang/Runnable;Z)V+0 javafx.graphics
j  com.sun.glass.ui.gtk.GtkApplication.lambda$runLoop$11(Ljava/lang/Runnable;Z)V+7 javafx.graphics
j  com.sun.glass.ui.gtk.GtkApplication$$Lambda$95+0x00007b3bd4034890.run()V+12 javafx.graphics
j  java.lang.Thread.run()V+11 java.base@17.0.16
v  ~StubRoutines::call_stub

siginfo: si_signo: 11 (SIGSEGV), si_code: 1 (SEGV_MAPERR), si_addr: 0x0000000000000029

Registers:
RAX=0x0000000000000000, RBX=0x00007b3c4c8a5490, RCX=0x0000000000000000, RDX=0x00007b3bcf4fd4d8
RSP=0x00007b3b66525280, RBP=0x00007b3b66525390, RSI=0x000000000000003a, RDI=0x00007b3c23d84900
R8 =0x00007b3c4c88b068, R9 =0x00007b3bd402bde0, R10=0x00007b3bcf501b30, R11=0x00007b3c3d0619c0
R12=0x00007b3b66525420, R13=0x00007b3b665253b0, R14=0x0000000000000005, R15=0x00007b3c51a4dff8
RIP=0x00007b3c510cd6ed, EFLAGS=0x0000000000010206, CSGSFS=0x002b000000000033, ERR=0x0000000000000004
  TRAPNO=0x000000000000000e

XMM[0]=0x0000000000000000 0x00007b3c4c8a5490
XMM[1]=0x00007b3c4c8a5490 0x00007b3bcf501b30
XMM[2]=0x00007b3b66525580 0x0000003000000018
XMM[3]=0x00007b3b00000000 0x00007b3c3c93fb10
XMM[4]=0x00007b3b665246f0 0x00007b3b66524748
XMM[5]=0x0000000000000000 0x00007b3c4c8a5490
XMM[6]=0x0000000000000000 0x00007b3c4c8a5490
XMM[7]=0x0001000600000028 0x0002001500530050
XMM[8]=0x0027001500260023 0x0018001500170014
XMM[9]=0x0000000000000000 0x00000000000000ca
XMM[10]=0x0000000000000000 0x657a61662f6d6f63
XMM[11]=0x0000000000000000 0x00000000b3ffffc6
XMM[12]=0x0000000000000000 0x0000000000000000
XMM[13]=0x0000000000000000 0x4008000000000000
XMM[14]=0x0000000000000000 0xc018000000000000
XMM[15]=0x0000000000000000 0x0000000000000000
  MXCSR=0x00001fa4


Register to memory mapping:

RAX=0x0 is NULL
RBX=0x00007b3c4c8a5490 is a thread
RCX=0x0 is NULL
RDX=0x00007b3bcf4fd4d8 is pointing into metadata
RSP=0x00007b3b66525280 is pointing into the stack for thread: 0x00007b3c4c8a5490
RBP=0x00007b3b66525390 is pointing into the stack for thread: 0x00007b3c4c8a5490
RSI=0x000000000000003a is an unknown value
RDI=0x00007b3c23d84900 points into unknown readable memory: 0x0000000000000000 | 00 00 00 00 00 00 00 00
R8 =0x00007b3c4c88b068 points into unknown readable memory: 0x00007b3c51a4dff8 | f8 df a4 51 3c 7b 00 00
R9 =0x00007b3bd402bde0 is a pointer to class: 
com.sun.glass.ui.View {0x00007b3bd402bde0}
 - instance size:     6
 - klass size:        135
 - access:            public synchronized abstract 
 - state:             fully_initialized
 - name:              'com/sun/glass/ui/View'
 - super:             'java/lang/Object'
 - sub:               'com/sun/glass/ui/gtk/GtkView'   
 - arrays:            NULL
 - methods:           Array<T>(0x00007b3bcf4fe870)
 - method ordering:   Array<T>(0x00007b3bd3920758)
 - local interfaces:  Array<T>(0x00007b3bd35d7ae8)
 - trans. interfaces: Array<T>(0x00007b3bd35d7ae8)
 - constants:         constant pool [585]/operands[12] {0x00007b3bcf4fd4d8} for 'com/sun/glass/ui/View' cache=0x00007b3bcf510000
 - class loader data:  loader data: 0x00007b3c4c164220 for instance a 'jdk/internal/loader/ClassLoaders$AppClassLoader'{0x000000008f461640}
 - source file:       'View.java'
 - class annotations:       Array<T>(0x0000000000000000)
 - class type annotations:  Array<T>(0x0000000000000000)
 - field annotations:       Array<T>(0x0000000000000000)
 - field type annotations:  Array<T>(0x0000000000000000)
 - inner classes:     Array<T>(0x00007b3bcf5028b0)
 - nest members:     Array<T>(0x00007b3bcf5028e8)
 - permitted subclasses:     Array<T>(0x00007b3bd35d7a78)
 - java mirror:       a 'java/lang/Class'{0x000000008f5ede60} = 'com/sun/glass/ui/View'
 - vtable length      74  (start addr: 0x00007b3bd402bfb0)
 - itable length      2 (start addr: 0x00007b3bd402c200)
 - ---- static fields (7 words):
 - public static final 'GESTURE_NO_VALUE' 'I' @136 
 - public static final 'GESTURE_NO_DOUBLE_VALUE' 'D' @120 
 - public static final 'IME_ATTR_INPUT' 'B' @156 
 - public static final 'IME_ATTR_TARGET_CONVERTED' 'B' @157 
 - public static final 'IME_ATTR_CONVERTED' 'B' @158 
 - public static final 'IME_ATTR_TARGET_NOTCONVERTED' 'B' @159 
 - public static final 'IME_ATTR_INPUT_ERROR' 'B' @160 
 - static final 'accessible' 'Z' @161 
 - private static 'lastClickedView' 'Ljava/lang/ref/WeakReference;' @112 
 - private static 'lastClickedButton' 'I' @140 
 - private static 'lastClickedTime' 'J' @128 
 - private static 'lastClickedX' 'I' @144 
 - private static 'lastClickedY' 'I' @148 
 - private static 'clickCount' 'I' @152 
 - private static 'dragProcessed' 'Z' @162 
 - ---- non-static fields (9 words):
 - private 'width' 'I' @12 
 - private volatile 'ptr' 'J' @16 
 - private 'height' 'I' @24 
 - private 'isValid' 'Z' @28 
 - private 'isVisible' 'Z' @29 
 - private 'inFullscreen' 'Z' @30 
 - private 'window' 'Lcom/sun/glass/ui/Window;' @32 
 - private 'eventHandler' 'Lcom/sun/glass/ui/View$EventHandler;' @36 
 - private 'dropSourceAssistant' 'Lcom/sun/glass/ui/ClipboardAssistance;' @40 
 - 'dropTargetAssistant' 'Lcom/sun/glass/ui/ClipboardAssistance;' @44 
 - non-static oop maps: 32-44 
R10={method} {0x00007b3bcf501b30} 'notifyKey' '(II[CI)V' in 'com/sun/glass/ui/View'
R11=0x00007b3c3d0619c0 is at entry_point+32 in (nmethod*)0x00007b3c3d061810
Compiled method (c1)   28704 10877       1       com.sun.javafx.tk.quantum.WindowStage::setInAllowedEventHandler (6 bytes)
 total in heap  [0x00007b3c3d061810,0x00007b3c3d061aa8] = 664
 relocation     [0x00007b3c3d061970,0x00007b3c3d061998] = 40
 main code      [0x00007b3c3d0619a0,0x00007b3c3d061a40] = 160
 stub code      [0x00007b3c3d061a40,0x00007b3c3d061a70] = 48
 oops           [0x00007b3c3d061a70,0x00007b3c3d061a78] = 8
 scopes data    [0x00007b3c3d061a78,0x00007b3c3d061a80] = 8
 scopes pcs     [0x00007b3c3d061a80,0x00007b3c3d061aa0] = 32
 dependencies   [0x00007b3c3d061aa0,0x00007b3c3d061aa8] = 8
R12=0x00007b3b66525420 is pointing into the stack for thread: 0x00007b3c4c8a5490
R13=0x00007b3b665253b0 is pointing into the stack for thread: 0x00007b3c4c8a5490
R14=0x0000000000000005 is an unknown value
R15=0x00007b3c51a4dff8: <offset 0x000000000124dff8> in /usr/lib/jvm/java-17-openjdk-amd64/lib/server/libjvm.so at 0x00007b3c50800000


Top of Stack: (sp=0x00007b3b66525280)
0x00007b3b66525280:   00007b3c4c8a5490 00007b3b665254c0
0x00007b3b66525290:   00007b3b665254c8 00000000000003d8
0x00007b3b665252a0:   00007b3bb4148ce0 00007b3bb4148cf0
0x00007b3b665252b0:   00007b3b665252e0 00007b3b66525310
0x00007b3b665252c0:   00007b3bb41490c8 00007b3c4c88b068
0x00007b3b665252d0:   00007b3bcf501b30 00007b3c4c8a5490
0x00007b3b665252e0:   00007b3c4c88b050 0000000093afe260
0x00007b3b665252f0:   00007b3c0000006f 000000000000000a
0x00007b3b66525300:   000000009758a440 00007b3b00000000
0x00007b3b66525310:   00007b3c4c8a5490 00007b3b54000ea0
0x00007b3b66525320:   00007b3bcf4f69a8 00000001000001d0
0x00007b3b66525330:   00007b3b66525890 00007b3b665252e8
0x00007b3b66525340:   00007b3b66525329 0000000800000005
0x00007b3b66525350:   0000000000000000 0000000000000000
0x00007b3b66525360:   00007b3b665253e0 00007b3c4c8a5490
0x00007b3b66525370:   00007b3c4c794f08 00007b3bd2567ef0
0x00007b3b66525380:   00007b3b665254a8 00007b3b66525420
0x00007b3b66525390:   00007b3b66525490 00007b3c510df3ed
0x00007b3b665253a0:   00007b3b665253c0 00000000000003d8
0x00007b3b665253b0:   00007b3b0000000e 00007b3b00000000
0x00007b3b665253c0:   00007b3bcf501b30 00007b3c4c8a5490
0x00007b3b665253d0:   00007b3c4c8a5490 0000000000000000
0x00007b3b665253e0:   00007b3b66525440 00007b3c20454ac4
0x00007b3b665253f0:   00007b3bd3461130 000000100000000e
0x00007b3b66525400:   000000000015b55c 91647c287af8f700
0x00007b3b66525410:   00000000000004b9 00007b3bcf501b30
0x00007b3b66525420:   00007b3c51a52ed8 00007b3bd3461130
0x00007b3b66525430:   00007b3b0000000e 000000000015b55c
0x00007b3b66525440:   0000000000000000 0000003000000018
0x00007b3b66525450:   00007b3b66525580 00007b3b665254c0
0x00007b3b66525460:   00007b3b66525400 00007b3b54000f20
0x00007b3b66525470:   000000000000000a 00007b3b66830508 

Instructions: (pc=0x00007b3c510cd6ed)
0x00007b3c510cd5ed:   00 00 00 90 b8 ff ff ff ff c3 66 0f 1f 84 00 00
0x00007b3c510cd5fd:   00 00 00 55 48 89 e5 41 57 41 56 41 55 41 54 53
0x00007b3c510cd60d:   4c 89 c3 48 81 ec e8 00 00 00 48 85 f6 0f 84 6e
0x00007b3c510cd61d:   02 00 00 49 89 fd 49 89 d6 49 89 cc 40 f6 c6 01
0x00007b3c510cd62d:   0f 85 45 02 00 00 48 89 f7 ff 15 d4 e9 a2 00 49
0x00007b3c510cd63d:   89 c7 4d 85 ff 0f 84 46 02 00 00 48 8b bb 40 02
0x00007b3c510cd64d:   00 00 4c 8b 47 18 49 83 f8 f7 76 23 48 8d 15 9c
0x00007b3c510cd65d:   c2 6f 00 be 08 00 00 00 48 89 bd 38 ff ff ff e8
0x00007b3c510cd66d:   af fc af ff 48 8b bd 38 ff ff ff 4c 8b 47 18 49
0x00007b3c510cd67d:   8d 40 08 48 39 47 20 0f 82 3e 02 00 00 48 89 47
0x00007b3c510cd68d:   18 4d 89 38 49 8b 06 48 8b 50 08 8b 70 2c 44 0f
0x00007b3c510cd69d:   b7 72 2c 48 8b 52 08 4c 8b 4a 18 83 fe f7 0f 8c
0x00007b3c510cd6ad:   2f 02 00 00 83 fe fe 74 37 48 8d 05 d0 9c a7 00
0x00007b3c510cd6bd:   80 38 00 0f 84 e2 03 00 00 48 8d 05 53 2c a3 00
0x00007b3c510cd6cd:   41 8b 7f 08 8b 48 08 48 d3 e7 48 03 38 4c 89 85
0x00007b3c510cd6dd:   38 ff ff ff e8 4a 28 1a 00 4c 8b 85 38 ff ff ff
0x00007b3c510cd6ed:   f6 40 29 04 0f 85 09 03 00 00 48 89 85 40 ff ff
0x00007b3c510cd6fd:   ff 48 89 9d 48 ff ff ff 48 85 c0 74 22 4c 8b bb
0x00007b3c510cd70d:   48 02 00 00 49 63 37 41 3b 77 04 0f 84 b2 03 00
0x00007b3c510cd71d:   00 8d 56 01 41 89 17 49 8b 57 08 48 89 04 f2 4c
0x00007b3c510cd72d:   8b bb 38 02 00 00 41 0f b7 d6 49 8b 47 20 f3 41
0x00007b3c510cd73d:   0f 6f 4f 10 48 89 85 30 ff ff ff 49 8b 47 28 66
0x00007b3c510cd74d:   49 0f 7e ce 48 c7 45 c8 00 00 00 00 48 89 85 08
0x00007b3c510cd75d:   ff ff ff 0f 29 8d 10 ff ff ff 0f 17 8d 38 ff ff
0x00007b3c510cd76d:   ff 83 fa 08 0f 8f 11 02 00 00 48 8d 85 58 ff ff
0x00007b3c510cd77d:   ff 48 8b 15 7b d3 78 00 c6 45 c0 00 66 48 0f 6e
0x00007b3c510cd78d:   c0 48 8d 45 99 66 48 0f 6e d0 48 89 55 b8 66 0f
0x00007b3c510cd79d:   6c c2 0f 11 45 a8 c6 00 02 48 63 45 b8 4c 89 e7
0x00007b3c510cd7ad:   8d 50 01 89 55 b8 48 8b 55 a8 4c 89 04 c2 49 8b
0x00007b3c510cd7bd:   04 24 48 8d 95 50 ff ff ff 48 89 d6 48 89 95 20
0x00007b3c510cd7cd:   ff ff ff ff 10 49 8d 7c 24 08 4c 8d a5 40 ff ff
0x00007b3c510cd7dd:   ff e8 cd 0c 51 00 48 89 d9 4c 89 e6 4c 89 ef 41 


Stack slot to memory mapping:
stack at sp + 0 slots: 0x00007b3c4c8a5490 is a thread
stack at sp + 1 slots: 0x00007b3b665254c0 is pointing into the stack for thread: 0x00007b3c4c8a5490
stack at sp + 2 slots: 0x00007b3b665254c8 is pointing into the stack for thread: 0x00007b3c4c8a5490
stack at sp + 3 slots: 0x00000000000003d8 is an unknown value
stack at sp + 4 slots: 0x00007b3bb4148ce0 points into unknown readable memory: 0x0000000000000000 | 00 00 00 00 00 00 00 00
stack at sp + 5 slots: 0x00007b3bb4148cf0 points into unknown readable memory: 0x2e6e75732e6d6f63 | 63 6f 6d 2e 73 75 6e 2e
stack at sp + 6 slots: 0x00007b3b665252e0 is pointing into the stack for thread: 0x00007b3c4c8a5490
stack at sp + 7 slots: 0x00007b3b66525310 is pointing into the stack for thread: 0x00007b3c4c8a5490


---------------  P R O C E S S  ---------------

Threads class SMR info:
_java_thread_list=0x00007b3a640349d0, length=73, elements={
0x00007b3c4c01d850, 0x00007b3c4c12bb70, 0x00007b3c4c12cf60, 0x00007b3c4c1325e0,
0x00007b3c4c1339a0, 0x00007b3c4c134dc0, 0x00007b3c4c136780, 0x00007b3c4c137cc0,
0x00007b3c4c141130, 0x00007b3c4c14f790, 0x00007b3c4c19c200, 0x00007b3c4c212560,
0x00007b3c4cc784a0, 0x00007b3c4c8a5490, 0x00007b3c4c8a5ae0, 0x00007b3b4d039100,
0x00007b3b342b6f20, 0x00007b3b4d03a0e0, 0x00007b3b4d3efcd0, 0x00007b3b4d3fe310,
0x00007b3b4ccb1700, 0x00007b3b00020440, 0x00007b3b000246b0, 0x00007b3b00032a10,
0x00007b3b4e2f0e40, 0x00007b3b4e2f84e0, 0x00007b3b4e2f9680, 0x00007b3b4e2fa730,
0x00007b3b4e2fb7e0, 0x00007b3b4e2fc890, 0x00007b3b4e2fe950, 0x00007b3b4e2ffca0,
0x00007b3b4e301250, 0x00007b3b4e302800, 0x00007b3b4e303dc0, 0x00007b3b4e3072e0,
0x00007b3b4e30d650, 0x00007b3b4e310940, 0x00007b3b4e311b80, 0x00007b3ac0001ca0,
0x00007b3af0022d50, 0x00007b3af0023d10, 0x00007b3af0024e00, 0x00007b3af0026010,
0x00007b3af00270b0, 0x00007b3af00286c0, 0x00007b3af0029b50, 0x00007b3af002b170,
0x00007b3af002c7a0, 0x00007b3af002d9e0, 0x00007b3af002ee70, 0x00007b3af00304b0,
0x00007b3af0031b00, 0x00007b3b4ebf4f00, 0x00007b3af0035720, 0x00007b3af0041380,
0x00007b3af004f660, 0x00007b3af00505b0, 0x00007b3b982ff130, 0x00007b3ab4001940,
0x00007b3ab8001800, 0x00007b3b5461a410, 0x00007b3b5461af20, 0x00007b3b546ff300,
0x00007b3b54756a40, 0x00007b3b5474b000, 0x00007b3b5474bb30, 0x00007b3b54751140,
0x00007b3b5475b850, 0x00007b3b5475ca80, 0x00007b3b547685d0, 0x00007b3a6403e040,
0x00007b3b5450bda0
}

Java Threads: ( => current thread )
  0x00007b3c4c01d850 JavaThread "main" [_thread_blocked, id=109167, stack(0x00007b3c50300000,0x00007b3c50400000)]
  0x00007b3c4c12bb70 JavaThread "Reference Handler" daemon [_thread_blocked, id=109183, stack(0x00007b3c215a6000,0x00007b3c216a6000)]
  0x00007b3c4c12cf60 JavaThread "Finalizer" daemon [_thread_blocked, id=109184, stack(0x00007b3c214a6000,0x00007b3c215a6000)]
  0x00007b3c4c1325e0 JavaThread "Signal Dispatcher" daemon [_thread_blocked, id=109185, stack(0x00007b3c213a6000,0x00007b3c214a6000)]
  0x00007b3c4c1339a0 JavaThread "Service Thread" daemon [_thread_blocked, id=109186, stack(0x00007b3c20d00000,0x00007b3c20e00000)]
  0x00007b3c4c134dc0 JavaThread "Monitor Deflation Thread" daemon [_thread_blocked, id=109187, stack(0x00007b3c20c00000,0x00007b3c20d00000)]
  0x00007b3c4c136780 JavaThread "C2 CompilerThread0" daemon [_thread_in_native, id=109188, stack(0x00007b3c20b00000,0x00007b3c20c00000)]
  0x00007b3c4c137cc0 JavaThread "C1 CompilerThread0" daemon [_thread_in_vm, id=109189, stack(0x00007b3c20a00000,0x00007b3c20b00000)]
  0x00007b3c4c141130 JavaThread "Sweeper thread" daemon [_thread_blocked, id=109190, stack(0x00007b3c20900000,0x00007b3c20a00000)]
  0x00007b3c4c14f790 JavaThread "Common-Cleaner" daemon [_thread_blocked, id=109191, stack(0x00007b3c20800000,0x00007b3c20900000)]
  0x00007b3c4c19c200 JavaThread "Notification Thread" daemon [_thread_blocked, id=109192, stack(0x00007b3c20700000,0x00007b3c20800000)]
  0x00007b3c4c212560 JavaThread "QuantumRenderer-0" daemon [_thread_blocked, id=109194, stack(0x00007b3c204ff000,0x00007b3c205ff000)]
  0x00007b3c4cc784a0 JavaThread "InvokeLaterDispatcher" daemon [_thread_blocked, id=109208, stack(0x00007b3b66527000,0x00007b3b66627000)]
=>0x00007b3c4c8a5490 JavaThread "JavaFX Application Thread" [_thread_in_vm, id=109209, stack(0x00007b3b66427000,0x00007b3b66527000)]
  0x00007b3c4c8a5ae0 JavaThread "JavaFX-Launcher" [_thread_blocked, id=109211, stack(0x00007b3b65afe000,0x00007b3b65bfe000)]
  0x00007b3b4d039100 JavaThread "Catalina-utility-1" [_thread_blocked, id=109225, stack(0x00007b3b654e9000,0x00007b3b655e9000)]
  0x00007b3b342b6f20 JavaThread "Catalina-utility-2" [_thread_blocked, id=109226, stack(0x00007b3b64dd4000,0x00007b3b64ed4000)]
  0x00007b3b4d03a0e0 JavaThread "container-0" [_thread_blocked, id=109227, stack(0x00007b3b64cd4000,0x00007b3b64dd4000)]
  0x00007b3b4d3efcd0 JavaThread "PostgreSQL-JDBC-Cleaner" daemon [_thread_blocked, id=109229, stack(0x00007b3b64bcf000,0x00007b3b64ccf000)]
  0x00007b3b4d3fe310 JavaThread "HikariPool-1 housekeeper" daemon [_thread_blocked, id=109230, stack(0x00007b3b64acf000,0x00007b3b64bcf000)]
  0x00007b3b4ccb1700 JavaThread "OkHttp Dispatcher" [_thread_blocked, id=109244, stack(0x00007b3b648b9000,0x00007b3b649b9000)]
  0x00007b3b00020440 JavaThread "OkHttp TaskRunner" daemon [_thread_blocked, id=109245, stack(0x00007b3b647b9000,0x00007b3b648b9000)]
  0x00007b3b000246b0 JavaThread "Okio Watchdog" daemon [_thread_blocked, id=109246, stack(0x00007b3b646b9000,0x00007b3b647b9000)]
  0x00007b3b00032a10 JavaThread "OkHttp Dispatcher" [_thread_blocked, id=109247, stack(0x00007b3b645b9000,0x00007b3b646b9000)]
  0x00007b3b4e2f0e40 JavaThread "MessageBroker-1" [_thread_blocked, id=109248, stack(0x00007b3b644b9000,0x00007b3b645b9000)]
  0x00007b3b4e2f84e0 JavaThread "http-nio-8081-exec-1" daemon [_thread_blocked, id=109249, stack(0x00007b3b643b9000,0x00007b3b644b9000)]
  0x00007b3b4e2f9680 JavaThread "http-nio-8081-exec-2" daemon [_thread_blocked, id=109250, stack(0x00007b3b642b9000,0x00007b3b643b9000)]
  0x00007b3b4e2fa730 JavaThread "http-nio-8081-exec-3" daemon [_thread_blocked, id=109251, stack(0x00007b3b641b9000,0x00007b3b642b9000)]
  0x00007b3b4e2fb7e0 JavaThread "http-nio-8081-exec-4" daemon [_thread_blocked, id=109252, stack(0x00007b3b640b9000,0x00007b3b641b9000)]
  0x00007b3b4e2fc890 JavaThread "http-nio-8081-exec-5" daemon [_thread_blocked, id=109253, stack(0x00007b3ae7f00000,0x00007b3ae8000000)]
  0x00007b3b4e2fe950 JavaThread "http-nio-8081-exec-6" daemon [_thread_blocked, id=109254, stack(0x00007b3ae7e00000,0x00007b3ae7f00000)]
  0x00007b3b4e2ffca0 JavaThread "http-nio-8081-exec-7" daemon [_thread_blocked, id=109255, stack(0x00007b3ae7d00000,0x00007b3ae7e00000)]
  0x00007b3b4e301250 JavaThread "http-nio-8081-exec-8" daemon [_thread_blocked, id=109256, stack(0x00007b3ae7c00000,0x00007b3ae7d00000)]
  0x00007b3b4e302800 JavaThread "http-nio-8081-exec-9" daemon [_thread_blocked, id=109257, stack(0x00007b3ae7b00000,0x00007b3ae7c00000)]
  0x00007b3b4e303dc0 JavaThread "http-nio-8081-exec-10" daemon [_thread_blocked, id=109258, stack(0x00007b3ae7a00000,0x00007b3ae7b00000)]
  0x00007b3b4e3072e0 JavaThread "http-nio-8081-Poller" daemon [_thread_in_native, id=109259, stack(0x00007b3ae7900000,0x00007b3ae7a00000)]
  0x00007b3b4e30d650 JavaThread "http-nio-8081-Acceptor" daemon [_thread_in_native, id=109260, stack(0x00007b3ae7800000,0x00007b3ae7900000)]
  0x00007b3b4e310940 JavaThread "MessageBroker-2" [_thread_blocked, id=109261, stack(0x00007b3ae7700000,0x00007b3ae7800000)]
  0x00007b3b4e311b80 JavaThread "MessageBroker-3" [_thread_blocked, id=109262, stack(0x00007b3ae7600000,0x00007b3ae7700000)]
  0x00007b3ac0001ca0 JavaThread "MessageBroker-4" [_thread_blocked, id=109263, stack(0x00007b3ae7500000,0x00007b3ae7600000)]
  0x00007b3af0022d50 JavaThread "Thread-3" daemon [_thread_blocked, id=109264, stack(0x00007b3ae7400000,0x00007b3ae7500000)]
  0x00007b3af0023d10 JavaThread "WebSocketClient-AsyncIO-1" daemon [_thread_blocked, id=109265, stack(0x00007b3ae7300000,0x00007b3ae7400000)]
  0x00007b3af0024e00 JavaThread "WebSocketClient-AsyncIO-2" daemon [_thread_blocked, id=109266, stack(0x00007b3ae7200000,0x00007b3ae7300000)]
  0x00007b3af0026010 JavaThread "WebSocketClient-AsyncIO-3" daemon [_thread_blocked, id=109267, stack(0x00007b3ae7100000,0x00007b3ae7200000)]
  0x00007b3af00270b0 JavaThread "WebSocketClient-AsyncIO-4" daemon [_thread_in_native, id=109268, stack(0x00007b3ae7000000,0x00007b3ae7100000)]
  0x00007b3af00286c0 JavaThread "WebSocketClient-AsyncIO-5" daemon [_thread_blocked, id=109269, stack(0x00007b3ae6f00000,0x00007b3ae7000000)]
  0x00007b3af0029b50 JavaThread "WebSocketClient-AsyncIO-6" daemon [_thread_blocked, id=109270, stack(0x00007b3ae6e00000,0x00007b3ae6f00000)]
  0x00007b3af002b170 JavaThread "WebSocketClient-AsyncIO-7" daemon [_thread_blocked, id=109271, stack(0x00007b3ae6d00000,0x00007b3ae6e00000)]
  0x00007b3af002c7a0 JavaThread "WebSocketClient-AsyncIO-8" daemon [_thread_blocked, id=109272, stack(0x00007b3ae6c00000,0x00007b3ae6d00000)]
  0x00007b3af002d9e0 JavaThread "WebSocketClient-AsyncIO-9" daemon [_thread_blocked, id=109273, stack(0x00007b3ae6b00000,0x00007b3ae6c00000)]
  0x00007b3af002ee70 JavaThread "WebSocketClient-AsyncIO-10" daemon [_thread_blocked, id=109274, stack(0x00007b3ae6a00000,0x00007b3ae6b00000)]
  0x00007b3af00304b0 JavaThread "WebSocketClient-AsyncIO-11" daemon [_thread_blocked, id=109275, stack(0x00007b3ae6900000,0x00007b3ae6a00000)]
  0x00007b3af0031b00 JavaThread "WebSocketClient-AsyncIO-12" daemon [_thread_blocked, id=109276, stack(0x00007b3ae6800000,0x00007b3ae6900000)]
  0x00007b3b4ebf4f00 JavaThread "Prism Font Disposer" daemon [_thread_blocked, id=109277, stack(0x00007b3ae6540000,0x00007b3ae6640000)]
  0x00007b3af0035720 JavaThread "WebSocketClient-SecureIO-1" daemon [_thread_blocked, id=109279, stack(0x00007b3ae6440000,0x00007b3ae6540000)]
  0x00007b3af0041380 JavaThread "WebSocketClient-SecureIO-2" daemon [_thread_blocked, id=109280, stack(0x00007b3ae62c2000,0x00007b3ae63c2000)]
  0x00007b3af004f660 JavaThread "WebSocket background processing" daemon [_thread_blocked, id=109282, stack(0x00007b3ae59c1000,0x00007b3ae5ac1000)]
  0x00007b3af00505b0 JavaThread "MessageBroker-5" [_thread_blocked, id=109283, stack(0x00007b3ae58c1000,0x00007b3ae59c1000)]
  0x00007b3b982ff130 JavaThread "Cleaner-0" daemon [_thread_blocked, id=109285, stack(0x00007b3ae4c7a000,0x00007b3ae4d7a000)]
  0x00007b3ab4001940 JavaThread "MessageBroker-6" [_thread_blocked, id=109286, stack(0x00007b3ae4b7a000,0x00007b3ae4c7a000)]
  0x00007b3ab8001800 JavaThread "MessageBroker-7" [_thread_blocked, id=109287, stack(0x00007b3b649cf000,0x00007b3b64acf000)]
  0x00007b3b5461a410 JavaThread "pool-7-thread-1" [_thread_in_Java, id=109288, stack(0x00007b3ae41ad000,0x00007b3ae42ad000)]
  0x00007b3b5461af20 JavaThread "pool-8-thread-1" [_thread_blocked, id=109289, stack(0x00007b3ae40ad000,0x00007b3ae41ad000)]
  0x00007b3b546ff300 JavaThread "process reaper" daemon [_thread_blocked, id=109295, stack(0x00007b3a5d9c9000,0x00007b3a5d9eb000)]
  0x00007b3b54756a40 JavaThread "pool-4-thread-1" [_thread_in_native, id=109299, stack(0x00007b3a5cf00000,0x00007b3a5d000000)]
  0x00007b3b5474b000 JavaThread "pool-4-thread-2" [_thread_blocked, id=109300, stack(0x00007b3a5c300000,0x00007b3a5c400000)]
  0x00007b3b5474bb30 JavaThread "pool-4-thread-3" [_thread_blocked, id=109301, stack(0x00007b3a5c200000,0x00007b3a5c300000)]
  0x00007b3b54751140 JavaThread "pool-6-thread-1" [_thread_blocked, id=109302, stack(0x00007b3a5c100000,0x00007b3a5c200000)]
  0x00007b3b5475b850 JavaThread "pool-4-thread-4" [_thread_blocked, id=109303, stack(0x00007b3a5c000000,0x00007b3a5c100000)]
  0x00007b3b5475ca80 JavaThread "pool-5-thread-1" [_thread_blocked, id=109304, stack(0x00007b3a4bf00000,0x00007b3a4c000000)]
  0x00007b3b547685d0 JavaThread "PrinterListener" daemon [_thread_blocked, id=109305, stack(0x00007b3a4bd01000,0x00007b3a4be01000)]
  0x00007b3a6403e040 JavaThread "Keep-Alive-Timer" daemon [_thread_blocked, id=109306, stack(0x00007b3a4b521000,0x00007b3a4b621000)]
  0x00007b3b5450bda0 JavaThread "pool-4-thread-5" [_thread_blocked, id=109307, stack(0x00007b3a4b421000,0x00007b3a4b521000)]

Other Threads:
  0x00007b3c4c127aa0 VMThread "VM Thread" [stack: 0x00007b3c216a7000,0x00007b3c217a7000] [id=109182]
  0x00007b3c4c020520 WatcherThread [stack: 0x00007b3c20600000,0x00007b3c20700000] [id=109193]
  0x00007b3c4c0740d0 GCTaskThread "GC Thread#0" [stack: 0x00007b3c307ba000,0x00007b3c308ba000] [id=109168]
  0x00007b3c18006330 GCTaskThread "GC Thread#1" [stack: 0x00007b3b659fe000,0x00007b3b65afe000] [id=109212]
  0x00007b3c18006df0 GCTaskThread "GC Thread#2" [stack: 0x00007b3b658fd000,0x00007b3b659fd000] [id=109213]
  0x00007b3c180078b0 GCTaskThread "GC Thread#3" [stack: 0x00007b3b657fc000,0x00007b3b658fc000] [id=109214]
  0x00007b3c18008370 GCTaskThread "GC Thread#4" [stack: 0x00007b3b656fb000,0x00007b3b657fb000] [id=109215]
  0x00007b3c18008e30 GCTaskThread "GC Thread#5" [stack: 0x00007b3b655fa000,0x00007b3b656fa000] [id=109216]
  0x00007b3c1800cde0 GCTaskThread "GC Thread#6" [stack: 0x00007b3b653e9000,0x00007b3b654e9000] [id=109218]
  0x00007b3c1800d620 GCTaskThread "GC Thread#7" [stack: 0x00007b3b652e8000,0x00007b3b653e8000] [id=109219]
  0x00007b3c18013170 GCTaskThread "GC Thread#8" [stack: 0x00007b3b651e7000,0x00007b3b652e7000] [id=109220]
  0x00007b3c18013f40 GCTaskThread "GC Thread#9" [stack: 0x00007b3b650e6000,0x00007b3b651e6000] [id=109221]
  0x00007b3c4c083980 ConcurrentGCThread "G1 Main Marker" [stack: 0x00007b3c306b9000,0x00007b3c307b9000] [id=109169]
  0x00007b3c4c084900 ConcurrentGCThread "G1 Conc#0" [stack: 0x00007b3c305b8000,0x00007b3c306b8000] [id=109170]
  0x00007b3c24000ea0 ConcurrentGCThread "G1 Conc#1" [stack: 0x00007b3b64fe5000,0x00007b3b650e5000] [id=109222]
  0x00007b3c240019a0 ConcurrentGCThread "G1 Conc#2" [stack: 0x00007b3b64ee4000,0x00007b3b64fe4000] [id=109223]
  0x00007b3c4c0fc1c0 ConcurrentGCThread "G1 Refine#0" [stack: 0x00007b3c219fb000,0x00007b3c21afb000] [id=109172]
  0x00007b3c4c0fd0d0 ConcurrentGCThread "G1 Service" [stack: 0x00007b3c218fa000,0x00007b3c219fa000] [id=109173]

Threads with active compile tasks:
C2 CompilerThread0    28711 12761       4       jdk.internal.org.objectweb.asm.ClassWriter::toByteArray (1515 bytes)
C1 CompilerThread0    28711 12779       1       org.hibernate.sql.results.graph.collection.CollectionInitializer::isCollectionInitializer (2 bytes)

VM state: not at safepoint (normal execution)

VM Mutex/Monitor currently owned by a thread: None

Heap address: 0x000000008ec00000, size: 1812 MB, Compressed Oops mode: 32-bit

CDS archive(s) mapped at: [0x00007b3bd3000000-0x00007b3bd3bca000-0x00007b3bd3bca000), size 12361728, SharedBaseAddress: 0x00007b3bd3000000, ArchiveRelocationMode: 1.
Compressed class space mapped at: 0x00007b3bd4000000-0x00007b3c14000000, reserved size: 1073741824
Narrow klass base: 0x00007b3bd3000000, Narrow klass shift: 0, Narrow klass range: 0x100000000

GC Precious Log:
 CPUs: 12 total, 12 available
 Memory: 7243M
 Large Page Support: Disabled
 NUMA Support: Disabled
 Compressed Oops: Enabled (32-bit)
 Heap Region Size: 1M
 Heap Min Capacity: 8M
 Heap Initial Capacity: 114M
 Heap Max Capacity: 1812M
 Pre-touch: Disabled
 Parallel Workers: 10
 Concurrent Workers: 3
 Concurrent Refinement Workers: 10
 Periodic GC: Disabled

Heap:
 garbage-first heap   total 156672K, used 116194K [0x000000008ec00000, 0x0000000100000000)
  region size 1024K, 24 young (24576K), 1 survivors (1024K)
 Metaspace       used 110335K, committed 111104K, reserved 1179648K
  class space    used 15370K, committed 15744K, reserved 1048576K

Heap Regions: E=young(eden), S=young(survivor), O=old, HS=humongous(starts), HC=humongous(continues), CS=collection set, F=free, OA=open archive, CA=closed archive, TAMS=top-at-mark-start (previous, next)
|   0|0x000000008ec00000, 0x000000008ed00000, 0x000000008ed00000|100%|HS|  |TAMS 0x000000008ed00000, 0x000000008ec00000| Complete 
|   1|0x000000008ed00000, 0x000000008ee00000, 0x000000008ee00000|100%| O|  |TAMS 0x000000008ee00000, 0x000000008ed00000| Untracked 
|   2|0x000000008ee00000, 0x000000008ef00000, 0x000000008ef00000|100%|HS|  |TAMS 0x000000008ef00000, 0x000000008ee00000| Complete 
|   3|0x000000008ef00000, 0x000000008f000000, 0x000000008f000000|100%| O|  |TAMS 0x000000008f000000, 0x000000008ef00000| Untracked 
|   4|0x000000008f000000, 0x000000008f100000, 0x000000008f100000|100%| O|  |TAMS 0x000000008f100000, 0x000000008f000000| Untracked 
|   5|0x000000008f100000, 0x000000008f200000, 0x000000008f200000|100%| O|  |TAMS 0x000000008f200000, 0x000000008f100000| Untracked 
|   6|0x000000008f200000, 0x000000008f300000, 0x000000008f300000|100%| O|  |TAMS 0x000000008f300000, 0x000000008f200000| Untracked 
|   7|0x000000008f300000, 0x000000008f400000, 0x000000008f400000|100%| O|  |TAMS 0x000000008f400000, 0x000000008f300000| Untracked 
|   8|0x000000008f400000, 0x000000008f500000, 0x000000008f500000|100%| O|  |TAMS 0x000000008f500000, 0x000000008f400000| Untracked 
|   9|0x000000008f500000, 0x000000008f600000, 0x000000008f600000|100%| O|  |TAMS 0x000000008f600000, 0x000000008f500000| Untracked 
|  10|0x000000008f600000, 0x000000008f700000, 0x000000008f700000|100%| O|  |TAMS 0x000000008f700000, 0x000000008f600000| Untracked 
|  11|0x000000008f700000, 0x000000008f800000, 0x000000008f800000|100%| O|  |TAMS 0x000000008f800000, 0x000000008f700000| Untracked 
|  12|0x000000008f800000, 0x000000008f900000, 0x000000008f900000|100%| O|  |TAMS 0x000000008f900000, 0x000000008f800000| Untracked 
|  13|0x000000008f900000, 0x000000008fa00000, 0x000000008fa00000|100%| O|  |TAMS 0x000000008fa00000, 0x000000008f900000| Untracked 
|  14|0x000000008fa00000, 0x000000008fb00000, 0x000000008fb00000|100%| O|  |TAMS 0x000000008fb00000, 0x000000008fa00000| Untracked 
|  15|0x000000008fb00000, 0x000000008fc00000, 0x000000008fc00000|100%| O|  |TAMS 0x000000008fc00000, 0x000000008fb00000| Untracked 
|  16|0x000000008fc00000, 0x000000008fd00000, 0x000000008fd00000|100%| O|  |TAMS 0x000000008fd00000, 0x000000008fc00000| Untracked 
|  17|0x000000008fd00000, 0x000000008fd00000, 0x000000008fe00000|  0%| F|  |TAMS 0x000000008fd00000, 0x000000008fd00000| Untracked 
|  18|0x000000008fe00000, 0x000000008ff00000, 0x000000008ff00000|100%| O|  |TAMS 0x000000008ff00000, 0x000000008fe00000| Untracked 
|  19|0x000000008ff00000, 0x0000000090000000, 0x0000000090000000|100%| O|  |TAMS 0x0000000090000000, 0x000000008ff00000| Untracked 
|  20|0x0000000090000000, 0x0000000090100000, 0x0000000090100000|100%| O|  |TAMS 0x0000000090100000, 0x0000000090000000| Untracked 
|  21|0x0000000090100000, 0x0000000090200000, 0x0000000090200000|100%| O|  |TAMS 0x0000000090200000, 0x0000000090100000| Untracked 
|  22|0x0000000090200000, 0x0000000090300000, 0x0000000090300000|100%| O|  |TAMS 0x0000000090300000, 0x0000000090200000| Untracked 
|  23|0x0000000090300000, 0x0000000090400000, 0x0000000090400000|100%| O|  |TAMS 0x0000000090400000, 0x0000000090300000| Untracked 
|  24|0x0000000090400000, 0x0000000090500000, 0x0000000090500000|100%| O|  |TAMS 0x0000000090500000, 0x0000000090400000| Untracked 
|  25|0x0000000090500000, 0x0000000090600000, 0x0000000090600000|100%| O|  |TAMS 0x0000000090600000, 0x0000000090500000| Untracked 
|  26|0x0000000090600000, 0x0000000090700000, 0x0000000090700000|100%| O|  |TAMS 0x0000000090700000, 0x0000000090600000| Untracked 
|  27|0x0000000090700000, 0x0000000090800000, 0x0000000090800000|100%| O|  |TAMS 0x0000000090800000, 0x0000000090700000| Untracked 
|  28|0x0000000090800000, 0x0000000090900000, 0x0000000090900000|100%| O|  |TAMS 0x0000000090900000, 0x0000000090800000| Untracked 
|  29|0x0000000090900000, 0x0000000090a00000, 0x0000000090a00000|100%| O|  |TAMS 0x0000000090a00000, 0x0000000090900000| Untracked 
|  30|0x0000000090a00000, 0x0000000090b00000, 0x0000000090b00000|100%| O|  |TAMS 0x0000000090b00000, 0x0000000090a00000| Untracked 
|  31|0x0000000090b00000, 0x0000000090c00000, 0x0000000090c00000|100%| O|  |TAMS 0x0000000090c00000, 0x0000000090b00000| Untracked 
|  32|0x0000000090c00000, 0x0000000090d00000, 0x0000000090d00000|100%| O|  |TAMS 0x0000000090d00000, 0x0000000090c00000| Untracked 
|  33|0x0000000090d00000, 0x0000000090e00000, 0x0000000090e00000|100%| O|  |TAMS 0x0000000090e00000, 0x0000000090d00000| Untracked 
|  34|0x0000000090e00000, 0x0000000090f00000, 0x0000000090f00000|100%| O|  |TAMS 0x0000000090f00000, 0x0000000090e00000| Untracked 
|  35|0x0000000090f00000, 0x0000000091000000, 0x0000000091000000|100%| O|  |TAMS 0x0000000091000000, 0x0000000090f00000| Untracked 
|  36|0x0000000091000000, 0x0000000091100000, 0x0000000091100000|100%| O|  |TAMS 0x0000000091100000, 0x0000000091000000| Untracked 
|  37|0x0000000091100000, 0x0000000091200000, 0x0000000091200000|100%| O|  |TAMS 0x0000000091200000, 0x0000000091100000| Untracked 
|  38|0x0000000091200000, 0x0000000091300000, 0x0000000091300000|100%| O|  |TAMS 0x0000000091300000, 0x0000000091200000| Untracked 
|  39|0x0000000091300000, 0x0000000091400000, 0x0000000091400000|100%| O|  |TAMS 0x0000000091400000, 0x0000000091300000| Untracked 
|  40|0x0000000091400000, 0x0000000091500000, 0x0000000091500000|100%| O|  |TAMS 0x0000000091500000, 0x0000000091400000| Untracked 
|  41|0x0000000091500000, 0x0000000091600000, 0x0000000091600000|100%| O|  |TAMS 0x0000000091500000, 0x0000000091500000| Untracked 
|  42|0x0000000091600000, 0x0000000091700000, 0x0000000091700000|100%| O|  |TAMS 0x0000000091600000, 0x0000000091600000| Untracked 
|  43|0x0000000091700000, 0x0000000091800000, 0x0000000091800000|100%| O|  |TAMS 0x0000000091700000, 0x0000000091700000| Untracked 
|  44|0x0000000091800000, 0x0000000091900000, 0x0000000091900000|100%| O|  |TAMS 0x0000000091800000, 0x0000000091800000| Untracked 
|  45|0x0000000091900000, 0x0000000091a00000, 0x0000000091a00000|100%|HS|  |TAMS 0x0000000091a00000, 0x0000000091900000| Complete 
|  46|0x0000000091a00000, 0x0000000091b00000, 0x0000000091b00000|100%|HC|  |TAMS 0x0000000091b00000, 0x0000000091a00000| Complete 
|  47|0x0000000091b00000, 0x0000000091c00000, 0x0000000091c00000|100%|HC|  |TAMS 0x0000000091c00000, 0x0000000091b00000| Complete 
|  48|0x0000000091c00000, 0x0000000091d00000, 0x0000000091d00000|100%|HS|  |TAMS 0x0000000091d00000, 0x0000000091c00000| Complete 
|  49|0x0000000091d00000, 0x0000000091e00000, 0x0000000091e00000|100%|HS|  |TAMS 0x0000000091e00000, 0x0000000091d00000| Complete 
|  50|0x0000000091e00000, 0x0000000091f00000, 0x0000000091f00000|100%|HC|  |TAMS 0x0000000091f00000, 0x0000000091e00000| Complete 
|  51|0x0000000091f00000, 0x0000000092000000, 0x0000000092000000|100%|HC|  |TAMS 0x0000000092000000, 0x0000000091f00000| Complete 
|  52|0x0000000092000000, 0x0000000092100000, 0x0000000092100000|100%|HS|  |TAMS 0x0000000092100000, 0x0000000092000000| Complete 
|  53|0x0000000092100000, 0x0000000092200000, 0x0000000092200000|100%|HC|  |TAMS 0x0000000092200000, 0x0000000092100000| Complete 
|  54|0x0000000092200000, 0x0000000092300000, 0x0000000092300000|100%|HC|  |TAMS 0x0000000092300000, 0x0000000092200000| Complete 
|  55|0x0000000092300000, 0x0000000092400000, 0x0000000092400000|100%|HC|  |TAMS 0x0000000092400000, 0x0000000092300000| Complete 
|  56|0x0000000092400000, 0x0000000092500000, 0x0000000092500000|100%|HS|  |TAMS 0x0000000092500000, 0x0000000092400000| Complete 
|  57|0x0000000092500000, 0x0000000092600000, 0x0000000092600000|100%|HC|  |TAMS 0x0000000092600000, 0x0000000092500000| Complete 
|  58|0x0000000092600000, 0x0000000092700000, 0x0000000092700000|100%| O|  |TAMS 0x0000000092700000, 0x0000000092600000| Untracked 
|  59|0x0000000092700000, 0x0000000092800000, 0x0000000092800000|100%| O|  |TAMS 0x0000000092800000, 0x0000000092700000| Untracked 
|  60|0x0000000092800000, 0x0000000092900000, 0x0000000092900000|100%| O|  |TAMS 0x0000000092900000, 0x0000000092800000| Untracked 
|  61|0x0000000092900000, 0x0000000092a00000, 0x0000000092a00000|100%| O|  |TAMS 0x0000000092a00000, 0x0000000092900000| Untracked 
|  62|0x0000000092a00000, 0x0000000092b00000, 0x0000000092b00000|100%| O|  |TAMS 0x0000000092b00000, 0x0000000092a00000| Untracked 
|  63|0x0000000092b00000, 0x0000000092c00000, 0x0000000092c00000|100%| O|  |TAMS 0x0000000092c00000, 0x0000000092b00000| Untracked 
|  64|0x0000000092c00000, 0x0000000092d00000, 0x0000000092d00000|100%| O|  |TAMS 0x0000000092d00000, 0x0000000092c00000| Untracked 
|  65|0x0000000092d00000, 0x0000000092e00000, 0x0000000092e00000|100%|HS|  |TAMS 0x0000000092e00000, 0x0000000092d00000| Complete 
|  66|0x0000000092e00000, 0x0000000092f00000, 0x0000000092f00000|100%|HC|  |TAMS 0x0000000092f00000, 0x0000000092e00000| Complete 
|  67|0x0000000092f00000, 0x0000000093000000, 0x0000000093000000|100%|HC|  |TAMS 0x0000000093000000, 0x0000000092f00000| Complete 
|  68|0x0000000093000000, 0x0000000093100000, 0x0000000093100000|100%|HC|  |TAMS 0x0000000093100000, 0x0000000093000000| Complete 
|  69|0x0000000093100000, 0x0000000093200000, 0x0000000093200000|100%|HC|  |TAMS 0x0000000093200000, 0x0000000093100000| Complete 
|  70|0x0000000093200000, 0x0000000093300000, 0x0000000093300000|100%|HC|  |TAMS 0x0000000093300000, 0x0000000093200000| Complete 
|  71|0x0000000093300000, 0x0000000093400000, 0x0000000093400000|100%|HC|  |TAMS 0x0000000093400000, 0x0000000093300000| Complete 
|  72|0x0000000093400000, 0x0000000093500000, 0x0000000093500000|100%|HC|  |TAMS 0x0000000093500000, 0x0000000093400000| Complete 
|  73|0x0000000093500000, 0x0000000093600000, 0x0000000093600000|100%|HC|  |TAMS 0x0000000093600000, 0x0000000093500000| Complete 
|  74|0x0000000093600000, 0x0000000093700000, 0x0000000093700000|100%| O|  |TAMS 0x0000000093600000, 0x0000000093600000| Untracked 
|  75|0x0000000093700000, 0x0000000093800000, 0x0000000093800000|100%| O|  |TAMS 0x0000000093700000, 0x0000000093700000| Untracked 
|  76|0x0000000093800000, 0x0000000093900000, 0x0000000093900000|100%| O|  |TAMS 0x0000000093900000, 0x0000000093800000| Untracked 
|  77|0x0000000093900000, 0x0000000093a00000, 0x0000000093a00000|100%| O|  |TAMS 0x0000000093a00000, 0x0000000093900000| Untracked 
|  78|0x0000000093a00000, 0x0000000093b00000, 0x0000000093b00000|100%| O|  |TAMS 0x0000000093afd408, 0x0000000093a00000| Untracked 
|  79|0x0000000093b00000, 0x0000000093c00000, 0x0000000093c00000|100%|HS|  |TAMS 0x0000000093b00000, 0x0000000093b00000| Complete 
|  80|0x0000000093c00000, 0x0000000093d00000, 0x0000000093d00000|100%|HS|  |TAMS 0x0000000093c00000, 0x0000000093c00000| Complete 
|  81|0x0000000093d00000, 0x0000000093e00000, 0x0000000093e00000|100%|HC|  |TAMS 0x0000000093d00000, 0x0000000093d00000| Complete 
|  82|0x0000000093e00000, 0x0000000093f00000, 0x0000000093f00000|100%|HC|  |TAMS 0x0000000093e00000, 0x0000000093e00000| Complete 
|  83|0x0000000093f00000, 0x0000000094000000, 0x0000000094000000|100%|HC|  |TAMS 0x0000000093f00000, 0x0000000093f00000| Complete 
|  84|0x0000000094000000, 0x0000000094100000, 0x0000000094100000|100%|HS|  |TAMS 0x0000000094000000, 0x0000000094000000| Complete 
|  85|0x0000000094100000, 0x0000000094200000, 0x0000000094200000|100%|HS|  |TAMS 0x0000000094100000, 0x0000000094100000| Complete 
|  86|0x0000000094200000, 0x0000000094300000, 0x0000000094300000|100%| O|  |TAMS 0x0000000094200000, 0x0000000094200000| Untracked 
|  87|0x0000000094300000, 0x0000000094400000, 0x0000000094400000|100%| O|  |TAMS 0x0000000094300000, 0x0000000094300000| Untracked 
|  88|0x0000000094400000, 0x0000000094500000, 0x0000000094500000|100%| O|  |TAMS 0x0000000094400000, 0x0000000094400000| Untracked 
|  89|0x0000000094500000, 0x0000000094600000, 0x0000000094600000|100%| O|  |TAMS 0x0000000094500000, 0x0000000094500000| Untracked 
|  90|0x0000000094600000, 0x000000009468ba00, 0x0000000094700000| 54%| O|  |TAMS 0x0000000094600000, 0x0000000094600000| Untracked 
|  91|0x0000000094700000, 0x0000000094700000, 0x0000000094800000|  0%| F|  |TAMS 0x0000000094700000, 0x0000000094700000| Untracked 
|  92|0x0000000094800000, 0x0000000094800000, 0x0000000094900000|  0%| F|  |TAMS 0x0000000094800000, 0x0000000094800000| Untracked 
|  93|0x0000000094900000, 0x0000000094900000, 0x0000000094a00000|  0%| F|  |TAMS 0x0000000094900000, 0x0000000094900000| Untracked 
|  94|0x0000000094a00000, 0x0000000094a00000, 0x0000000094b00000|  0%| F|  |TAMS 0x0000000094a00000, 0x0000000094a00000| Untracked 
|  95|0x0000000094b00000, 0x0000000094b00000, 0x0000000094c00000|  0%| F|  |TAMS 0x0000000094b00000, 0x0000000094b00000| Untracked 
|  96|0x0000000094c00000, 0x0000000094c00000, 0x0000000094d00000|  0%| F|  |TAMS 0x0000000094c00000, 0x0000000094c00000| Untracked 
|  97|0x0000000094d00000, 0x0000000094d00000, 0x0000000094e00000|  0%| F|  |TAMS 0x0000000094d00000, 0x0000000094d00000| Untracked 
|  98|0x0000000094e00000, 0x0000000094e00000, 0x0000000094f00000|  0%| F|  |TAMS 0x0000000094e00000, 0x0000000094e00000| Untracked 
|  99|0x0000000094f00000, 0x0000000094f00000, 0x0000000095000000|  0%| F|  |TAMS 0x0000000094f00000, 0x0000000094f00000| Untracked 
| 100|0x0000000095000000, 0x0000000095000000, 0x0000000095100000|  0%| F|  |TAMS 0x0000000095000000, 0x0000000095000000| Untracked 
| 101|0x0000000095100000, 0x0000000095100000, 0x0000000095200000|  0%| F|  |TAMS 0x0000000095100000, 0x0000000095100000| Untracked 
| 102|0x0000000095200000, 0x0000000095200000, 0x0000000095300000|  0%| F|  |TAMS 0x0000000095200000, 0x0000000095200000| Untracked 
| 103|0x0000000095300000, 0x0000000095300000, 0x0000000095400000|  0%| F|  |TAMS 0x0000000095300000, 0x0000000095300000| Untracked 
| 104|0x0000000095400000, 0x0000000095400000, 0x0000000095500000|  0%| F|  |TAMS 0x0000000095400000, 0x0000000095400000| Untracked 
| 105|0x0000000095500000, 0x0000000095500000, 0x0000000095600000|  0%| F|  |TAMS 0x0000000095500000, 0x0000000095500000| Untracked 
| 106|0x0000000095600000, 0x0000000095600000, 0x0000000095700000|  0%| F|  |TAMS 0x0000000095600000, 0x0000000095600000| Untracked 
| 107|0x0000000095700000, 0x0000000095700000, 0x0000000095800000|  0%| F|  |TAMS 0x0000000095700000, 0x0000000095700000| Untracked 
| 108|0x0000000095800000, 0x0000000095800000, 0x0000000095900000|  0%| F|  |TAMS 0x0000000095800000, 0x0000000095800000| Untracked 
| 109|0x0000000095900000, 0x0000000095900000, 0x0000000095a00000|  0%| F|  |TAMS 0x0000000095900000, 0x0000000095900000| Untracked 
| 110|0x0000000095a00000, 0x0000000095a00000, 0x0000000095b00000|  0%| F|  |TAMS 0x0000000095a00000, 0x0000000095a00000| Untracked 
| 111|0x0000000095b00000, 0x0000000095b00000, 0x0000000095c00000|  0%| F|  |TAMS 0x0000000095b00000, 0x0000000095b00000| Untracked 
| 112|0x0000000095c00000, 0x0000000095c00000, 0x0000000095d00000|  0%| F|  |TAMS 0x0000000095c00000, 0x0000000095c00000| Untracked 
| 113|0x0000000095d00000, 0x0000000095d00000, 0x0000000095e00000|  0%| F|  |TAMS 0x0000000095d00000, 0x0000000095d00000| Untracked 
| 114|0x0000000095e00000, 0x0000000095e00000, 0x0000000095f00000|  0%| F|  |TAMS 0x0000000095e00000, 0x0000000095e00000| Untracked 
| 115|0x0000000095f00000, 0x0000000095f00000, 0x0000000096000000|  0%| F|  |TAMS 0x0000000095f00000, 0x0000000095f00000| Untracked 
| 116|0x0000000096000000, 0x0000000096000000, 0x0000000096100000|  0%| F|  |TAMS 0x0000000096000000, 0x0000000096000000| Untracked 
| 117|0x0000000096100000, 0x0000000096100000, 0x0000000096200000|  0%| F|  |TAMS 0x0000000096100000, 0x0000000096100000| Untracked 
| 118|0x0000000096200000, 0x0000000096200000, 0x0000000096300000|  0%| F|  |TAMS 0x0000000096200000, 0x0000000096200000| Untracked 
| 119|0x0000000096300000, 0x0000000096300000, 0x0000000096400000|  0%| F|  |TAMS 0x0000000096300000, 0x0000000096300000| Untracked 
| 120|0x0000000096400000, 0x0000000096400000, 0x0000000096500000|  0%| F|  |TAMS 0x0000000096400000, 0x0000000096400000| Untracked 
| 121|0x0000000096500000, 0x0000000096500000, 0x0000000096600000|  0%| F|  |TAMS 0x0000000096500000, 0x0000000096500000| Untracked 
| 122|0x0000000096600000, 0x0000000096600000, 0x0000000096700000|  0%| F|  |TAMS 0x0000000096600000, 0x0000000096600000| Untracked 
| 123|0x0000000096700000, 0x0000000096700000, 0x0000000096800000|  0%| F|  |TAMS 0x0000000096700000, 0x0000000096700000| Untracked 
| 124|0x0000000096800000, 0x0000000096800000, 0x0000000096900000|  0%| F|  |TAMS 0x0000000096800000, 0x0000000096800000| Untracked 
| 125|0x0000000096900000, 0x0000000096900000, 0x0000000096a00000|  0%| F|  |TAMS 0x0000000096900000, 0x0000000096900000| Untracked 
| 126|0x0000000096a00000, 0x0000000096a00000, 0x0000000096b00000|  0%| F|  |TAMS 0x0000000096a00000, 0x0000000096a00000| Untracked 
| 127|0x0000000096b00000, 0x0000000096bf1a48, 0x0000000096c00000| 94%| E|  |TAMS 0x0000000096b00000, 0x0000000096b00000| Complete 
| 128|0x0000000096c00000, 0x0000000096d00000, 0x0000000096d00000|100%| E|CS|TAMS 0x0000000096c00000, 0x0000000096c00000| Complete 
| 129|0x0000000096d00000, 0x0000000096e00000, 0x0000000096e00000|100%| E|CS|TAMS 0x0000000096d00000, 0x0000000096d00000| Complete 
| 130|0x0000000096e00000, 0x0000000096f00000, 0x0000000096f00000|100%| E|CS|TAMS 0x0000000096e00000, 0x0000000096e00000| Complete 
| 131|0x0000000096f00000, 0x0000000097000000, 0x0000000097000000|100%| E|CS|TAMS 0x0000000096f00000, 0x0000000096f00000| Complete 
| 132|0x0000000097000000, 0x0000000097100000, 0x0000000097100000|100%| E|CS|TAMS 0x0000000097000000, 0x0000000097000000| Complete 
| 133|0x0000000097100000, 0x0000000097200000, 0x0000000097200000|100%| E|CS|TAMS 0x0000000097100000, 0x0000000097100000| Complete 
| 134|0x0000000097200000, 0x0000000097300000, 0x0000000097300000|100%| E|CS|TAMS 0x0000000097200000, 0x0000000097200000| Complete 
| 135|0x0000000097300000, 0x0000000097400000, 0x0000000097400000|100%| E|CS|TAMS 0x0000000097300000, 0x0000000097300000| Complete 
| 136|0x0000000097400000, 0x0000000097500000, 0x0000000097500000|100%| E|CS|TAMS 0x0000000097400000, 0x0000000097400000| Complete 
| 137|0x0000000097500000, 0x0000000097600000, 0x0000000097600000|100%| E|CS|TAMS 0x0000000097500000, 0x0000000097500000| Complete 
| 138|0x0000000097600000, 0x0000000097700000, 0x0000000097700000|100%| E|CS|TAMS 0x0000000097600000, 0x0000000097600000| Complete 
| 139|0x0000000097700000, 0x0000000097800000, 0x0000000097800000|100%| E|CS|TAMS 0x0000000097700000, 0x0000000097700000| Complete 
| 140|0x0000000097800000, 0x0000000097900000, 0x0000000097900000|100%| E|CS|TAMS 0x0000000097800000, 0x0000000097800000| Complete 
| 141|0x0000000097900000, 0x0000000097a00000, 0x0000000097a00000|100%| E|CS|TAMS 0x0000000097900000, 0x0000000097900000| Complete 
| 142|0x0000000097a00000, 0x0000000097b00000, 0x0000000097b00000|100%| E|CS|TAMS 0x0000000097a00000, 0x0000000097a00000| Complete 
| 143|0x0000000097b00000, 0x0000000097c00000, 0x0000000097c00000|100%| E|CS|TAMS 0x0000000097b00000, 0x0000000097b00000| Complete 
| 144|0x0000000097c00000, 0x0000000097d00000, 0x0000000097d00000|100%| E|CS|TAMS 0x0000000097c00000, 0x0000000097c00000| Complete 
| 145|0x0000000097d00000, 0x0000000097e00000, 0x0000000097e00000|100%| E|CS|TAMS 0x0000000097d00000, 0x0000000097d00000| Complete 
| 146|0x0000000097e00000, 0x0000000097f00000, 0x0000000097f00000|100%| E|CS|TAMS 0x0000000097e00000, 0x0000000097e00000| Complete 
| 147|0x0000000097f00000, 0x0000000098000000, 0x0000000098000000|100%| E|CS|TAMS 0x0000000097f00000, 0x0000000097f00000| Complete 
| 148|0x0000000098000000, 0x0000000098100000, 0x0000000098100000|100%| S|CS|TAMS 0x0000000098000000, 0x0000000098000000| Complete 
| 149|0x0000000098100000, 0x0000000098200000, 0x0000000098200000|100%| E|CS|TAMS 0x0000000098100000, 0x0000000098100000| Complete 
| 150|0x0000000098200000, 0x0000000098300000, 0x0000000098300000|100%| E|CS|TAMS 0x0000000098200000, 0x0000000098200000| Complete 
|1810|0x00000000ffe00000, 0x00000000ffe75000, 0x00000000fff00000| 45%|OA|  |TAMS 0x00000000ffe75000, 0x00000000ffe00000| Untracked 
|1811|0x00000000fff00000, 0x00000000fff78000, 0x0000000100000000| 46%|CA|  |TAMS 0x00000000fff78000, 0x00000000fff00000| Untracked 

Card table byte_map: [0x00007b3c344e4000,0x00007b3c3486e000] _byte_map_base: 0x00007b3c3406e000

Marking Bits (Prev, Next): (CMBitMap*) 0x00007b3c4c074b70, (CMBitMap*) 0x00007b3c4c074bb0
 Prev Bits: [0x00007b3c3250a000, 0x00007b3c3415a000)
 Next Bits: [0x00007b3c308ba000, 0x00007b3c3250a000)

Polling page: 0x00007b3c51e84000

Metaspace:

Usage:
  Non-class:     92.74 MB used.
      Class:     15.01 MB used.
       Both:    107.75 MB used.

Virtual space:
  Non-class space:      128.00 MB reserved,      93.12 MB ( 73%) committed,  2 nodes.
      Class space:        1.00 GB reserved,      15.38 MB (  2%) committed,  1 nodes.
             Both:        1.12 GB reserved,     108.50 MB (  9%) committed. 

Chunk freelists:
   Non-Class:  2.04 MB
       Class:  577.00 KB
        Both:  2.61 MB

MaxMetaspaceSize: unlimited
CompressedClassSpaceSize: 1.00 GB
Initial GC threshold: 21.00 MB
Current GC threshold: 164.62 MB
CDS: on
MetaspaceReclaimPolicy: balanced
 - commit_granule_bytes: 65536.
 - commit_granule_words: 8192.
 - virtual_space_node_default_size: 8388608.
 - enlarge_chunks_in_place: 1.
 - new_chunks_are_fully_committed: 0.
 - uncommit_free_chunks: 1.
 - use_allocation_guard: 0.
 - handle_deallocations: 1.


Internal statistics:

num_allocs_failed_limit: 12.
num_arena_births: 1260.
num_arena_deaths: 0.
num_vsnodes_births: 3.
num_vsnodes_deaths: 0.
num_space_committed: 1736.
num_space_uncommitted: 0.
num_chunks_returned_to_freelist: 12.
num_chunks_taken_from_freelist: 5244.
num_chunk_merges: 12.
num_chunk_splits: 3831.
num_chunks_enlarged: 2978.
num_inconsistent_stats: 0.

CodeHeap 'non-profiled nmethods': size=120028Kb used=4930Kb max_used=4930Kb free=115097Kb
 bounds [0x00007b3c3cec9000, 0x00007b3c3d3a9000, 0x00007b3c44400000]
CodeHeap 'profiled nmethods': size=120028Kb used=17780Kb max_used=17780Kb free=102248Kb
 bounds [0x00007b3c35400000, 0x00007b3c36560000, 0x00007b3c3c937000]
CodeHeap 'non-nmethods': size=5704Kb used=1645Kb max_used=1677Kb free=4058Kb
 bounds [0x00007b3c3c937000, 0x00007b3c3cba7000, 0x00007b3c3cec9000]
 total_blobs=11728 nmethods=10679 adapters=961
 compilation: enabled
              stopped_count=0, restarted_count=0
 full_count=0

Compilation events (20 events):
Event: 28.683 Thread 0x00007b3c4c137cc0 12744       1       org.hibernate.query.spi.AbstractCommonQueryContract::getQueryOptions (5 bytes)
Event: 28.683 Thread 0x00007b3c4c137cc0 nmethod 12744 0x00007b3c3d394490 code [0x00007b3c3d394620, 0x00007b3c3d3946f0]
Event: 28.684 Thread 0x00007b3c4c137cc0 12745       3       org.postgresql.util.internal.PgBufferedOutputStream::write (153 bytes)
Event: 28.685 Thread 0x00007b3c4c137cc0 nmethod 12745 0x00007b3c3654c910 code [0x00007b3c3654cb60, 0x00007b3c3654d6b0]
Event: 28.685 Thread 0x00007b3c4c137cc0 12746       3       sun.security.ssl.SSLSocketImpl$AppInputStream::checkEOF (165 bytes)
Event: 28.686 Thread 0x00007b3c4c137cc0 nmethod 12746 0x00007b3c3654da10 code [0x00007b3c3654dd80, 0x00007b3c3654ef90]
Event: 28.686 Thread 0x00007b3c4c137cc0 12747       3       java.nio.CharBuffer::position (6 bytes)
Event: 28.686 Thread 0x00007b3c4c137cc0 nmethod 12747 0x00007b3c3654f690 code [0x00007b3c3654f840, 0x00007b3c3654f9e0]
Event: 28.686 Thread 0x00007b3c4c137cc0 12749       3       org.springframework.core.MethodParameter::getMethodAnnotations (14 bytes)
Event: 28.686 Thread 0x00007b3c4c137cc0 nmethod 12749 0x00007b3c3654fa90 code [0x00007b3c3654fc60, 0x00007b3c36550070]
Event: 28.686 Thread 0x00007b3c4c137cc0 12748       3       java.io.BufferedWriter::ensureOpen (18 bytes)
Event: 28.686 Thread 0x00007b3c4c137cc0 nmethod 12748 0x00007b3c36550190 code [0x00007b3c36550340, 0x00007b3c36550540]
Event: 28.686 Thread 0x00007b3c4c137cc0 12751       3       org.springframework.boot.ansi.AnsiOutput::buildDisabled (47 bytes)
Event: 28.687 Thread 0x00007b3c4c137cc0 nmethod 12751 0x00007b3c36550610 code [0x00007b3c36550800, 0x00007b3c36550dd0]
Event: 28.687 Thread 0x00007b3c4c137cc0 12750       3       java.time.LocalTime::create (26 bytes)
Event: 28.687 Thread 0x00007b3c4c137cc0 nmethod 12750 0x00007b3c36551010 code [0x00007b3c365511c0, 0x00007b3c36551470]
Event: 28.687 Thread 0x00007b3c4c137cc0 12752       3       java.lang.invoke.MethodHandles::dropArguments0 (113 bytes)
Event: 28.688 Thread 0x00007b3c4c137cc0 nmethod 12752 0x00007b3c36551590 code [0x00007b3c36551880, 0x00007b3c36552950]
Event: 28.688 Thread 0x00007b3c4c137cc0 12753       3       java.lang.invoke.MethodType::insertParameterTypes (10 bytes)
Event: 28.688 Thread 0x00007b3c4c137cc0 nmethod 12753 0x00007b3c36553010 code [0x00007b3c36553200, 0x00007b3c36553670]

GC Heap History (20 events):
Event: 4.103 GC heap before
{Heap before GC invocations=13 (full 0):
 garbage-first heap   total 135168K, used 50383K [0x000000008ec00000, 0x0000000100000000)
  region size 1024K, 24 young (24576K), 6 survivors (6144K)
 Metaspace       used 59955K, committed 60416K, reserved 1114112K
  class space    used 8018K, committed 8256K, reserved 1048576K
}
Event: 4.108 GC heap after
{Heap after GC invocations=14 (full 0):
 garbage-first heap   total 135168K, used 35204K [0x000000008ec00000, 0x0000000100000000)
  region size 1024K, 7 young (7168K), 7 survivors (7168K)
 Metaspace       used 59955K, committed 60416K, reserved 1114112K
  class space    used 8018K, committed 8256K, reserved 1048576K
}
Event: 5.034 GC heap before
{Heap before GC invocations=15 (full 0):
 garbage-first heap   total 130048K, used 105860K [0x000000008ec00000, 0x0000000100000000)
  region size 1024K, 76 young (77824K), 7 survivors (7168K)
 Metaspace       used 70144K, committed 70656K, reserved 1114112K
  class space    used 9488K, committed 9728K, reserved 1048576K
}
Event: 5.040 GC heap after
{Heap after GC invocations=16 (full 0):
 garbage-first heap   total 130048K, used 38455K [0x000000008ec00000, 0x0000000100000000)
  region size 1024K, 9 young (9216K), 9 survivors (9216K)
 Metaspace       used 70144K, committed 70656K, reserved 1114112K
  class space    used 9488K, committed 9728K, reserved 1048576K
}
Event: 5.386 GC heap before
{Heap before GC invocations=16 (full 0):
 garbage-first heap   total 130048K, used 100919K [0x000000008ec00000, 0x0000000100000000)
  region size 1024K, 70 young (71680K), 9 survivors (9216K)
 Metaspace       used 73528K, committed 74048K, reserved 1114112K
  class space    used 10164K, committed 10432K, reserved 1048576K
}
Event: 5.395 GC heap after
{Heap after GC invocations=17 (full 0):
 garbage-first heap   total 130048K, used 43012K [0x000000008ec00000, 0x0000000100000000)
  region size 1024K, 9 young (9216K), 9 survivors (9216K)
 Metaspace       used 73528K, committed 74048K, reserved 1114112K
  class space    used 10164K, committed 10432K, reserved 1048576K
}
Event: 5.637 GC heap before
{Heap before GC invocations=17 (full 0):
 garbage-first heap   total 130048K, used 101380K [0x000000008ec00000, 0x0000000100000000)
  region size 1024K, 67 young (68608K), 9 survivors (9216K)
 Metaspace       used 75260K, committed 75712K, reserved 1179648K
  class space    used 10462K, committed 10688K, reserved 1048576K
}
Event: 5.642 GC heap after
{Heap after GC invocations=18 (full 0):
 garbage-first heap   total 130048K, used 43987K [0x000000008ec00000, 0x0000000100000000)
  region size 1024K, 6 young (6144K), 6 survivors (6144K)
 Metaspace       used 75260K, committed 75712K, reserved 1179648K
  class space    used 10462K, committed 10688K, reserved 1048576K
}
Event: 13.577 GC heap before
{Heap before GC invocations=18 (full 0):
 garbage-first heap   total 130048K, used 103379K [0x000000008ec00000, 0x0000000100000000)
  region size 1024K, 64 young (65536K), 6 survivors (6144K)
 Metaspace       used 79022K, committed 79552K, reserved 1179648K
  class space    used 10874K, committed 11136K, reserved 1048576K
}
Event: 13.582 GC heap after
{Heap after GC invocations=19 (full 0):
 garbage-first heap   total 156672K, used 47447K [0x000000008ec00000, 0x0000000100000000)
  region size 1024K, 6 young (6144K), 6 survivors (6144K)
 Metaspace       used 79022K, committed 79552K, reserved 1179648K
  class space    used 10874K, committed 11136K, reserved 1048576K
}
Event: 15.626 GC heap before
{Heap before GC invocations=19 (full 0):
 garbage-first heap   total 156672K, used 124247K [0x000000008ec00000, 0x0000000100000000)
  region size 1024K, 81 young (82944K), 6 survivors (6144K)
 Metaspace       used 90002K, committed 90560K, reserved 1179648K
  class space    used 12121K, committed 12352K, reserved 1048576K
}
Event: 15.633 GC heap after
{Heap after GC invocations=20 (full 0):
 garbage-first heap   total 156672K, used 52944K [0x000000008ec00000, 0x0000000100000000)
  region size 1024K, 11 young (11264K), 11 survivors (11264K)
 Metaspace       used 90002K, committed 90560K, reserved 1179648K
  class space    used 12121K, committed 12352K, reserved 1048576K
}
Event: 16.881 GC heap before
{Heap before GC invocations=20 (full 0):
 garbage-first heap   total 156672K, used 132816K [0x000000008ec00000, 0x0000000100000000)
  region size 1024K, 74 young (75776K), 11 survivors (11264K)
 Metaspace       used 99458K, committed 100096K, reserved 1179648K
  class space    used 13721K, committed 14016K, reserved 1048576K
}
Event: 16.890 GC heap after
{Heap after GC invocations=21 (full 0):
 garbage-first heap   total 156672K, used 72057K [0x000000008ec00000, 0x0000000100000000)
  region size 1024K, 7 young (7168K), 7 survivors (7168K)
 Metaspace       used 99458K, committed 100096K, reserved 1179648K
  class space    used 13721K, committed 14016K, reserved 1048576K
}
Event: 17.007 GC heap before
{Heap before GC invocations=21 (full 0):
 garbage-first heap   total 156672K, used 84345K [0x000000008ec00000, 0x0000000100000000)
  region size 1024K, 12 young (12288K), 7 survivors (7168K)
 Metaspace       used 100313K, committed 100928K, reserved 1179648K
  class space    used 13818K, committed 14144K, reserved 1048576K
}
Event: 17.012 GC heap after
{Heap after GC invocations=22 (full 0):
 garbage-first heap   total 156672K, used 82387K [0x000000008ec00000, 0x0000000100000000)
  region size 1024K, 2 young (2048K), 2 survivors (2048K)
 Metaspace       used 100313K, committed 100928K, reserved 1179648K
  class space    used 13818K, committed 14144K, reserved 1048576K
}
Event: 27.982 GC heap before
{Heap before GC invocations=23 (full 0):
 garbage-first heap   total 156672K, used 131539K [0x000000008ec00000, 0x0000000100000000)
  region size 1024K, 44 young (45056K), 2 survivors (2048K)
 Metaspace       used 106242K, committed 106944K, reserved 1179648K
  class space    used 14709K, committed 15040K, reserved 1048576K
}
Event: 27.986 GC heap after
{Heap after GC invocations=24 (full 0):
 garbage-first heap   total 156672K, used 92603K [0x000000008ec00000, 0x0000000100000000)
  region size 1024K, 5 young (5120K), 5 survivors (5120K)
 Metaspace       used 106242K, committed 106944K, reserved 1179648K
  class space    used 14709K, committed 15040K, reserved 1048576K
}
Event: 28.021 GC heap before
{Heap before GC invocations=24 (full 0):
 garbage-first heap   total 156672K, used 94651K [0x000000008ec00000, 0x0000000100000000)
  region size 1024K, 7 young (7168K), 5 survivors (5120K)
 Metaspace       used 106307K, committed 107008K, reserved 1179648K
  class space    used 14713K, committed 15040K, reserved 1048576K
}
Event: 28.024 GC heap after
{Heap after GC invocations=25 (full 0):
 garbage-first heap   total 156672K, used 93666K [0x000000008ec00000, 0x0000000100000000)
  region size 1024K, 1 young (1024K), 1 survivors (1024K)
 Metaspace       used 106307K, committed 107008K, reserved 1179648K
  class space    used 14713K, committed 15040K, reserved 1048576K
}

Dll operation events (20 events):
Event: 0.018 Loaded shared library /usr/lib/jvm/java-17-openjdk-amd64/lib/libjsvml.so
Event: 0.025 Loaded shared library /usr/lib/jvm/java-17-openjdk-amd64/lib/libnio.so
Event: 0.055 Loaded shared library /usr/lib/jvm/java-17-openjdk-amd64/lib/libzip.so
Event: 0.208 Loaded shared library /home/olimjon/Downloads/openjfx-17.0.17_linux-x64_bin-sdk/javafx-sdk-17.0.17/lib/libprism_es2.so
Event: 0.307 Loaded shared library /home/olimjon/Downloads/openjfx-17.0.17_linux-x64_bin-sdk/javafx-sdk-17.0.17/lib/libprism_sw.so
Event: 0.371 Loaded shared library /home/olimjon/Downloads/openjfx-17.0.17_linux-x64_bin-sdk/javafx-sdk-17.0.17/lib/libglass.so
Event: 0.397 Loaded shared library /home/olimjon/Downloads/openjfx-17.0.17_linux-x64_bin-sdk/javafx-sdk-17.0.17/lib/libglassgtk3.so
Event: 0.509 Loaded shared library /usr/lib/jvm/java-17-openjdk-amd64/lib/libverify.so
Event: 0.513 Loaded shared library /usr/lib/jvm/java-17-openjdk-amd64/lib/libjimage.so
Event: 0.550 Loaded shared library /usr/lib/jvm/java-17-openjdk-amd64/lib/libnet.so
Event: 2.637 Loaded shared library /usr/lib/jvm/java-17-openjdk-amd64/lib/libmanagement.so
Event: 2.638 Loaded shared library /usr/lib/jvm/java-17-openjdk-amd64/lib/libmanagement_ext.so
Event: 3.195 Loaded shared library /usr/lib/jvm/java-17-openjdk-amd64/lib/libextnet.so
Event: 15.368 Loaded shared library /home/olimjon/Downloads/openjfx-17.0.17_linux-x64_bin-sdk/javafx-sdk-17.0.17/lib/libjavafx_font.so
Event: 16.099 Loaded shared library /home/olimjon/Downloads/openjfx-17.0.17_linux-x64_bin-sdk/javafx-sdk-17.0.17/lib/libjavafx_iio.so
Event: 16.140 Loaded shared library /home/olimjon/Downloads/openjfx-17.0.17_linux-x64_bin-sdk/javafx-sdk-17.0.17/lib/libjavafx_font_freetype.so
Event: 16.382 Loaded shared library /home/olimjon/Downloads/openjfx-17.0.17_linux-x64_bin-sdk/javafx-sdk-17.0.17/lib/libjavafx_font_pango.so
Event: 28.331 Loaded shared library /tmp/jSerialComm/1763559251785-libjSerialComm.so
Event: 28.358 Loaded shared library /usr/lib/jvm/java-17-openjdk-amd64/lib/libawt.so
Event: 28.360 Loaded shared library /usr/lib/jvm/java-17-openjdk-amd64/lib/libawt_headless.so

Deoptimization events (20 events):
Event: 28.360 Thread 0x00007b3b54751140 Uncommon trap: trap_request=0xffffff45 fr.pc=0x00007b3c3cf57d08 relative=0x0000000000000248
Event: 28.360 Thread 0x00007b3b54751140 Uncommon trap: reason=unstable_if action=reinterpret pc=0x00007b3c3cf57d08 method=java.lang.invoke.MethodType.equals(Ljava/lang/Object;)Z @ 11 c2
Event: 28.360 Thread 0x00007b3b54751140 DEOPT PACKING pc=0x00007b3c3cf57d08 sp=0x00007b3a5c1fae10
Event: 28.360 Thread 0x00007b3b54751140 DEOPT UNPACKING pc=0x00007b3c3c98d699 sp=0x00007b3a5c1fadd8 mode 2
Event: 28.360 Thread 0x00007b3b54751140 Uncommon trap: trap_request=0xffffff54 fr.pc=0x00007b3c3cfc6d1c relative=0x00000000000029dc
Event: 28.360 Thread 0x00007b3b54751140 Uncommon trap: reason=speculate_null_assert action=make_not_entrant pc=0x00007b3c3cfc6d1c method=java.lang.invoke.MethodType$ConcurrentWeakInternSet.add(Ljava/lang/Object;)Ljava/lang/Object; @ 47 c2
Event: 28.360 Thread 0x00007b3b54751140 DEOPT PACKING pc=0x00007b3c3cfc6d1c sp=0x00007b3a5c1fafa0
Event: 28.360 Thread 0x00007b3b54751140 DEOPT UNPACKING pc=0x00007b3c3c98d699 sp=0x00007b3a5c1faf38 mode 2
Event: 28.366 Thread 0x00007b3b54751140 Uncommon trap: trap_request=0xffffff45 fr.pc=0x00007b3c3d286578 relative=0x0000000000001318
Event: 28.366 Thread 0x00007b3b54751140 Uncommon trap: reason=unstable_if action=reinterpret pc=0x00007b3c3d286578 method=java.util.concurrent.ConcurrentHashMap.putVal(Ljava/lang/Object;Ljava/lang/Object;Z)Ljava/lang/Object; @ 97 c2
Event: 28.366 Thread 0x00007b3b54751140 DEOPT PACKING pc=0x00007b3c3d286578 sp=0x00007b3a5c1fb680
Event: 28.366 Thread 0x00007b3b54751140 DEOPT UNPACKING pc=0x00007b3c3c98d699 sp=0x00007b3a5c1fb628 mode 2
Event: 28.453 Thread 0x00007b3b547685d0 Uncommon trap: trap_request=0xffffff45 fr.pc=0x00007b3c3cf6e264 relative=0x0000000000000044
Event: 28.453 Thread 0x00007b3b547685d0 Uncommon trap: reason=unstable_if action=reinterpret pc=0x00007b3c3cf6e264 method=sun.net.util.IPAddressUtil.scan(Ljava/lang/String;JJ[C)I @ 14 c2
Event: 28.453 Thread 0x00007b3b547685d0 DEOPT PACKING pc=0x00007b3c3cf6e264 sp=0x00007b3a4bdff5e0
Event: 28.453 Thread 0x00007b3b547685d0 DEOPT UNPACKING pc=0x00007b3c3c98d699 sp=0x00007b3a4bdff4e8 mode 2
Event: 28.467 Thread 0x00007b3b547685d0 Uncommon trap: trap_request=0xffffff45 fr.pc=0x00007b3c3cf6e5f8 relative=0x0000000000000058
Event: 28.467 Thread 0x00007b3b547685d0 Uncommon trap: reason=unstable_if action=reinterpret pc=0x00007b3c3cf6e5f8 method=sun.net.util.IPAddressUtil.scan(Ljava/lang/String;JJ[C)I @ 14 c2
Event: 28.467 Thread 0x00007b3b547685d0 DEOPT PACKING pc=0x00007b3c3cf6e5f8 sp=0x00007b3a4bdff5c0
Event: 28.467 Thread 0x00007b3b547685d0 DEOPT UNPACKING pc=0x00007b3c3c98d699 sp=0x00007b3a4bdff568 mode 2

Classes loaded (20 events):
Event: 28.455 Loading class sun/net/www/http/HttpCapture$1
Event: 28.455 Loading class sun/net/www/http/HttpCapture$1 done
Event: 28.455 Loading class sun/net/www/http/PosterOutputStream
Event: 28.455 Loading class sun/net/www/http/PosterOutputStream done
Event: 28.457 Loading class sun/print/AttributeClass
Event: 28.457 Loading class sun/print/AttributeClass done
Event: 28.460 Loading class sun/net/www/http/KeepAliveStream
Event: 28.460 Loading class sun/net/www/MeteredStream
Event: 28.461 Loading class sun/net/www/MeteredStream done
Event: 28.463 Loading class sun/net/www/http/KeepAliveStream done
Event: 28.463 Loading class sun/net/www/http/KeepAliveStreamCleaner
Event: 28.463 Loading class sun/net/www/http/KeepAliveStreamCleaner done
Event: 28.466 Loading class sun/net/www/http/KeepAliveStreamCleaner$1
Event: 28.466 Loading class sun/net/www/http/KeepAliveStreamCleaner$1 done
Event: 28.466 Loading class sun/net/www/http/KeepAliveStreamCleaner$2
Event: 28.466 Loading class sun/net/www/http/KeepAliveStreamCleaner$2 done
Event: 28.467 Loading class sun/print/CUPSPrinter$3
Event: 28.467 Loading class sun/print/CUPSPrinter$3 done
Event: 28.653 Loading class java/io/BufferedReader$1
Event: 28.653 Loading class java/io/BufferedReader$1 done

Classes unloaded (0 events):
No events

Classes redefined (0 events):
No events

Internal exceptions (20 events):
Event: 16.348 Thread 0x00007b3c4c8a5490 Exception <a 'java/lang/ClassNotFoundException'{0x0000000094eeeb00}: com/sun/javafx/scene/control/skin/resources/controls_en_US> (0x0000000094eeeb00) 
thrown [./src/hotspot/share/prims/jni.cpp, line 535]
Event: 16.849 Thread 0x00007b3c4c8a5490 Exception <a 'java/lang/NoSuchMethodError'{0x000000009450e2c0}: 'long java.lang.invoke.DirectMethodHandle$Holder.invokeStatic(java.lang.Object, java.lang.Object, java.lang.Object)'> (0x000000009450e2c0) 
thrown [./src/hotspot/share/interpreter/linkResolver.cpp, line 758]
Event: 16.849 Thread 0x00007b3c4c8a5490 Exception <a 'java/lang/NoSuchMethodError'{0x0000000094511a20}: 'long java.lang.invoke.DirectMethodHandle$Holder.invokeStaticInit(java.lang.Object, java.lang.Object, java.lang.Object)'> (0x0000000094511a20) 
thrown [./src/hotspot/share/interpreter/linkResolver.cpp, line 758]
Event: 17.068 Thread 0x00007b3af0035720 Exception <a 'java/lang/NoSuchMethodError'{0x00000000980ddd08}: 'int java.lang.invoke.DirectMethodHandle$Holder.invokeStatic(java.lang.Object, java.lang.Object, int, int)'> (0x00000000980ddd08) 
thrown [./src/hotspot/share/interpreter/linkResolver.cpp, line 758]
Event: 27.597 Thread 0x00007b3c4c8a5490 Exception <a 'java/lang/NoSuchMethodError'{0x0000000096e75548}: 'void java.lang.invoke.DirectMethodHandle$Holder.invokeSpecialIFC(java.lang.Object, java.lang.Object, int, java.lang.Object, java.lang.Object, java.lang.Object, java.lang.Object)'> (0x0000000096e75548) 
thrown [./src/hotspot/share/interpreter/linkResolver.cpp, line 758]
Event: 27.634 Thread 0x00007b3c4c8a5490 Exception <a 'java/lang/NoSuchMethodError'{0x0000000096c8d1b8}: 'java.lang.Object java.lang.invoke.DelegatingMethodHandle$Holder.reinvoke_L(java.lang.Object, java.lang.Object, long, java.lang.Object, java.lang.Object, java.lang.Object, java.lang.Object, java.lang.Object, java.lang.Object, java.lang.Object, java.lang.Object, java.lang.Object, java.lang.Object, java.lang.Object, java.lang.Object, java.lang.Object, java.lang.Object, java.lang.Object, java.lang.Object, java.lang.Object, java.lang.Object, java.
Event: 27.640 Thread 0x00007b3c4c8a5490 Exception <a 'java/lang/NoSuchMethodError'{0x0000000096bd7438}: 'java.lang.Object java.lang.invoke.DirectMethodHandle$Holder.invokeSpecial(java.lang.Object, java.lang.Object, long, java.lang.Object, java.lang.Object, java.lang.Object, java.lang.Object, java.lang.Object, java.lang.Object, java.lang.Object, java.lang.Object, java.lang.Object, java.lang.Object, java.lang.Object, java.lang.Object, java.lang.Object, java.lang.Object, java.lang.Object, java.lang.Object, java.lang.Object, java.lang.Object, java.l
Event: 27.640 Thread 0x00007b3c4c8a5490 Exception <a 'java/lang/NoSuchMethodError'{0x0000000096bdfd38}: 'java.lang.Object java.lang.invoke.DelegatingMethodHandle$Holder.reinvoke_L(java.lang.Object, long, java.lang.Object, java.lang.Object, java.lang.Object, java.lang.Object, java.lang.Object, java.lang.Object, java.lang.Object, java.lang.Object, java.lang.Object, java.lang.Object, java.lang.Object, java.lang.Object, java.lang.Object, java.lang.Object, java.lang.Object, java.lang.Object, java.lang.Object, java.lang.Object, java.lang.Object, java.
Event: 27.647 Thread 0x00007b3c4c8a5490 Exception <a 'java/lang/NoSuchMethodError'{0x000000009698ae90}: 'java.lang.Object java.lang.invoke.Invokers$Holder.linkToTargetMethod(java.lang.Object, java.lang.Object, java.lang.Object, java.lang.Object, java.lang.Object, java.lang.Object, java.lang.Object, java.lang.Object, java.lang.Object, java.lang.Object, java.lang.Object, java.lang.Object, java.lang.Object, java.lang.Object, java.lang.Object, java.lang.Object, java.lang.Object, java.lang.Object, java.lang.Object, java.lang.Object, java.lang.Object,
Event: 27.922 Thread 0x00007b3c4c8a5490 Exception <a 'java/lang/ClassNotFoundException'{0x0000000095bf1c28}: com/sun/javafx/scene/control/skin/resources/controls-nt> (0x0000000095bf1c28) 
thrown [./src/hotspot/share/prims/jni.cpp, line 535]
Event: 27.922 Thread 0x00007b3c4c8a5490 Exception <a 'java/lang/ClassNotFoundException'{0x0000000095bfa790}: com/sun/javafx/scene/control/skin/resources/controls-nt_en> (0x0000000095bfa790) 
thrown [./src/hotspot/share/prims/jni.cpp, line 535]
Event: 27.922 Thread 0x00007b3c4c8a5490 Exception <a 'java/lang/ClassNotFoundException'{0x0000000095bfdca0}: com/sun/javafx/scene/control/skin/resources/controls-nt_en_US> (0x0000000095bfdca0) 
thrown [./src/hotspot/share/prims/jni.cpp, line 535]
Event: 27.924 Thread 0x00007b3c4c8a5490 Exception <a 'java/io/FileNotFoundException'{0x0000000095a12700}> (0x0000000095a12700) 
thrown [./src/hotspot/share/prims/jni.cpp, line 516]
Event: 27.926 Thread 0x00007b3c4c8a5490 Exception <a 'java/io/FileNotFoundException'{0x0000000095a270c8}> (0x0000000095a270c8) 
thrown [./src/hotspot/share/prims/jni.cpp, line 516]
Event: 28.088 Thread 0x00007b3c4c8a5490 Exception <a 'java/lang/NoSuchMethodError'{0x0000000097dfa678}: 'void java.lang.invoke.DirectMethodHandle$Holder.invokeSpecialIFC(java.lang.Object, java.lang.Object, java.lang.Object, java.lang.Object)'> (0x0000000097dfa678) 
thrown [./src/hotspot/share/interpreter/linkResolver.cpp, line 758]
Event: 28.344 Thread 0x00007b3b5475ca80 Exception <a 'java/lang/NoSuchMethodError'{0x0000000096ff1be8}: 'java.lang.Object java.lang.invoke.DirectMethodHandle$Holder.newInvokeSpecial(java.lang.Object, java.lang.Object, double, double)'> (0x0000000096ff1be8) 
thrown [./src/hotspot/share/interpreter/linkResolver.cpp, line 758]
Event: 28.353 Thread 0x00007b3c4c8a5490 Exception <a 'java/lang/ClassNotFoundException'{0x0000000096f783b0}: sun/awt/resources/spi/awtProvider> (0x0000000096f783b0) 
thrown [./src/hotspot/share/classfile/systemDictionary.cpp, line 256]
Event: 28.361 Thread 0x00007b3c4c8a5490 Exception <a 'java/io/FileNotFoundException'{0x0000000096f7de98}> (0x0000000096f7de98) 
thrown [./src/hotspot/share/prims/jni.cpp, line 516]
Event: 28.377 Thread 0x00007b3b54751140 Exception <a 'java/lang/IncompatibleClassChangeError'{0x0000000096d12b70}: Found class java.lang.Object, but interface was expected> (0x0000000096d12b70) 
thrown [./src/hotspot/share/interpreter/linkResolver.cpp, line 826]
Event: 28.663 Thread 0x00007b3b5461a410 Exception <a 'java/lang/IncompatibleClassChangeError'{0x0000000096cadee8}: Found class java.lang.Object, but interface was expected> (0x0000000096cadee8) 
thrown [./src/hotspot/share/interpreter/linkResolver.cpp, line 826]

VM Operations (20 events):
Event: 27.982 Executing VM operation: G1CollectForAllocation
Event: 27.986 Executing VM operation: G1CollectForAllocation done
Event: 28.021 Executing VM operation: G1CollectForAllocation
Event: 28.024 Executing VM operation: G1CollectForAllocation done
Event: 28.037 Executing VM operation: HandshakeAllThreads
Event: 28.037 Executing VM operation: HandshakeAllThreads done
Event: 28.082 Executing VM operation: HandshakeAllThreads
Event: 28.082 Executing VM operation: HandshakeAllThreads done
Event: 28.273 Executing VM operation: HandshakeAllThreads
Event: 28.273 Executing VM operation: HandshakeAllThreads done
Event: 28.274 Executing VM operation: HandshakeAllThreads
Event: 28.274 Executing VM operation: HandshakeAllThreads done
Event: 28.297 Executing VM operation: ICBufferFull
Event: 28.297 Executing VM operation: ICBufferFull done
Event: 28.457 Executing VM operation: HandshakeAllThreads
Event: 28.457 Executing VM operation: HandshakeAllThreads done
Event: 28.463 Executing VM operation: HandshakeAllThreads
Event: 28.463 Executing VM operation: HandshakeAllThreads done
Event: 28.465 Executing VM operation: HandshakeAllThreads
Event: 28.465 Executing VM operation: HandshakeAllThreads done

Memory protections (20 events):
Event: 16.374 Protecting memory [0x00007b3ae6440000,0x00007b3ae6444000] with protection modes 0
Event: 16.377 Protecting memory [0x00007b3ae62c2000,0x00007b3ae62c6000] with protection modes 0
Event: 16.795 Protecting memory [0x00007b3ae59c1000,0x00007b3ae59c5000] with protection modes 0
Event: 16.796 Protecting memory [0x00007b3ae58c1000,0x00007b3ae58c5000] with protection modes 0
Event: 16.898 Protecting memory [0x00007b3ae4c7a000,0x00007b3ae4c7e000] with protection modes 0
Event: 21.060 Protecting memory [0x00007b3ae4b7a000,0x00007b3ae4b7e000] with protection modes 0
Event: 26.060 Protecting memory [0x00007b3b649cf000,0x00007b3b649d3000] with protection modes 0
Event: 27.837 Protecting memory [0x00007b3ae41ad000,0x00007b3ae41b1000] with protection modes 0
Event: 27.837 Protecting memory [0x00007b3ae40ad000,0x00007b3ae40b1000] with protection modes 0
Event: 28.275 Protecting memory [0x00007b3a5d9c9000,0x00007b3a5d9cd000] with protection modes 0
Event: 28.339 Protecting memory [0x00007b3a5cf00000,0x00007b3a5cf04000] with protection modes 0
Event: 28.341 Protecting memory [0x00007b3a5cf00000,0x00007b3a5cf04000] with protection modes 0
Event: 28.341 Protecting memory [0x00007b3a5c300000,0x00007b3a5c304000] with protection modes 0
Event: 28.342 Protecting memory [0x00007b3a5c200000,0x00007b3a5c204000] with protection modes 0
Event: 28.342 Protecting memory [0x00007b3a5c100000,0x00007b3a5c104000] with protection modes 0
Event: 28.343 Protecting memory [0x00007b3a5c000000,0x00007b3a5c004000] with protection modes 0
Event: 28.343 Protecting memory [0x00007b3a4bf00000,0x00007b3a4bf04000] with protection modes 0
Event: 28.371 Protecting memory [0x00007b3a4bd01000,0x00007b3a4bd05000] with protection modes 0
Event: 28.467 Protecting memory [0x00007b3a4b521000,0x00007b3a4b525000] with protection modes 0
Event: 28.688 Protecting memory [0x00007b3a4b421000,0x00007b3a4b425000] with protection modes 0

Nmethod flushes (20 events):
Event: 17.051 Thread 0x00007b3c4c141130 flushing  nmethod 0x00007b3c3620bc10
Event: 17.051 Thread 0x00007b3c4c141130 flushing  nmethod 0x00007b3c3622fa90
Event: 17.052 Thread 0x00007b3c4c141130 flushing  nmethod 0x00007b3c362a6c90
Event: 17.052 Thread 0x00007b3c4c141130 flushing  nmethod 0x00007b3c362af110
Event: 17.052 Thread 0x00007b3c4c141130 flushing  nmethod 0x00007b3c362af590
Event: 17.052 Thread 0x00007b3c4c141130 flushing  nmethod 0x00007b3c362aff10
Event: 17.052 Thread 0x00007b3c4c141130 flushing  nmethod 0x00007b3c362b0590
Event: 17.052 Thread 0x00007b3c4c141130 flushing  nmethod 0x00007b3c362b0b90
Event: 17.052 Thread 0x00007b3c4c141130 flushing  nmethod 0x00007b3c362b6990
Event: 17.052 Thread 0x00007b3c4c141130 flushing  nmethod 0x00007b3c362baf90
Event: 17.052 Thread 0x00007b3c4c141130 flushing  nmethod 0x00007b3c362bbe10
Event: 17.052 Thread 0x00007b3c4c141130 flushing  nmethod 0x00007b3c362bc310
Event: 17.052 Thread 0x00007b3c4c141130 flushing  nmethod 0x00007b3c362bce90
Event: 17.052 Thread 0x00007b3c4c141130 flushing  nmethod 0x00007b3c362c0610
Event: 17.052 Thread 0x00007b3c4c141130 flushing  nmethod 0x00007b3c362cc590
Event: 17.052 Thread 0x00007b3c4c141130 flushing  nmethod 0x00007b3c362dcc10
Event: 17.052 Thread 0x00007b3c4c141130 flushing  nmethod 0x00007b3c362e2510
Event: 17.052 Thread 0x00007b3c4c141130 flushing  nmethod 0x00007b3c362e2c10
Event: 17.052 Thread 0x00007b3c4c141130 flushing  nmethod 0x00007b3c3633c510
Event: 17.052 Thread 0x00007b3c4c141130 flushing  nmethod 0x00007b3c3633c810

Events (20 events):
Event: 16.795 Thread 0x00007b3b4e2f0e40 Thread added: 0x00007b3af004f660
Event: 16.796 Thread 0x00007b3b4e2f0e40 Thread added: 0x00007b3af00505b0
Event: 16.898 Thread 0x00007b3c4c212560 Thread added: 0x00007b3b982ff130
Event: 21.060 Thread 0x00007b3b4e311b80 Thread added: 0x00007b3ab4001940
Event: 23.539 Thread 0x00007b3b4d6d6f60 Thread exited: 0x00007b3b4d6d6f60
Event: 26.060 Thread 0x00007b3ac0001ca0 Thread added: 0x00007b3ab8001800
Event: 27.837 Thread 0x00007b3c4c8a5490 Thread added: 0x00007b3b5461a410
Event: 27.837 Thread 0x00007b3c4c8a5490 Thread added: 0x00007b3b5461af20
Event: 28.275 Thread 0x00007b3c4c8a5490 Thread added: 0x00007b3b546ff300
Event: 28.339 Thread 0x00007b3b5461a410 Thread added: 0x00007b3a4c00a240
Event: 28.339 Thread 0x00007b3a4c00a240 Thread exited: 0x00007b3a4c00a240
Event: 28.341 Thread 0x00007b3c4c8a5490 Thread added: 0x00007b3b54756a40
Event: 28.341 Thread 0x00007b3c4c8a5490 Thread added: 0x00007b3b5474b000
Event: 28.342 Thread 0x00007b3c4c8a5490 Thread added: 0x00007b3b5474bb30
Event: 28.342 Thread 0x00007b3c4c8a5490 Thread added: 0x00007b3b54751140
Event: 28.343 Thread 0x00007b3c4c8a5490 Thread added: 0x00007b3b5475b850
Event: 28.343 Thread 0x00007b3c4c8a5490 Thread added: 0x00007b3b5475ca80
Event: 28.370 Thread 0x00007b3c4c8a5490 Thread added: 0x00007b3b547685d0
Event: 28.467 Thread 0x00007b3b547685d0 Thread added: 0x00007b3a6403e040
Event: 28.688 Thread 0x00007b3c4c8a5490 Thread added: 0x00007b3b5450bda0


Dynamic libraries:
8ec00000-98300000 rw-p 00000000 00:00 0 
98300000-ffe00000 ---p 00000000 00:00 0 
ffe00000-ffe75000 rw-p 00c7a000 103:02 14432683                          /usr/lib/jvm/java-17-openjdk-amd64/lib/server/classes.jsa
ffe75000-fff00000 rw-p 00000000 00:00 0 
fff00000-fff78000 rw-p 00c02000 103:02 14432683                          /usr/lib/jvm/java-17-openjdk-amd64/lib/server/classes.jsa
fff78000-100000000 rw-p 00000000 00:00 0 
64dc4df41000-64dc4df42000 r--p 00000000 103:02 14432529                  /usr/lib/jvm/java-17-openjdk-amd64/bin/java
64dc4df42000-64dc4df43000 r-xp 00001000 103:02 14432529                  /usr/lib/jvm/java-17-openjdk-amd64/bin/java
64dc4df43000-64dc4df44000 r--p 00002000 103:02 14432529                  /usr/lib/jvm/java-17-openjdk-amd64/bin/java
64dc4df44000-64dc4df45000 r--p 00002000 103:02 14432529                  /usr/lib/jvm/java-17-openjdk-amd64/bin/java
64dc4df45000-64dc4df46000 rw-p 00003000 103:02 14432529                  /usr/lib/jvm/java-17-openjdk-amd64/bin/java
64dc87c6e000-64dc87cbb000 rw-p 00000000 00:00 0                          [heap]
7b3a44000000-7b3a44021000 rw-p 00000000 00:00 0 
7b3a44021000-7b3a48000000 ---p 00000000 00:00 0 
7b3a4b421000-7b3a4b425000 ---p 00000000 00:00 0 
7b3a4b425000-7b3a4b521000 rw-p 00000000 00:00 0 
7b3a4b521000-7b3a4b525000 ---p 00000000 00:00 0 
7b3a4b525000-7b3a4b621000 rw-p 00000000 00:00 0 
7b3a4b621000-7b3a4b62b000 r--p 00000000 103:02 13905288                  /usr/lib/x86_64-linux-gnu/libgmp.so.10.5.0
7b3a4b62b000-7b3a4b68e000 r-xp 0000a000 103:02 13905288                  /usr/lib/x86_64-linux-gnu/libgmp.so.10.5.0
7b3a4b68e000-7b3a4b6a3000 r--p 0006d000 103:02 13905288                  /usr/lib/x86_64-linux-gnu/libgmp.so.10.5.0
7b3a4b6a3000-7b3a4b6a4000 r--p 00081000 103:02 13905288                  /usr/lib/x86_64-linux-gnu/libgmp.so.10.5.0
7b3a4b6a4000-7b3a4b6a5000 rw-p 00082000 103:02 13905288                  /usr/lib/x86_64-linux-gnu/libgmp.so.10.5.0
7b3a4b6a5000-7b3a4b6ad000 r--p 00000000 103:02 13905357                  /usr/lib/x86_64-linux-gnu/libhogweed.so.6.8
7b3a4b6ad000-7b3a4b6c1000 r-xp 00008000 103:02 13905357                  /usr/lib/x86_64-linux-gnu/libhogweed.so.6.8
7b3a4b6c1000-7b3a4b6ea000 r--p 0001c000 103:02 13905357                  /usr/lib/x86_64-linux-gnu/libhogweed.so.6.8
7b3a4b6ea000-7b3a4b6ec000 r--p 00044000 103:02 13905357                  /usr/lib/x86_64-linux-gnu/libhogweed.so.6.8
7b3a4b6ec000-7b3a4b6ed000 rw-p 00046000 103:02 13905357                  /usr/lib/x86_64-linux-gnu/libhogweed.so.6.8
7b3a4b6ed000-7b3a4b6fe000 r--p 00000000 103:02 13905696                  /usr/lib/x86_64-linux-gnu/libunistring.so.5.0.0
7b3a4b6fe000-7b3a4b735000 r-xp 00011000 103:02 13905696                  /usr/lib/x86_64-linux-gnu/libunistring.so.5.0.0
7b3a4b735000-7b3a4b895000 r--p 00048000 103:02 13905696                  /usr/lib/x86_64-linux-gnu/libunistring.so.5.0.0
7b3a4b895000-7b3a4b899000 r--p 001a8000 103:02 13905696                  /usr/lib/x86_64-linux-gnu/libunistring.so.5.0.0
7b3a4b899000-7b3a4b89a000 rw-p 001ac000 103:02 13905696                  /usr/lib/x86_64-linux-gnu/libunistring.so.5.0.0
7b3a4b89a000-7b3a4b8d2000 r--p 00000000 103:02 13905526                  /usr/lib/x86_64-linux-gnu/libp11-kit.so.0.3.1
7b3a4b8d2000-7b3a4b9a4000 r-xp 00038000 103:02 13905526                  /usr/lib/x86_64-linux-gnu/libp11-kit.so.0.3.1
7b3a4b9a4000-7b3a4ba23000 r--p 0010a000 103:02 13905526                  /usr/lib/x86_64-linux-gnu/libp11-kit.so.0.3.1
7b3a4ba23000-7b3a4ba30000 r--p 00188000 103:02 13905526                  /usr/lib/x86_64-linux-gnu/libp11-kit.so.0.3.1
7b3a4ba30000-7b3a4ba3d000 rw-p 00195000 103:02 13905526                  /usr/lib/x86_64-linux-gnu/libp11-kit.so.0.3.1
7b3a4ba3d000-7b3a4ba3e000 rw-p 00000000 00:00 0 
7b3a4ba3e000-7b3a4ba5e000 r--p 00000000 103:02 13905412                  /usr/lib/x86_64-linux-gnu/libkrb5.so.3.3
7b3a4ba5e000-7b3a4babf000 r-xp 00020000 103:02 13905412                  /usr/lib/x86_64-linux-gnu/libkrb5.so.3.3
7b3a4babf000-7b3a4baf8000 r--p 00081000 103:02 13905412                  /usr/lib/x86_64-linux-gnu/libkrb5.so.3.3
7b3a4baf8000-7b3a4bb05000 r--p 000ba000 103:02 13905412                  /usr/lib/x86_64-linux-gnu/libkrb5.so.3.3
7b3a4bb05000-7b3a4bb07000 rw-p 000c7000 103:02 13905412                  /usr/lib/x86_64-linux-gnu/libkrb5.so.3.3
7b3a4bb07000-7b3a4bb3a000 r--p 00000000 103:02 13905299                  /usr/lib/x86_64-linux-gnu/libgnutls.so.30.37.1
7b3a4bb3a000-7b3a4bc73000 r-xp 00033000 103:02 13905299                  /usr/lib/x86_64-linux-gnu/libgnutls.so.30.37.1
7b3a4bc73000-7b3a4bcec000 r--p 0016c000 103:02 13905299                  /usr/lib/x86_64-linux-gnu/libgnutls.so.30.37.1
7b3a4bcec000-7b3a4bcfc000 r--p 001e4000 103:02 13905299                  /usr/lib/x86_64-linux-gnu/libgnutls.so.30.37.1
7b3a4bcfc000-7b3a4bcfe000 rw-p 001f4000 103:02 13905299                  /usr/lib/x86_64-linux-gnu/libgnutls.so.30.37.1
7b3a4bcfe000-7b3a4bd01000 rw-p 00000000 00:00 0 
7b3a4bd01000-7b3a4bd05000 ---p 00000000 00:00 0 
7b3a4bd05000-7b3a4be01000 rw-p 00000000 00:00 0 
7b3a4be01000-7b3a4be2b000 r--p 00000000 103:02 14432648                  /usr/lib/jvm/java-17-openjdk-amd64/lib/libawt.so
7b3a4be2b000-7b3a4bec2000 r-xp 0002a000 103:02 14432648                  /usr/lib/jvm/java-17-openjdk-amd64/lib/libawt.so
7b3a4bec2000-7b3a4becf000 r--p 000c1000 103:02 14432648                  /usr/lib/jvm/java-17-openjdk-amd64/lib/libawt.so
7b3a4becf000-7b3a4bed0000 r--p 000cd000 103:02 14432648                  /usr/lib/jvm/java-17-openjdk-amd64/lib/libawt.so
7b3a4bed0000-7b3a4bedb000 rw-p 000ce000 103:02 14432648                  /usr/lib/jvm/java-17-openjdk-amd64/lib/libawt.so
7b3a4bedb000-7b3a4bf00000 rw-p 00000000 00:00 0 
7b3a4bf00000-7b3a4bf04000 ---p 00000000 00:00 0 
7b3a4bf04000-7b3a4c000000 rw-p 00000000 00:00 0 
7b3a4c000000-7b3a4c030000 rw-p 00000000 00:00 0 
7b3a4c030000-7b3a50000000 ---p 00000000 00:00 0 
7b3a50000000-7b3a50021000 rw-p 00000000 00:00 0 
7b3a50021000-7b3a54000000 ---p 00000000 00:00 0 
7b3a54000000-7b3a54021000 rw-p 00000000 00:00 0 
7b3a54021000-7b3a58000000 ---p 00000000 00:00 0 
7b3a58000000-7b3a58021000 rw-p 00000000 00:00 0 
7b3a58021000-7b3a5c004000 ---p 00000000 00:00 0 
7b3a5c004000-7b3a5c100000 rw-p 00000000 00:00 0 
7b3a5c100000-7b3a5c104000 ---p 00000000 00:00 0 
7b3a5c104000-7b3a5c200000 rw-p 00000000 00:00 0 
7b3a5c200000-7b3a5c204000 ---p 00000000 00:00 0 
7b3a5c204000-7b3a5c300000 rw-p 00000000 00:00 0 
7b3a5c300000-7b3a5c304000 ---p 00000000 00:00 0 
7b3a5c304000-7b3a5c400000 rw-p 00000000 00:00 0 
7b3a5c400000-7b3a5ce4a000 r--p 00000000 103:02 13923196                  /usr/share/fonts/truetype/noto/NotoColorEmoji.ttf
7b3a5ce60000-7b3a5ce63000 r--p 00000000 103:02 13896109                  /usr/lib/x86_64-linux-gnu/libresolv.so.2
7b3a5ce63000-7b3a5ce6d000 r-xp 00003000 103:02 13896109                  /usr/lib/x86_64-linux-gnu/libresolv.so.2
7b3a5ce6d000-7b3a5ce6f000 r--p 0000d000 103:02 13896109                  /usr/lib/x86_64-linux-gnu/libresolv.so.2
7b3a5ce6f000-7b3a5ce70000 r--p 0000f000 103:02 13896109                  /usr/lib/x86_64-linux-gnu/libresolv.so.2
7b3a5ce70000-7b3a5ce71000 rw-p 00010000 103:02 13896109                  /usr/lib/x86_64-linux-gnu/libresolv.so.2
7b3a5ce71000-7b3a5ce73000 rw-p 00000000 00:00 0 
7b3a5ce73000-7b3a5ce7f000 r--p 00000000 103:02 13905478                  /usr/lib/x86_64-linux-gnu/libnettle.so.8.8
7b3a5ce7f000-7b3a5ceae000 r-xp 0000c000 103:02 13905478                  /usr/lib/x86_64-linux-gnu/libnettle.so.8.8
7b3a5ceae000-7b3a5cec5000 r--p 0003b000 103:02 13905478                  /usr/lib/x86_64-linux-gnu/libnettle.so.8.8
7b3a5cec5000-7b3a5cec7000 r--p 00051000 103:02 13905478                  /usr/lib/x86_64-linux-gnu/libnettle.so.8.8
7b3a5cec7000-7b3a5cec8000 rw-p 00053000 103:02 13905478                  /usr/lib/x86_64-linux-gnu/libnettle.so.8.8
7b3a5cec8000-7b3a5cecb000 r--p 00000000 103:02 13905661                  /usr/lib/x86_64-linux-gnu/libtasn1.so.6.6.3
7b3a5cecb000-7b3a5ced9000 r-xp 00003000 103:02 13905661                  /usr/lib/x86_64-linux-gnu/libtasn1.so.6.6.3
7b3a5ced9000-7b3a5cedc000 r--p 00011000 103:02 13905661                  /usr/lib/x86_64-linux-gnu/libtasn1.so.6.6.3
7b3a5cedc000-7b3a5cedd000 r--p 00014000 103:02 13905661                  /usr/lib/x86_64-linux-gnu/libtasn1.so.6.6.3
7b3a5cedd000-7b3a5cede000 rw-p 00015000 103:02 13905661                  /usr/lib/x86_64-linux-gnu/libtasn1.so.6.6.3
7b3a5cede000-7b3a5cee0000 r--p 00000000 103:02 13905379                  /usr/lib/x86_64-linux-gnu/libidn2.so.0.4.0
7b3a5cee0000-7b3a5cee4000 r-xp 00002000 103:02 13905379                  /usr/lib/x86_64-linux-gnu/libidn2.so.0.4.0
7b3a5cee4000-7b3a5cefe000 r--p 00006000 103:02 13905379                  /usr/lib/x86_64-linux-gnu/libidn2.so.0.4.0
7b3a5cefe000-7b3a5ceff000 r--p 0001f000 103:02 13905379                  /usr/lib/x86_64-linux-gnu/libidn2.so.0.4.0
7b3a5ceff000-7b3a5cf00000 rw-p 00020000 103:02 13905379                  /usr/lib/x86_64-linux-gnu/libidn2.so.0.4.0
7b3a5cf00000-7b3a5cf04000 ---p 00000000 00:00 0 
7b3a5cf04000-7b3a5d000000 rw-p 00000000 00:00 0 
7b3a5d000000-7b3a5d343000 r--p 00000000 103:02 13923495                  /usr/share/fonts/truetype/noto/NotoSerifTangut-Regular.ttf
7b3a5d34b000-7b3a5d34d000 r--p 00000000 103:02 13905409                  /usr/lib/x86_64-linux-gnu/libkeyutils.so.1.10
7b3a5d34d000-7b3a5d34f000 r-xp 00002000 103:02 13905409                  /usr/lib/x86_64-linux-gnu/libkeyutils.so.1.10
7b3a5d34f000-7b3a5d350000 r--p 00004000 103:02 13905409                  /usr/lib/x86_64-linux-gnu/libkeyutils.so.1.10
7b3a5d350000-7b3a5d351000 r--p 00004000 103:02 13905409                  /usr/lib/x86_64-linux-gnu/libkeyutils.so.1.10
7b3a5d351000-7b3a5d352000 rw-p 00005000 103:02 13905409                  /usr/lib/x86_64-linux-gnu/libkeyutils.so.1.10
7b3a5d352000-7b3a5d355000 r--p 00000000 103:02 13905413                  /usr/lib/x86_64-linux-gnu/libkrb5support.so.0.1
7b3a5d355000-7b3a5d35b000 r-xp 00003000 103:02 13905413                  /usr/lib/x86_64-linux-gnu/libkrb5support.so.0.1
7b3a5d35b000-7b3a5d35d000 r--p 00009000 103:02 13905413                  /usr/lib/x86_64-linux-gnu/libkrb5support.so.0.1
7b3a5d35d000-7b3a5d35e000 r--p 0000a000 103:02 13905413                  /usr/lib/x86_64-linux-gnu/libkrb5support.so.0.1
7b3a5d35e000-7b3a5d35f000 rw-p 0000b000 103:02 13905413                  /usr/lib/x86_64-linux-gnu/libkrb5support.so.0.1
7b3a5d35f000-7b3a5d363000 r--p 00000000 103:02 13905408                  /usr/lib/x86_64-linux-gnu/libk5crypto.so.3.1
7b3a5d363000-7b3a5d37e000 r-xp 00004000 103:02 13905408                  /usr/lib/x86_64-linux-gnu/libk5crypto.so.3.1
7b3a5d37e000-7b3a5d389000 r--p 0001f000 103:02 13905408                  /usr/lib/x86_64-linux-gnu/libk5crypto.so.3.1
7b3a5d389000-7b3a5d38a000 r--p 0002a000 103:02 13905408                  /usr/lib/x86_64-linux-gnu/libk5crypto.so.3.1
7b3a5d38a000-7b3a5d38b000 rw-p 0002b000 103:02 13905408                  /usr/lib/x86_64-linux-gnu/libk5crypto.so.3.1
7b3a5d38b000-7b3a5d38f000 r--p 00000000 103:02 13905091                  /usr/lib/x86_64-linux-gnu/libavahi-client.so.3.2.9
7b3a5d38f000-7b3a5d398000 r-xp 00004000 103:02 13905091                  /usr/lib/x86_64-linux-gnu/libavahi-client.so.3.2.9
7b3a5d398000-7b3a5d39c000 r--p 0000d000 103:02 13905091                  /usr/lib/x86_64-linux-gnu/libavahi-client.so.3.2.9
7b3a5d39c000-7b3a5d39d000 r--p 00010000 103:02 13905091                  /usr/lib/x86_64-linux-gnu/libavahi-client.so.3.2.9
7b3a5d39d000-7b3a5d39e000 rw-p 00011000 103:02 13905091                  /usr/lib/x86_64-linux-gnu/libavahi-client.so.3.2.9
7b3a5d39e000-7b3a5d3a1000 r--p 00000000 103:02 13905092                  /usr/lib/x86_64-linux-gnu/libavahi-common.so.3.5.4
7b3a5d3a1000-7b3a5d3a7000 r-xp 00003000 103:02 13905092                  /usr/lib/x86_64-linux-gnu/libavahi-common.so.3.5.4
7b3a5d3a7000-7b3a5d3aa000 r--p 00009000 103:02 13905092                  /usr/lib/x86_64-linux-gnu/libavahi-common.so.3.5.4
7b3a5d3aa000-7b3a5d3ab000 r--p 0000b000 103:02 13905092                  /usr/lib/x86_64-linux-gnu/libavahi-common.so.3.5.4
7b3a5d3ab000-7b3a5d3ac000 rw-p 0000c000 103:02 13905092                  /usr/lib/x86_64-linux-gnu/libavahi-common.so.3.5.4
7b3a5d3ac000-7b3a5d3b8000 r--p 00000000 103:02 13905315                  /usr/lib/x86_64-linux-gnu/libgssapi_krb5.so.2.2
7b3a5d3b8000-7b3a5d3f2000 r-xp 0000c000 103:02 13905315                  /usr/lib/x86_64-linux-gnu/libgssapi_krb5.so.2.2
7b3a5d3f2000-7b3a5d3fc000 r--p 00046000 103:02 13905315                  /usr/lib/x86_64-linux-gnu/libgssapi_krb5.so.2.2
7b3a5d3fc000-7b3a5d3fe000 r--p 0004f000 103:02 13905315                  /usr/lib/x86_64-linux-gnu/libgssapi_krb5.so.2.2
7b3a5d3fe000-7b3a5d400000 rw-p 00051000 103:02 13905315                  /usr/lib/x86_64-linux-gnu/libgssapi_krb5.so.2.2
7b3a5d400000-7b3a5d8f9000 r--p 00000000 103:02 13923398                  /usr/share/fonts/truetype/noto/NotoSansSignWriting-Regular.ttf
7b3a5d8fb000-7b3a5d8fd000 r--p 00000000 103:02 13905152                  /usr/lib/x86_64-linux-gnu/libcom_err.so.2.1
7b3a5d8fd000-7b3a5d8fe000 r-xp 00002000 103:02 13905152                  /usr/lib/x86_64-linux-gnu/libcom_err.so.2.1
7b3a5d8fe000-7b3a5d8ff000 r--p 00003000 103:02 13905152                  /usr/lib/x86_64-linux-gnu/libcom_err.so.2.1
7b3a5d8ff000-7b3a5d900000 r--p 00003000 103:02 13905152                  /usr/lib/x86_64-linux-gnu/libcom_err.so.2.1
7b3a5d900000-7b3a5d901000 rw-p 00004000 103:02 13905152                  /usr/lib/x86_64-linux-gnu/libcom_err.so.2.1
7b3a5d901000-7b3a5d91e000 r--p 00000000 103:02 13895807                  /usr/lib/x86_64-linux-gnu/libcups.so.2
7b3a5d91e000-7b3a5d97c000 r-xp 0001d000 103:02 13895807                  /usr/lib/x86_64-linux-gnu/libcups.so.2
7b3a5d97c000-7b3a5d997000 r--p 0007b000 103:02 13895807                  /usr/lib/x86_64-linux-gnu/libcups.so.2
7b3a5d997000-7b3a5d9a0000 r--p 00096000 103:02 13895807                  /usr/lib/x86_64-linux-gnu/libcups.so.2
7b3a5d9a0000-7b3a5d9a1000 rw-p 0009f000 103:02 13895807                  /usr/lib/x86_64-linux-gnu/libcups.so.2
7b3a5d9b1000-7b3a5d9b4000 r--p 00000000 103:02 14432649                  /usr/lib/jvm/java-17-openjdk-amd64/lib/libawt_headless.so
7b3a5d9b4000-7b3a5d9b8000 r-xp 00003000 103:02 14432649                  /usr/lib/jvm/java-17-openjdk-amd64/lib/libawt_headless.so
7b3a5d9b8000-7b3a5d9ba000 r--p 00007000 103:02 14432649                  /usr/lib/jvm/java-17-openjdk-amd64/lib/libawt_headless.so
7b3a5d9ba000-7b3a5d9bb000 r--p 00008000 103:02 14432649                  /usr/lib/jvm/java-17-openjdk-amd64/lib/libawt_headless.so
7b3a5d9bb000-7b3a5d9bc000 rw-p 00009000 103:02 14432649                  /usr/lib/jvm/java-17-openjdk-amd64/lib/libawt_headless.so
7b3a5d9bc000-7b3a5d9c0000 r--p 00000000 103:02 17563744                  /tmp/jSerialComm/1763559251785-libjSerialComm.so
7b3a5d9c0000-7b3a5d9c5000 r-xp 00004000 103:02 17563744                  /tmp/jSerialComm/1763559251785-libjSerialComm.so
7b3a5d9c5000-7b3a5d9c7000 r--p 00009000 103:02 17563744                  /tmp/jSerialComm/1763559251785-libjSerialComm.so
7b3a5d9c7000-7b3a5d9c8000 r--p 0000a000 103:02 17563744                  /tmp/jSerialComm/1763559251785-libjSerialComm.so
7b3a5d9c8000-7b3a5d9c9000 rw-p 0000b000 103:02 17563744                  /tmp/jSerialComm/1763559251785-libjSerialComm.so
7b3a5d9c9000-7b3a5d9cd000 ---p 00000000 00:00 0 
7b3a5d9cd000-7b3a5d9eb000 rw-p 00000000 00:00 0 
7b3a5d9eb000-7b3a5d9ef000 r--p 00000000 103:02 13923421                  /usr/share/fonts/truetype/noto/NotoSansTamilSupplement-Regular.ttf
7b3a5d9ef000-7b3a5d9f6000 r--p 00000000 103:02 13923463                  /usr/share/fonts/truetype/noto/NotoSerifDogra-Regular.ttf
7b3a5d9f6000-7b3a5d9f9000 r--p 00000000 103:02 13923393                  /usr/share/fonts/truetype/noto/NotoSansSamaritan-Regular.ttf
7b3a5d9f9000-7b3a5d9fd000 r--p 00000000 103:02 13923380                  /usr/share/fonts/truetype/noto/NotoSansOldTurkic-Regular.ttf
7b3a5d9fd000-7b3a5da05000 r--p 00000000 103:02 13923316                  /usr/share/fonts/truetype/noto/NotoSansIndicSiyaqNumbers-Regular.ttf
7b3a5da05000-7b3a5da94000 r--p 00000000 103:02 13923294                  /usr/share/fonts/truetype/noto/NotoSansEgyptianHieroglyphs-Regular.ttf
7b3a5da94000-7b3a5dacc000 r--p 00000000 103:02 13923256                  /usr/share/fonts/truetype/noto/NotoSansAnatolianHieroglyphs-Regular.ttf
7b3a5dacc000-7b3a5dae0000 r--p 00000000 103:02 13923241                  /usr/share/fonts/truetype/noto/NotoMusic-Regular.ttf
7b3a5dae0000-7b3a5daee000 r--p 00000000 103:02 13923373                  /usr/share/fonts/truetype/noto/NotoSansOldHungarian-Regular.ttf
7b3a5daee000-7b3a5daf3000 r--p 00000000 103:02 13923451                  /usr/share/fonts/truetype/noto/NotoSerifAhom-Regular.ttf
7b3a5daf3000-7b3a5db94000 r--p 00000000 103:02 13923410                  /usr/share/fonts/truetype/noto/NotoSansSymbols2-Regular.ttf
7b3a5db94000-7b3a5dc24000 r--p 00000000 103:02 13923500                  /usr/share/fonts/truetype/noto/NotoSerifTibetan-Bold.ttf
7b3a5dc24000-7b3a5dc64000 r--p 00000000 103:02 13923408                  /usr/share/fonts/truetype/noto/NotoSansSymbols-Bold.ttf
7b3a5dc64000-7b3a5dd12000 r--p 00000000 103:02 13923163                  /usr/share/fonts/truetype/dejavu/DejaVuSans-Bold.ttf
7b3a5dd12000-7b3a5dd1c000 r--p 00000000 103:02 13923426                  /usr/share/fonts/truetype/noto/NotoSansThai-Bold.ttf
7b3a5dd1c000-7b3a5dd4e000 r--p 00000000 103:02 13923422                  /usr/share/fonts/truetype/noto/NotoSansTelugu-Bold.ttf
7b3a5dd4e000-7b3a5dd61000 r--p 00000000 103:02 13923419                  /usr/share/fonts/truetype/noto/NotoSansTamil-Bold.ttf
7b3a5dd61000-7b3a5dd79000 r--p 00000000 103:02 13923415                  /usr/share/fonts/truetype/noto/NotoSansTaiTham-Bold.ttf
7b3a5dd79000-7b3a5dd7f000 r--p 00000000 103:02 13923405                  /usr/share/fonts/truetype/noto/NotoSansSundanese-Bold.ttf
7b3a5dd7f000-7b3a5ddd2000 r--p 00000000 103:02 13923399                  /usr/share/fonts/truetype/noto/NotoSansSinhala-Bold.ttf
7b3a5ddd2000-7b3a5dde9000 r--p 00000000 103:02 13923381                  /usr/share/fonts/truetype/noto/NotoSansOriya-Bold.ttf
7b3a5dde9000-7b3a5de1d000 r--p 00000000 103:02 13923363                  /usr/share/fonts/truetype/noto/NotoSansMyanmar-Bold.ttf
7b3a5de1d000-7b3a5de22000 r--p 00000000 103:02 13923352                  /usr/share/fonts/truetype/noto/NotoSansMeeteiMayek-Bold.ttf
7b3a5de22000-7b3a5de2a000 r--p 00000000 103:02 13923350                  /usr/share/fonts/truetype/noto/NotoSansMedefaidrin-Bold.ttf
7b3a5de2a000-7b3a5de47000 r--p 00000000 103:02 13923342                  /usr/share/fonts/truetype/noto/NotoSansMalayalam-Bold.ttf
7b3a5de47000-7b3a5de4f000 r--p 00000000 103:02 13923331                  /usr/share/fonts/truetype/noto/NotoSansLao-Bold.ttf
7b3a5de4f000-7b3a5de6b000 r--p 00000000 103:02 13923327                  /usr/share/fonts/truetype/noto/NotoSansKhmer-Bold.ttf
7b3a5de6b000-7b3a5de92000 r--p 00000000 103:02 13923322                  /usr/share/fonts/truetype/noto/NotoSansKannada-Bold.ttf
7b3a5de92000-7b3a5deb0000 r--p 00000000 103:02 13923319                  /usr/share/fonts/truetype/noto/NotoSansJavanese-Bold.ttf
7b3a5deb0000-7b3a5deb7000 r--p 00000000 103:02 13923313                  /usr/share/fonts/truetype/noto/NotoSansHebrew-Bold.ttf
7b3a5deb7000-7b3a5dec4000 r--p 00000000 103:02 13923307                  /usr/share/fonts/truetype/noto/NotoSansGurmukhi-Bold.ttf
7b3a5dec4000-7b3a5def6000 r--p 00000000 103:02 13923304                  /usr/share/fonts/truetype/noto/NotoSansGujarati-Bold.ttf
7b3a5def6000-7b3a5df04000 r--p 00000000 103:02 13923299                  /usr/share/fonts/truetype/noto/NotoSansGeorgian-Bold.ttf
7b3a5df04000-7b3a5df58000 r--p 00000000 103:02 13923297                  /usr/share/fonts/truetype/noto/NotoSansEthiopic-Bold.ttf
7b3a5df58000-7b3a5df93000 r--p 00000000 103:02 13923287                  /usr/share/fonts/truetype/noto/NotoSansDevanagari-Bold.ttf
7b3a5df93000-7b3a5dfae000 r--p 00000000 103:02 13923281                  /usr/share/fonts/truetype/noto/NotoSansCherokee-Bold.ttf
7b3a5dfae000-7b3a5dfb6000 r--p 00000000 103:02 13923279                  /usr/share/fonts/truetype/noto/NotoSansCham-Bold.ttf
7b3a5dfb6000-7b3a5dfcc000 r--p 00000000 103:02 13923274                  /usr/share/fonts/truetype/noto/NotoSansCanadianAboriginal-Bold.ttf
7b3a5dfcc000-7b3a5e000000 r--p 00000000 103:02 13923268                  /usr/share/fonts/truetype/noto/NotoSansBengali-Bold.ttf
7b3a5e000000-7b3a60000000 rw-s 00000000 00:01 1245189                    /SYSV00000000 (deleted)
7b3a60000000-7b3a60021000 rw-p 00000000 00:00 0 
7b3a60021000-7b3a64000000 ---p 00000000 00:00 0 
7b3a64000000-7b3a64049000 rw-p 00000000 00:00 0 
7b3a64049000-7b3a68000000 ---p 00000000 00:00 0 
7b3a68000000-7b3a6c000000 rw-s 00000000 00:01 19889                      /memfd:pulseaudio (deleted)
7b3a6c000000-7b3a6c021000 rw-p 00000000 00:00 0 
7b3a6c021000-7b3a70000000 ---p 00000000 00:00 0 
7b3a70000000-7b3a70021000 rw-p 00000000 00:00 0 
7b3a70021000-7b3a74000000 ---p 00000000 00:00 0 
7b3a74000000-7b3a74061000 rw-p 00000000 00:00 0 
7b3a74061000-7b3a78000000 ---p 00000000 00:00 0 
7b3a78000000-7b3a78021000 rw-p 00000000 00:00 0 
7b3a78021000-7b3a7c000000 ---p 00000000 00:00 0 
7b3a7c000000-7b3a7c021000 rw-p 00000000 00:00 0 
7b3a7c021000-7b3a80000000 ---p 00000000 00:00 0 
7b3a80000000-7b3a80021000 rw-p 00000000 00:00 0 
7b3a80021000-7b3a84000000 ---p 00000000 00:00 0 
7b3a84000000-7b3a84021000 rw-p 00000000 00:00 0 
7b3a84021000-7b3a88000000 ---p 00000000 00:00 0 
7b3a88000000-7b3a88021000 rw-p 00000000 00:00 0 
7b3a88021000-7b3a8c000000 ---p 00000000 00:00 0 
7b3a8c000000-7b3a8c021000 rw-p 00000000 00:00 0 
7b3a8c021000-7b3a90000000 ---p 00000000 00:00 0 
7b3a90000000-7b3a90021000 rw-p 00000000 00:00 0 
7b3a90021000-7b3a94000000 ---p 00000000 00:00 0 
7b3a94000000-7b3a94021000 rw-p 00000000 00:00 0 
7b3a94021000-7b3a98000000 ---p 00000000 00:00 0 
7b3a98000000-7b3a98021000 rw-p 00000000 00:00 0 
7b3a98021000-7b3a9c000000 ---p 00000000 00:00 0 
7b3a9c000000-7b3a9c021000 rw-p 00000000 00:00 0 
7b3a9c021000-7b3aa0000000 ---p 00000000 00:00 0 
7b3aa0000000-7b3aa0021000 rw-p 00000000 00:00 0 
7b3aa0021000-7b3aa4000000 ---p 00000000 00:00 0 
7b3aa4000000-7b3aa4021000 rw-p 00000000 00:00 0 
7b3aa4021000-7b3aa8000000 ---p 00000000 00:00 0 
7b3aa8000000-7b3aa8021000 rw-p 00000000 00:00 0 
7b3aa8021000-7b3aac000000 ---p 00000000 00:00 0 
7b3aac000000-7b3aac021000 rw-p 00000000 00:00 0 
7b3aac021000-7b3ab0000000 ---p 00000000 00:00 0 
7b3ab0000000-7b3ab0021000 rw-p 00000000 00:00 0 
7b3ab0021000-7b3ab4000000 ---p 00000000 00:00 0 
7b3ab4000000-7b3ab4021000 rw-p 00000000 00:00 0 
7b3ab4021000-7b3ab8000000 ---p 00000000 00:00 0 
7b3ab8000000-7b3ab8021000 rw-p 00000000 00:00 0 
7b3ab8021000-7b3abc000000 ---p 00000000 00:00 0 
7b3abc000000-7b3abc021000 rw-p 00000000 00:00 0 
7b3abc021000-7b3ac0000000 ---p 00000000 00:00 0 
7b3ac0000000-7b3ac0021000 rw-p 00000000 00:00 0 
7b3ac0021000-7b3ac4000000 ---p 00000000 00:00 0 
7b3ac4000000-7b3ac4021000 rw-p 00000000 00:00 0 
7b3ac4021000-7b3ac8000000 ---p 00000000 00:00 0 
7b3ac8000000-7b3ac8021000 rw-p 00000000 00:00 0 
7b3ac8021000-7b3acc000000 ---p 00000000 00:00 0 
7b3acc000000-7b3acc021000 rw-p 00000000 00:00 0 
7b3acc021000-7b3ad0000000 ---p 00000000 00:00 0 
7b3ad0000000-7b3ad0021000 rw-p 00000000 00:00 0 
7b3ad0021000-7b3ad4000000 ---p 00000000 00:00 0 
7b3ad4000000-7b3ad4021000 rw-p 00000000 00:00 0 
7b3ad4021000-7b3ad8000000 ---p 00000000 00:00 0 
7b3ad8000000-7b3ad8021000 rw-p 00000000 00:00 0 
7b3ad8021000-7b3adc000000 ---p 00000000 00:00 0 
7b3adc000000-7b3adc021000 rw-p 00000000 00:00 0 
7b3adc021000-7b3ae0000000 ---p 00000000 00:00 0 
7b3ae0000000-7b3ae0021000 rw-p 00000000 00:00 0 
7b3ae0021000-7b3ae4000000 ---p 00000000 00:00 0 
7b3ae4000000-7b3ae4038000 r--p 00000000 103:02 13923264                  /usr/share/fonts/truetype/noto/NotoSansBamum-Bold.ttf
7b3ae4038000-7b3ae404f000 r--p 00000000 103:02 13923262                  /usr/share/fonts/truetype/noto/NotoSansBalinese-Bold.ttf
7b3ae404f000-7b3ae4057000 r--p 00000000 103:02 13923259                  /usr/share/fonts/truetype/noto/NotoSansArmenian-Bold.ttf
7b3ae4057000-7b3ae4095000 r--p 00000000 103:02 13923257                  /usr/share/fonts/truetype/noto/NotoSansArabic-Bold.ttf
7b3ae4095000-7b3ae40ad000 r--p 00000000 103:02 13923252                  /usr/share/fonts/truetype/noto/NotoSansAdlam-Bold.ttf
7b3ae40ad000-7b3ae40b1000 ---p 00000000 00:00 0 
7b3ae40b1000-7b3ae41ad000 rw-p 00000000 00:00 0 
7b3ae41ad000-7b3ae41b1000 ---p 00000000 00:00 0 
7b3ae41b1000-7b3ae42ad000 rw-p 00000000 00:00 0 
7b3ae42ad000-7b3ae4367000 r--p 00000000 103:02 13923164                  /usr/share/fonts/truetype/dejavu/DejaVuSans.ttf
7b3ae4367000-7b3ae43f8000 r--p 00000000 103:02 13923348                  /usr/share/fonts/truetype/noto/NotoSansMath-Regular.ttf
7b3ae43f8000-7b3ae43fd000 r--p 00000000 103:02 13923446                  /usr/share/fonts/truetype/noto/NotoSansZanabazarSquare-Regular.ttf
7b3ae43fd000-7b3ae442a000 r--p 00000000 103:02 13923445                  /usr/share/fonts/truetype/noto/NotoSansYi-Regular.ttf
7b3ae442a000-7b3ae4431000 r--p 00000000 103:02 13923444                  /usr/share/fonts/truetype/noto/NotoSansWarangCiti-Regular.ttf
7b3ae4431000-7b3ae4436000 r--p 00000000 103:02 13923443                  /usr/share/fonts/truetype/noto/NotoSansWancho-Regular.ttf
7b3ae4436000-7b3ae444d000 r--p 00000000 103:02 13923442                  /usr/share/fonts/truetype/noto/NotoSansVai-Regular.ttf
7b3ae444d000-7b3ae4465000 r--p 00000000 103:02 13923440                  /usr/share/fonts/truetype/noto/NotoSansTirhuta-Regular.ttf
7b3ae4465000-7b3ae446f000 r--p 00000000 103:02 13923428                  /usr/share/fonts/truetype/noto/NotoSansTifinagh-Regular.ttf
7b3ae446f000-7b3ae4479000 r--p 00000000 103:02 13923427                  /usr/share/fonts/truetype/noto/NotoSansThai-Regular.ttf
7b3ae4479000-7b3ae44a9000 r--p 00000000 103:02 13923423                  /usr/share/fonts/truetype/noto/NotoSansTelugu-Regular.ttf
7b3ae44a9000-7b3ae44af000 r--p 00000000 103:02 13923418                  /usr/share/fonts/truetype/noto/NotoSansTakri-Regular.ttf
7b3ae44af000-7b3ae44c1000 r--p 00000000 103:02 13923420                  /usr/share/fonts/truetype/noto/NotoSansTamil-Regular.ttf
7b3ae44c1000-7b3ae44c9000 r--p 00000000 103:02 13923417                  /usr/share/fonts/truetype/noto/NotoSansTaiViet-Regular.ttf
7b3ae44c9000-7b3ae44e1000 r--p 00000000 103:02 13923416                  /usr/share/fonts/truetype/noto/NotoSansTaiTham-Regular.ttf
7b3ae44e1000-7b3ae451b000 r--p 00000000 103:02 13923411                  /usr/share/fonts/truetype/noto/NotoSansSyriac-Regular.ttf
7b3ae451b000-7b3ae4521000 r--p 00000000 103:02 13923406                  /usr/share/fonts/truetype/noto/NotoSansSundanese-Regular.ttf
7b3ae4521000-7b3ae4532000 r--p 00000000 103:02 13923404                  /usr/share/fonts/truetype/noto/NotoSansSoyombo-Regular.ttf
7b3ae4532000-7b3ae457e000 r--p 00000000 103:02 13923400                  /usr/share/fonts/truetype/noto/NotoSansSinhala-Regular.ttf
7b3ae457e000-7b3ae45a1000 r--p 00000000 103:02 13923397                  /usr/share/fonts/truetype/noto/NotoSansSiddham-Regular.ttf
7b3ae45a1000-7b3ae45ae000 r--p 00000000 103:02 13923395                  /usr/share/fonts/truetype/noto/NotoSansSharada-Regular.ttf
7b3ae45ae000-7b3ae45b7000 r--p 00000000 103:02 13923394                  /usr/share/fonts/truetype/noto/NotoSansSaurashtra-Regular.ttf
7b3ae45b7000-7b3ae45c1000 r--p 00000000 103:02 13923388                  /usr/share/fonts/truetype/noto/NotoSansPhagsPa-Regular.ttf
7b3ae45c1000-7b3ae45c6000 r--p 00000000 103:02 13923385                  /usr/share/fonts/truetype/noto/NotoSansPahawhHmong-Regular.ttf
7b3ae45c6000-7b3ae45cc000 r--p 00000000 103:02 13923383                  /usr/share/fonts/truetype/noto/NotoSansOsage-Regular.ttf
7b3ae45cc000-7b3ae45e4000 r--p 00000000 103:02 13923382                  /usr/share/fonts/truetype/noto/NotoSansOriya-Regular.ttf
7b3ae45e4000-7b3ae4601000 r--p 00000000 103:02 13923369                  /usr/share/fonts/truetype/noto/NotoSansNushu-Regular.ttf
7b3ae4601000-7b3ae4626000 r--p 00000000 103:02 13923368                  /usr/share/fonts/truetype/noto/NotoSansNewa-Regular.ttf
7b3ae4626000-7b3ae462b000 r--p 00000000 103:02 13923367                  /usr/share/fonts/truetype/noto/NotoSansNewTaiLue-Regular.ttf
7b3ae462b000-7b3ae4635000 r--p 00000000 103:02 13923365                  /usr/share/fonts/truetype/noto/NotoSansNKo-Regular.ttf
7b3ae4635000-7b3ae4665000 r--p 00000000 103:02 13923364                  /usr/share/fonts/truetype/noto/NotoSansMyanmar-Regular.ttf
7b3ae4665000-7b3ae46a1000 r--p 00000000 103:02 13923358                  /usr/share/fonts/truetype/noto/NotoSansMongolian-Regular.ttf
7b3ae46a1000-7b3ae46ac000 r--p 00000000 103:02 13923357                  /usr/share/fonts/truetype/noto/NotoSansModi-Regular.ttf
7b3ae46ac000-7b3ae46b5000 r--p 00000000 103:02 13923356                  /usr/share/fonts/truetype/noto/NotoSansMiao-Regular.ttf
7b3ae46b5000-7b3ae46be000 r--p 00000000 103:02 13923355                  /usr/share/fonts/truetype/noto/NotoSansMeroitic-Regular.ttf
7b3ae46be000-7b3ae46c7000 r--p 00000000 103:02 13923354                  /usr/share/fonts/truetype/noto/NotoSansMendeKikakui-Regular.ttf
7b3ae46c7000-7b3ae46cc000 r--p 00000000 103:02 13923353                  /usr/share/fonts/truetype/noto/NotoSansMeeteiMayek-Regular.ttf
7b3ae46cc000-7b3ae46d4000 r--p 00000000 103:02 13923351                  /usr/share/fonts/truetype/noto/NotoSansMedefaidrin-Regular.ttf
7b3ae46d4000-7b3ae46dc000 r--p 00000000 103:02 13923347                  /usr/share/fonts/truetype/noto/NotoSansMasaramGondi-Regular.ttf
7b3ae46dc000-7b3ae46fd000 r--p 00000000 103:02 13923346                  /usr/share/fonts/truetype/noto/NotoSansMarchen-Regular.ttf
7b3ae46fd000-7b3ae470a000 r--p 00000000 103:02 13923345                  /usr/share/fonts/truetype/noto/NotoSansManichaean-Regular.ttf
7b3ae470a000-7b3ae4725000 r--p 00000000 103:02 13923343                  /usr/share/fonts/truetype/noto/NotoSansMalayalam-Regular.ttf
7b3ae4725000-7b3ae4735000 r--p 00000000 103:02 13923336                  /usr/share/fonts/truetype/noto/NotoSansLinearB-Regular.ttf
7b3ae4735000-7b3ae4744000 r--p 00000000 103:02 13923335                  /usr/share/fonts/truetype/noto/NotoSansLinearA-Regular.ttf
7b3ae4744000-7b3ae474a000 r--p 00000000 103:02 13923333                  /usr/share/fonts/truetype/noto/NotoSansLepcha-Regular.ttf
7b3ae474a000-7b3ae4752000 r--p 00000000 103:02 13923332                  /usr/share/fonts/truetype/noto/NotoSansLao-Regular.ttf
7b3ae4752000-7b3ae4757000 r--p 00000000 103:02 13923330                  /usr/share/fonts/truetype/noto/NotoSansKhudawadi-Regular.ttf
7b3ae4757000-7b3ae4767000 r--p 00000000 103:02 13923329                  /usr/share/fonts/truetype/noto/NotoSansKhojki-Regular.ttf
7b3ae4767000-7b3ae4783000 r--p 00000000 103:02 13923328                  /usr/share/fonts/truetype/noto/NotoSansKhmer-Regular.ttf
7b3ae4783000-7b3ae478c000 r--p 00000000 103:02 13923326                  /usr/share/fonts/truetype/noto/NotoSansKharoshthi-Regular.ttf
7b3ae478c000-7b3ae47b2000 r--p 00000000 103:02 13923323                  /usr/share/fonts/truetype/noto/NotoSansKannada-Regular.ttf
7b3ae47b2000-7b3ae47c9000 r--p 00000000 103:02 13923321                  /usr/share/fonts/truetype/noto/NotoSansKaithi-Regular.ttf
7b3ae47c9000-7b3ae47e9000 r--p 00000000 103:02 13923320                  /usr/share/fonts/truetype/noto/NotoSansJavanese-Regular.ttf
7b3ae47e9000-7b3ae47f0000 r--p 00000000 103:02 13923314                  /usr/share/fonts/truetype/noto/NotoSansHebrew-Regular.ttf
7b3ae47f0000-7b3ae47fd000 r--p 00000000 103:02 13923308                  /usr/share/fonts/truetype/noto/NotoSansGurmukhi-Regular.ttf
7b3ae47fd000-7b3ae480d000 r--p 00000000 103:02 13923306                  /usr/share/fonts/truetype/noto/NotoSansGunjalaGondi-Regular.ttf
7b3ae480d000-7b3ae4840000 r--p 00000000 103:02 13923305                  /usr/share/fonts/truetype/noto/NotoSansGujarati-Regular.ttf
7b3ae4840000-7b3ae48af000 r--p 00000000 103:02 13923303                  /usr/share/fonts/truetype/noto/NotoSansGrantha-Regular.ttf
7b3ae48af000-7b3ae48b9000 r--p 00000000 103:02 13923301                  /usr/share/fonts/truetype/noto/NotoSansGlagolitic-Regular.ttf
7b3ae48b9000-7b3ae48c6000 r--p 00000000 103:02 13923300                  /usr/share/fonts/truetype/noto/NotoSansGeorgian-Regular.ttf
7b3ae48c6000-7b3ae491a000 r--p 00000000 103:02 13923298                  /usr/share/fonts/truetype/noto/NotoSansEthiopic-Regular.ttf
7b3ae491a000-7b3ae491f000 r--p 00000000 103:02 13923293                  /usr/share/fonts/truetype/noto/NotoSansDuployan-Regular.ttf
7b3ae491f000-7b3ae4957000 r--p 00000000 103:02 13923288                  /usr/share/fonts/truetype/noto/NotoSansDevanagari-Regular.ttf
7b3ae4957000-7b3ae4a20000 r--p 00000000 103:02 13923284                  /usr/share/fonts/truetype/noto/NotoSansCuneiform-Regular.ttf
7b3ae4a20000-7b3ae4a2b000 r--p 00000000 103:02 13923283                  /usr/share/fonts/truetype/noto/NotoSansCoptic-Regular.ttf
7b3ae4a2b000-7b3ae4a43000 r--p 00000000 103:02 13923282                  /usr/share/fonts/truetype/noto/NotoSansCherokee-Regular.ttf
7b3ae4a43000-7b3ae4a52000 r--p 00000000 103:02 13923278                  /usr/share/fonts/truetype/noto/NotoSansChakma-Regular.ttf
7b3ae4a52000-7b3ae4a68000 r--p 00000000 103:02 13923275                  /usr/share/fonts/truetype/noto/NotoSansCanadianAboriginal-Regular.ttf
7b3ae4a68000-7b3ae4aa5000 r--p 00000000 103:02 13923270                  /usr/share/fonts/truetype/noto/NotoSansBhaiksuki-Regular.ttf
7b3ae4aa5000-7b3ae4ad7000 r--p 00000000 103:02 13923269                  /usr/share/fonts/truetype/noto/NotoSansBengali-Regular.ttf
7b3ae4ad7000-7b3ae4b0f000 r--p 00000000 103:02 13923265                  /usr/share/fonts/truetype/noto/NotoSansBamum-Regular.ttf
7b3ae4b0f000-7b3ae4b26000 r--p 00000000 103:02 13923263                  /usr/share/fonts/truetype/noto/NotoSansBalinese-Regular.ttf
7b3ae4b26000-7b3ae4b62000 r--p 00000000 103:02 13923258                  /usr/share/fonts/truetype/noto/NotoSansArabic-Regular.ttf
7b3ae4b62000-7b3ae4b7a000 r--p 00000000 103:02 13923253                  /usr/share/fonts/truetype/noto/NotoSansAdlam-Regular.ttf
7b3ae4b7a000-7b3ae4b7e000 ---p 00000000 00:00 0 
7b3ae4b7e000-7b3ae4c7a000 rw-p 00000000 00:00 0 
7b3ae4c7a000-7b3ae4c7e000 ---p 00000000 00:00 0 
7b3ae4c7e000-7b3ae4d7a000 rw-p 00000000 00:00 0 
7b3ae4d7a000-7b3ae4d7b000 ---p 00000000 00:00 0 
7b3ae4d7b000-7b3ae557b000 rw-p 00000000 00:00 0 
7b3ae557b000-7b3ae5581000 r--p 00000000 103:02 13905454                  /usr/lib/x86_64-linux-gnu/libmp3lame.so.0.0.0
7b3ae5581000-7b3ae55b2000 r-xp 00006000 103:02 13905454                  /usr/lib/x86_64-linux-gnu/libmp3lame.so.0.0.0
7b3ae55b2000-7b3ae55c2000 r--p 00037000 103:02 13905454                  /usr/lib/x86_64-linux-gnu/libmp3lame.so.0.0.0
7b3ae55c2000-7b3ae55c3000 r--p 00047000 103:02 13905454                  /usr/lib/x86_64-linux-gnu/libmp3lame.so.0.0.0
7b3ae55c3000-7b3ae55c4000 rw-p 00048000 103:02 13905454                  /usr/lib/x86_64-linux-gnu/libmp3lame.so.0.0.0
7b3ae55c4000-7b3ae55f1000 rw-p 00000000 00:00 0 
7b3ae55f1000-7b3ae55f6000 r--p 00000000 103:02 13905457                  /usr/lib/x86_64-linux-gnu/libmpg123.so.0.48.2
7b3ae55f6000-7b3ae5631000 r-xp 00005000 103:02 13905457                  /usr/lib/x86_64-linux-gnu/libmpg123.so.0.48.2
7b3ae5631000-7b3ae564b000 r--p 00040000 103:02 13905457                  /usr/lib/x86_64-linux-gnu/libmpg123.so.0.48.2
7b3ae564b000-7b3ae564c000 r--p 0005a000 103:02 13905457                  /usr/lib/x86_64-linux-gnu/libmpg123.so.0.48.2
7b3ae564c000-7b3ae564d000 rw-p 0005b000 103:02 13905457                  /usr/lib/x86_64-linux-gnu/libmpg123.so.0.48.2
7b3ae564d000-7b3ae5650000 r--p 00000000 103:02 13905522                  /usr/lib/x86_64-linux-gnu/libopus.so.0.9.0
7b3ae5650000-7b3ae569a000 r-xp 00003000 103:02 13905522                  /usr/lib/x86_64-linux-gnu/libopus.so.0.9.0
7b3ae569a000-7b3ae56aa000 r--p 0004d000 103:02 13905522                  /usr/lib/x86_64-linux-gnu/libopus.so.0.9.0
7b3ae56aa000-7b3ae56ab000 r--p 0005d000 103:02 13905522                  /usr/lib/x86_64-linux-gnu/libopus.so.0.9.0
7b3ae56ab000-7b3ae56ac000 rw-p 0005e000 103:02 13905522                  /usr/lib/x86_64-linux-gnu/libopus.so.0.9.0
7b3ae56ac000-7b3ae56c0000 r--p 00000000 103:02 13905715                  /usr/lib/x86_64-linux-gnu/libvorbisenc.so.2.0.12
7b3ae56c0000-7b3ae56c3000 r-xp 00014000 103:02 13905715                  /usr/lib/x86_64-linux-gnu/libvorbisenc.so.2.0.12
7b3ae56c3000-7b3ae573a000 r--p 00017000 103:02 13905715                  /usr/lib/x86_64-linux-gnu/libvorbisenc.so.2.0.12
7b3ae573a000-7b3ae5756000 r--p 0008d000 103:02 13905715                  /usr/lib/x86_64-linux-gnu/libvorbisenc.so.2.0.12
7b3ae5756000-7b3ae5757000 rw-p 000a9000 103:02 13905715                  /usr/lib/x86_64-linux-gnu/libvorbisenc.so.2.0.12
7b3ae5757000-7b3ae575f000 r--p 00000000 103:02 13904956                  /usr/lib/x86_64-linux-gnu/libFLAC.so.12.1.0
7b3ae575f000-7b3ae57b1000 r-xp 00008000 103:02 13904956                  /usr/lib/x86_64-linux-gnu/libFLAC.so.12.1.0
7b3ae57b1000-7b3ae57b9000 r--p 0005a000 103:02 13904956                  /usr/lib/x86_64-linux-gnu/libFLAC.so.12.1.0
7b3ae57b9000-7b3ae57ba000 r--p 00062000 103:02 13904956                  /usr/lib/x86_64-linux-gnu/libFLAC.so.12.1.0
7b3ae57ba000-7b3ae57bb000 rw-p 00063000 103:02 13904956                  /usr/lib/x86_64-linux-gnu/libFLAC.so.12.1.0
7b3ae57bb000-7b3ae57c3000 r--p 00000000 103:02 13905632                  /usr/lib/x86_64-linux-gnu/libsndfile.so.1.0.37
7b3ae57c3000-7b3ae5824000 r-xp 00008000 103:02 13905632                  /usr/lib/x86_64-linux-gnu/libsndfile.so.1.0.37
7b3ae5824000-7b3ae583d000 r--p 00069000 103:02 13905632                  /usr/lib/x86_64-linux-gnu/libsndfile.so.1.0.37
7b3ae583d000-7b3ae5840000 r--p 00081000 103:02 13905632                  /usr/lib/x86_64-linux-gnu/libsndfile.so.1.0.37
7b3ae5840000-7b3ae5841000 rw-p 00084000 103:02 13905632                  /usr/lib/x86_64-linux-gnu/libsndfile.so.1.0.37
7b3ae5841000-7b3ae5843000 rw-p 00000000 00:00 0 
7b3ae5843000-7b3ae5855000 r--p 00000000 103:02 13908846                  /usr/lib/x86_64-linux-gnu/pulseaudio/libpulsecommon-16.1.so
7b3ae5855000-7b3ae589f000 r-xp 00012000 103:02 13908846                  /usr/lib/x86_64-linux-gnu/pulseaudio/libpulsecommon-16.1.so
7b3ae589f000-7b3ae58be000 r--p 0005c000 103:02 13908846                  /usr/lib/x86_64-linux-gnu/pulseaudio/libpulsecommon-16.1.so
7b3ae58be000-7b3ae58c0000 r--p 0007a000 103:02 13908846                  /usr/lib/x86_64-linux-gnu/pulseaudio/libpulsecommon-16.1.so
7b3ae58c0000-7b3ae58c1000 rw-p 0007c000 103:02 13908846                  /usr/lib/x86_64-linux-gnu/pulseaudio/libpulsecommon-16.1.so
7b3ae58c1000-7b3ae58c5000 ---p 00000000 00:00 0 
7b3ae58c5000-7b3ae59c1000 rw-p 00000000 00:00 0 
7b3ae59c1000-7b3ae59c5000 ---p 00000000 00:00 0 
7b3ae59c5000-7b3ae5ac1000 rw-p 00000000 00:00 0 
7b3ae5ac1000-7b3ae5ac2000 ---p 00000000 00:00 0 
7b3ae5ac2000-7b3ae62c2000 rw-p 00000000 00:00 0 
7b3ae62c2000-7b3ae62c6000 ---p 00000000 00:00 0 
7b3ae62c6000-7b3ae63c2000 rw-p 00000000 00:00 0 
7b3ae63c2000-7b3ae6440000 r--p 00000000 103:02 13923248                  /usr/share/fonts/truetype/noto/NotoSans-Bold.ttf
7b3ae6440000-7b3ae6444000 ---p 00000000 00:00 0 
7b3ae6444000-7b3ae6540000 rw-p 00000000 00:00 0 
7b3ae6540000-7b3ae6544000 ---p 00000000 00:00 0 
7b3ae6544000-7b3ae6640000 rw-p 00000000 00:00 0 
7b3ae6640000-7b3ae66be000 r--p 00000000 103:02 13923251                  /usr/share/fonts/truetype/noto/NotoSans-Regular.ttf
7b3ae66be000-7b3ae6719000 r--s 00000000 103:02 19174286                  /home/olimjon/.cache/fontconfig/2300eef321c393bfd76478a5c0e95b23-le64.cache-9
7b3ae6719000-7b3ae678b000 r--s 00000000 103:02 19174285                  /home/olimjon/.cache/fontconfig/0bd3dc0958fa2205aaaa8ebb13e2872b-le64.cache-9
7b3ae678c000-7b3ae6794000 r--p 00000000 103:02 13923280                  /usr/share/fonts/truetype/noto/NotoSansCham-Regular.ttf
7b3ae6794000-7b3ae679b000 r--p 00000000 103:02 13923277                  /usr/share/fonts/truetype/noto/NotoSansCaucasianAlbanian-Regular.ttf
7b3ae679b000-7b3ae679e000 r--p 00000000 103:02 13905072                  /usr/lib/x86_64-linux-gnu/libapparmor.so.1.17.1
7b3ae679e000-7b3ae67a7000 r-xp 00003000 103:02 13905072                  /usr/lib/x86_64-linux-gnu/libapparmor.so.1.17.1
7b3ae67a7000-7b3ae67ad000 r--p 0000c000 103:02 13905072                  /usr/lib/x86_64-linux-gnu/libapparmor.so.1.17.1
7b3ae67ad000-7b3ae67ae000 r--p 00012000 103:02 13905072                  /usr/lib/x86_64-linux-gnu/libapparmor.so.1.17.1
7b3ae67ae000-7b3ae67af000 rw-p 00013000 103:02 13905072                  /usr/lib/x86_64-linux-gnu/libapparmor.so.1.17.1
7b3ae67af000-7b3ae67bb000 r--p 00000000 103:02 13905585                  /usr/lib/x86_64-linux-gnu/libpulse.so.0.24.2
7b3ae67bb000-7b3ae67ec000 r-xp 0000c000 103:02 13905585                  /usr/lib/x86_64-linux-gnu/libpulse.so.0.24.2
7b3ae67ec000-7b3ae67fd000 r--p 0003d000 103:02 13905585                  /usr/lib/x86_64-linux-gnu/libpulse.so.0.24.2
7b3ae67fd000-7b3ae67ff000 r--p 0004d000 103:02 13905585                  /usr/lib/x86_64-linux-gnu/libpulse.so.0.24.2
7b3ae67ff000-7b3ae6800000 rw-p 0004f000 103:02 13905585                  /usr/lib/x86_64-linux-gnu/libpulse.so.0.24.2
7b3ae6800000-7b3ae6804000 ---p 00000000 00:00 0 
7b3ae6804000-7b3ae6900000 rw-p 00000000 00:00 0 
7b3ae6900000-7b3ae6904000 ---p 00000000 00:00 0 
7b3ae6904000-7b3ae6a00000 rw-p 00000000 00:00 0 
7b3ae6a00000-7b3ae6a04000 ---p 00000000 00:00 0 
7b3ae6a04000-7b3ae6b00000 rw-p 00000000 00:00 0 
7b3ae6b00000-7b3ae6b04000 ---p 00000000 00:00 0 
7b3ae6b04000-7b3ae6c00000 rw-p 00000000 00:00 0 
7b3ae6c00000-7b3ae6c04000 ---p 00000000 00:00 0 
7b3ae6c04000-7b3ae6d00000 rw-p 00000000 00:00 0 
7b3ae6d00000-7b3ae6d04000 ---p 00000000 00:00 0 
7b3ae6d04000-7b3ae6e00000 rw-p 00000000 00:00 0 
7b3ae6e00000-7b3ae6e04000 ---p 00000000 00:00 0 
7b3ae6e04000-7b3ae6f00000 rw-p 00000000 00:00 0 
7b3ae6f00000-7b3ae6f04000 ---p 00000000 00:00 0 
7b3ae6f04000-7b3ae7000000 rw-p 00000000 00:00 0 
7b3ae7000000-7b3ae7004000 ---p 00000000 00:00 0 
7b3ae7004000-7b3ae7100000 rw-p 00000000 00:00 0 
7b3ae7100000-7b3ae7104000 ---p 00000000 00:00 0 
7b3ae7104000-7b3ae7200000 rw-p 00000000 00:00 0 
7b3ae7200000-7b3ae7204000 ---p 00000000 00:00 0 
7b3ae7204000-7b3ae7300000 rw-p 00000000 00:00 0 
7b3ae7300000-7b3ae7304000 ---p 00000000 00:00 0 
7b3ae7304000-7b3ae7400000 rw-p 00000000 00:00 0 
7b3ae7400000-7b3ae7404000 ---p 00000000 00:00 0 
7b3ae7404000-7b3ae7500000 rw-p 00000000 00:00 0 
7b3ae7500000-7b3ae7504000 ---p 00000000 00:00 0 
7b3ae7504000-7b3ae7600000 rw-p 00000000 00:00 0 
7b3ae7600000-7b3ae7604000 ---p 00000000 00:00 0 
7b3ae7604000-7b3ae7700000 rw-p 00000000 00:00 0 
7b3ae7700000-7b3ae7704000 ---p 00000000 00:00 0 
7b3ae7704000-7b3ae7800000 rw-p 00000000 00:00 0 
7b3ae7800000-7b3ae7804000 ---p 00000000 00:00 0 
7b3ae7804000-7b3ae7900000 rw-p 00000000 00:00 0 
7b3ae7900000-7b3ae7904000 ---p 00000000 00:00 0 
7b3ae7904000-7b3ae7a00000 rw-p 00000000 00:00 0 
7b3ae7a00000-7b3ae7a04000 ---p 00000000 00:00 0 
7b3ae7a04000-7b3ae7b00000 rw-p 00000000 00:00 0 
7b3ae7b00000-7b3ae7b04000 ---p 00000000 00:00 0 
7b3ae7b04000-7b3ae7c00000 rw-p 00000000 00:00 0 
7b3ae7c00000-7b3ae7c04000 ---p 00000000 00:00 0 
7b3ae7c04000-7b3ae7d00000 rw-p 00000000 00:00 0 
7b3ae7d00000-7b3ae7d04000 ---p 00000000 00:00 0 
7b3ae7d04000-7b3ae7e00000 rw-p 00000000 00:00 0 
7b3ae7e00000-7b3ae7e04000 ---p 00000000 00:00 0 
7b3ae7e04000-7b3ae7f00000 rw-p 00000000 00:00 0 
7b3ae7f00000-7b3ae7f04000 ---p 00000000 00:00 0 
7b3ae7f04000-7b3ae8000000 rw-p 00000000 00:00 0 
7b3ae8000000-7b3ae8021000 rw-p 00000000 00:00 0 
7b3ae8021000-7b3aec000000 ---p 00000000 00:00 0 
7b3aec000000-7b3aec021000 rw-p 00000000 00:00 0 
7b3aec021000-7b3af0000000 ---p 00000000 00:00 0 
7b3af0000000-7b3af0057000 rw-p 00000000 00:00 0 
7b3af0057000-7b3af4000000 ---p 00000000 00:00 0 
7b3af4000000-7b3af4021000 rw-p 00000000 00:00 0 
7b3af4021000-7b3af8000000 ---p 00000000 00:00 0 
7b3af8000000-7b3af8021000 rw-p 00000000 00:00 0 
7b3af8021000-7b3afc000000 ---p 00000000 00:00 0 
7b3afc000000-7b3afc021000 rw-p 00000000 00:00 0 
7b3afc021000-7b3b00000000 ---p 00000000 00:00 0 
7b3b00000000-7b3b00078000 rw-p 00000000 00:00 0 
7b3b00078000-7b3b04000000 ---p 00000000 00:00 0 
7b3b04000000-7b3b04021000 rw-p 00000000 00:00 0 
7b3b04021000-7b3b08000000 ---p 00000000 00:00 0 
7b3b08000000-7b3b081c0000 rw-p 00000000 00:00 0 
7b3b081c0000-7b3b08200000 rw-p 00000000 00:00 0 
7b3b08200000-7b3b08500000 rw-p 00000000 00:00 0 
7b3b08500000-7b3b08600000 rw-p 00000000 00:00 0 
7b3b08600000-7b3b09100000 rw-p 00000000 00:00 0 
7b3b09100000-7b3b09200000 rw-p 00000000 00:00 0 
7b3b09200000-7b3b09b80000 rw-p 00000000 00:00 0 
7b3b09b80000-7b3b09c00000 rw-p 00000000 00:00 0 
7b3b09c00000-7b3b09d00000 rw-p 00000000 00:00 0 
7b3b09d00000-7b3b09d20000 rw-p 00000000 00:00 0 
7b3b09d20000-7b3b0c000000 ---p 00000000 00:00 0 
7b3b0c000000-7b3b0c021000 rw-p 00000000 00:00 0 
7b3b0c021000-7b3b10000000 ---p 00000000 00:00 0 
7b3b10000000-7b3b10021000 rw-p 00000000 00:00 0 
7b3b10021000-7b3b14000000 ---p 00000000 00:00 0 
7b3b14000000-7b3b14021000 rw-p 00000000 00:00 0 
7b3b14021000-7b3b18000000 ---p 00000000 00:00 0 
7b3b18000000-7b3b18021000 rw-p 00000000 00:00 0 
7b3b18021000-7b3b1c000000 ---p 00000000 00:00 0 
7b3b1c000000-7b3b1c021000 rw-p 00000000 00:00 0 
7b3b1c021000-7b3b20000000 ---p 00000000 00:00 0 
7b3b20000000-7b3b20021000 rw-p 00000000 00:00 0 
7b3b20021000-7b3b24000000 ---p 00000000 00:00 0 
7b3b24000000-7b3b24021000 rw-p 00000000 00:00 0 
7b3b24021000-7b3b28000000 ---p 00000000 00:00 0 
7b3b28000000-7b3b28021000 rw-p 00000000 00:00 0 
7b3b28021000-7b3b2c000000 ---p 00000000 00:00 0 
7b3b2c000000-7b3b2c021000 rw-p 00000000 00:00 0 
7b3b2c021000-7b3b30000000 ---p 00000000 00:00 0 
7b3b30000000-7b3b30021000 rw-p 00000000 00:00 0 
7b3b30021000-7b3b34000000 ---p 00000000 00:00 0 
7b3b34000000-7b3b34344000 rw-p 00000000 00:00 0 
7b3b34344000-7b3b38000000 ---p 00000000 00:00 0 
7b3b38000000-7b3b38021000 rw-p 00000000 00:00 0 
7b3b38021000-7b3b3c000000 ---p 00000000 00:00 0 
7b3b3c000000-7b3b3c021000 rw-p 00000000 00:00 0 
7b3b3c021000-7b3b40000000 ---p 00000000 00:00 0 
7b3b40000000-7b3b40021000 rw-p 00000000 00:00 0 
7b3b40021000-7b3b44000000 ---p 00000000 00:00 0 
7b3b44000000-7b3b44021000 rw-p 00000000 00:00 0 
7b3b44021000-7b3b48000000 ---p 00000000 00:00 0 
7b3b48000000-7b3b48021000 rw-p 00000000 00:00 0 
7b3b48021000-7b3b4c000000 ---p 00000000 00:00 0 
7b3b4c000000-7b3b4ebf9000 rw-p 00000000 00:00 0 
7b3b4ebf9000-7b3b50000000 ---p 00000000 00:00 0 
7b3b50000000-7b3b50021000 rw-p 00000000 00:00 0 
7b3b50021000-7b3b54000000 ---p 00000000 00:00 0 
7b3b54000000-7b3b54bd4000 rw-p 00000000 00:00 0 
7b3b54bd4000-7b3b58000000 ---p 00000000 00:00 0 
7b3b58000000-7b3b58021000 rw-p 00000000 00:00 0 
7b3b58021000-7b3b5c000000 ---p 00000000 00:00 0 
7b3b5c000000-7b3b5c021000 rw-p 00000000 00:00 0 
7b3b5c021000-7b3b60000000 ---p 00000000 00:00 0 
7b3b60000000-7b3b60021000 rw-p 00000000 00:00 0 
7b3b60021000-7b3b64000000 ---p 00000000 00:00 0 
7b3b64000000-7b3b64004000 r--p 00000000 103:02 13923487                  /usr/share/fonts/truetype/noto/NotoSerifNyiakengPuachueHmong-Bold.ttf
7b3b64004000-7b3b6400f000 r--p 00000000 103:02 13923271                  /usr/share/fonts/truetype/noto/NotoSansBrahmi-Regular.ttf
7b3b6400f000-7b3b64011000 r--p 00000000 103:02 13905081                  /usr/lib/x86_64-linux-gnu/libasyncns.so.0.3.1
7b3b64011000-7b3b64014000 r-xp 00002000 103:02 13905081                  /usr/lib/x86_64-linux-gnu/libasyncns.so.0.3.1
7b3b64014000-7b3b64015000 r--p 00005000 103:02 13905081                  /usr/lib/x86_64-linux-gnu/libasyncns.so.0.3.1
7b3b64015000-7b3b64016000 r--p 00005000 103:02 13905081                  /usr/lib/x86_64-linux-gnu/libasyncns.so.0.3.1
7b3b64016000-7b3b64017000 rw-p 00006000 103:02 13905081                  /usr/lib/x86_64-linux-gnu/libasyncns.so.0.3.1
7b3b64019000-7b3b6401f000 r--p 00000000 103:02 13923261                  /usr/share/fonts/truetype/noto/NotoSansAvestan-Regular.ttf
7b3b6401f000-7b3b64027000 r--p 00000000 103:02 13923260                  /usr/share/fonts/truetype/noto/NotoSansArmenian-Regular.ttf
7b3b64027000-7b3b64035000 r--s 00000000 103:02 19174287                  /home/olimjon/.cache/fontconfig/a4e60e8d1e10d2fdff3fe3037a1845fb-le64.cache-9
7b3b64035000-7b3b6403a000 r--p 00000000 103:02 13923286                  /usr/share/fonts/truetype/noto/NotoSansDeseret-Regular.ttf
7b3b6403a000-7b3b6403c000 r--p 00000000 103:02 13907129                  /usr/lib/x86_64-linux-gnu/libcanberra-0.30/libcanberra-pulse.so
7b3b6403c000-7b3b64040000 r-xp 00002000 103:02 13907129                  /usr/lib/x86_64-linux-gnu/libcanberra-0.30/libcanberra-pulse.so
7b3b64040000-7b3b64041000 r--p 00006000 103:02 13907129                  /usr/lib/x86_64-linux-gnu/libcanberra-0.30/libcanberra-pulse.so
7b3b64041000-7b3b64042000 r--p 00006000 103:02 13907129                  /usr/lib/x86_64-linux-gnu/libcanberra-0.30/libcanberra-pulse.so
7b3b64042000-7b3b64043000 rw-p 00007000 103:02 13907129                  /usr/lib/x86_64-linux-gnu/libcanberra-0.30/libcanberra-pulse.so
7b3b64043000-7b3b6404b000 r--s 00000000 103:02 19174281                  /home/olimjon/.cache/fontconfig/3047814df9a2f067bd2d96a2b9c36e5a-le64.cache-9
7b3b6404d000-7b3b64051000 r-xp 00000000 103:02 19402233                  /home/olimjon/Downloads/openjfx-17.0.17_linux-x64_bin-sdk/javafx-sdk-17.0.17/lib/libjavafx_font_pango.so
7b3b64051000-7b3b64052000 r--p 00003000 103:02 19402233                  /home/olimjon/Downloads/openjfx-17.0.17_linux-x64_bin-sdk/javafx-sdk-17.0.17/lib/libjavafx_font_pango.so
7b3b64052000-7b3b64053000 rw-p 00004000 103:02 19402233                  /home/olimjon/Downloads/openjfx-17.0.17_linux-x64_bin-sdk/javafx-sdk-17.0.17/lib/libjavafx_font_pango.so
7b3b64053000-7b3b64062000 r--s 00000000 103:02 19174279                  /home/olimjon/.cache/fontconfig/6cc790b63b123a6a96ee260fcdad32a9-le64.cache-9
7b3b64062000-7b3b64073000 r--s 00000000 103:02 19174278                  /home/olimjon/.cache/fontconfig/9b89f8e3dae116d678bbf48e5f21f69b-le64.cache-9
7b3b64073000-7b3b64084000 r--s 00000000 103:02 19174269                  /home/olimjon/.cache/fontconfig/e13b20fdb08344e0e664864cc2ede53d-le64.cache-9
7b3b64085000-7b3b64088000 r--p 00000000 103:02 13923392                  /usr/share/fonts/truetype/noto/NotoSansRunic-Regular.ttf
7b3b64088000-7b3b64095000 r--s 00000000 103:02 15741927                  /var/cache/fontconfig/d589a48862398ed80a3d6066f4f56f4c-le64.cache-9
7b3b64095000-7b3b640b7000 r-xp 00000000 103:02 19402260                  /home/olimjon/Downloads/openjfx-17.0.17_linux-x64_bin-sdk/javafx-sdk-17.0.17/lib/libjavafx_iio.so
7b3b640b7000-7b3b640b8000 r--p 00021000 103:02 19402260                  /home/olimjon/Downloads/openjfx-17.0.17_linux-x64_bin-sdk/javafx-sdk-17.0.17/lib/libjavafx_iio.so
7b3b640b8000-7b3b640b9000 rw-p 00022000 103:02 19402260                  /home/olimjon/Downloads/openjfx-17.0.17_linux-x64_bin-sdk/javafx-sdk-17.0.17/lib/libjavafx_iio.so
7b3b640b9000-7b3b640bd000 ---p 00000000 00:00 0 
7b3b640bd000-7b3b641b9000 rw-p 00000000 00:00 0 
7b3b641b9000-7b3b641bd000 ---p 00000000 00:00 0 
7b3b641bd000-7b3b642b9000 rw-p 00000000 00:00 0 
7b3b642b9000-7b3b642bd000 ---p 00000000 00:00 0 
7b3b642bd000-7b3b643b9000 rw-p 00000000 00:00 0 
7b3b643b9000-7b3b643bd000 ---p 00000000 00:00 0 
7b3b643bd000-7b3b644b9000 rw-p 00000000 00:00 0 
7b3b644b9000-7b3b644bd000 ---p 00000000 00:00 0 
7b3b644bd000-7b3b645b9000 rw-p 00000000 00:00 0 
7b3b645b9000-7b3b645bd000 ---p 00000000 00:00 0 
7b3b645bd000-7b3b646b9000 rw-p 00000000 00:00 0 
7b3b646b9000-7b3b646bd000 ---p 00000000 00:00 0 
7b3b646bd000-7b3b647b9000 rw-p 00000000 00:00 0 
7b3b647b9000-7b3b647bd000 ---p 00000000 00:00 0 
7b3b647bd000-7b3b648b9000 rw-p 00000000 00:00 0 
7b3b648b9000-7b3b648bd000 ---p 00000000 00:00 0 
7b3b648bd000-7b3b649b9000 rw-p 00000000 00:00 0 
7b3b649b9000-7b3b649ba000 r--p 00000000 103:02 13905504                  /usr/lib/x86_64-linux-gnu/libnss_mdns4_minimal.so.2
7b3b649ba000-7b3b649bc000 r-xp 00001000 103:02 13905504                  /usr/lib/x86_64-linux-gnu/libnss_mdns4_minimal.so.2
7b3b649bc000-7b3b649bd000 r--p 00003000 103:02 13905504                  /usr/lib/x86_64-linux-gnu/libnss_mdns4_minimal.so.2
7b3b649bd000-7b3b649be000 r--p 00003000 103:02 13905504                  /usr/lib/x86_64-linux-gnu/libnss_mdns4_minimal.so.2
7b3b649be000-7b3b649bf000 rw-p 00004000 103:02 13905504                  /usr/lib/x86_64-linux-gnu/libnss_mdns4_minimal.so.2
7b3b649bf000-7b3b649c3000 r--p 00000000 103:02 13923334                  /usr/share/fonts/truetype/noto/NotoSansLimbu-Regular.ttf
7b3b649c3000-7b3b649c8000 r-xp 00000000 103:02 19402236                  /home/olimjon/Downloads/openjfx-17.0.17_linux-x64_bin-sdk/javafx-sdk-17.0.17/lib/libjavafx_font_freetype.so
7b3b649c8000-7b3b649c9000 r--p 00004000 103:02 19402236                  /home/olimjon/Downloads/openjfx-17.0.17_linux-x64_bin-sdk/javafx-sdk-17.0.17/lib/libjavafx_font_freetype.so
7b3b649c9000-7b3b649ca000 rw-p 00005000 103:02 19402236                  /home/olimjon/Downloads/openjfx-17.0.17_linux-x64_bin-sdk/javafx-sdk-17.0.17/lib/libjavafx_font_freetype.so
7b3b649ca000-7b3b649cd000 r-xp 00000000 103:02 19402258                  /home/olimjon/Downloads/openjfx-17.0.17_linux-x64_bin-sdk/javafx-sdk-17.0.17/lib/libjavafx_font.so
7b3b649cd000-7b3b649ce000 r--p 00002000 103:02 19402258                  /home/olimjon/Downloads/openjfx-17.0.17_linux-x64_bin-sdk/javafx-sdk-17.0.17/lib/libjavafx_font.so
7b3b649ce000-7b3b649cf000 rw-p 00003000 103:02 19402258                  /home/olimjon/Downloads/openjfx-17.0.17_linux-x64_bin-sdk/javafx-sdk-17.0.17/lib/libjavafx_font.so
7b3b649cf000-7b3b649d3000 ---p 00000000 00:00 0 
7b3b649d3000-7b3b64acf000 rw-p 00000000 00:00 0 
7b3b64acf000-7b3b64ad3000 ---p 00000000 00:00 0 
7b3b64ad3000-7b3b64bcf000 rw-p 00000000 00:00 0 
7b3b64bcf000-7b3b64bd3000 ---p 00000000 00:00 0 
7b3b64bd3000-7b3b64ccf000 rw-p 00000000 00:00 0 
7b3b64ccf000-7b3b64cd0000 r--p 00000000 103:02 14432651                  /usr/lib/jvm/java-17-openjdk-amd64/lib/libextnet.so
7b3b64cd0000-7b3b64cd1000 r-xp 00001000 103:02 14432651                  /usr/lib/jvm/java-17-openjdk-amd64/lib/libextnet.so
7b3b64cd1000-7b3b64cd2000 r--p 00002000 103:02 14432651                  /usr/lib/jvm/java-17-openjdk-amd64/lib/libextnet.so
7b3b64cd2000-7b3b64cd3000 r--p 00002000 103:02 14432651                  /usr/lib/jvm/java-17-openjdk-amd64/lib/libextnet.so
7b3b64cd3000-7b3b64cd4000 rw-p 00003000 103:02 14432651                  /usr/lib/jvm/java-17-openjdk-amd64/lib/libextnet.so
7b3b64cd4000-7b3b64cd8000 ---p 00000000 00:00 0 
7b3b64cd8000-7b3b64dd4000 rw-p 00000000 00:00 0 
7b3b64dd4000-7b3b64dd8000 ---p 00000000 00:00 0 
7b3b64dd8000-7b3b64ed4000 rw-p 00000000 00:00 0 
7b3b64ed4000-7b3b64ed6000 r--p 00000000 103:02 14432669                  /usr/lib/jvm/java-17-openjdk-amd64/lib/libmanagement_ext.so
7b3b64ed6000-7b3b64ed9000 r-xp 00002000 103:02 14432669                  /usr/lib/jvm/java-17-openjdk-amd64/lib/libmanagement_ext.so
7b3b64ed9000-7b3b64edb000 r--p 00005000 103:02 14432669                  /usr/lib/jvm/java-17-openjdk-amd64/lib/libmanagement_ext.so
7b3b64edb000-7b3b64edc000 r--p 00006000 103:02 14432669                  /usr/lib/jvm/java-17-openjdk-amd64/lib/libmanagement_ext.so
7b3b64edc000-7b3b64edd000 rw-p 00007000 103:02 14432669                  /usr/lib/jvm/java-17-openjdk-amd64/lib/libmanagement_ext.so
7b3b64edd000-7b3b64edf000 r--p 00000000 103:02 14432667                  /usr/lib/jvm/java-17-openjdk-amd64/lib/libmanagement.so
7b3b64edf000-7b3b64ee0000 r-xp 00002000 103:02 14432667                  /usr/lib/jvm/java-17-openjdk-amd64/lib/libmanagement.so
7b3b64ee0000-7b3b64ee1000 r--p 00003000 103:02 14432667                  /usr/lib/jvm/java-17-openjdk-amd64/lib/libmanagement.so
7b3b64ee1000-7b3b64ee2000 r--p 00003000 103:02 14432667                  /usr/lib/jvm/java-17-openjdk-amd64/lib/libmanagement.so
7b3b64ee2000-7b3b64ee3000 rw-p 00004000 103:02 14432667                  /usr/lib/jvm/java-17-openjdk-amd64/lib/libmanagement.so
7b3b64ee3000-7b3b64ee4000 ---p 00000000 00:00 0 
7b3b64ee4000-7b3b64fe4000 rw-p 00000000 00:00 0 
7b3b64fe4000-7b3b64fe5000 ---p 00000000 00:00 0 
7b3b64fe5000-7b3b650e5000 rw-p 00000000 00:00 0 
7b3b650e5000-7b3b650e6000 ---p 00000000 00:00 0 
7b3b650e6000-7b3b651e6000 rw-p 00000000 00:00 0 
7b3b651e6000-7b3b651e7000 ---p 00000000 00:00 0 
7b3b651e7000-7b3b652e7000 rw-p 00000000 00:00 0 
7b3b652e7000-7b3b652e8000 ---p 00000000 00:00 0 
7b3b652e8000-7b3b653e8000 rw-p 00000000 00:00 0 
7b3b653e8000-7b3b653e9000 ---p 00000000 00:00 0 
7b3b653e9000-7b3b654e9000 rw-p 00000000 00:00 0 
7b3b654e9000-7b3b654ed000 ---p 00000000 00:00 0 
7b3b654ed000-7b3b655e9000 rw-p 00000000 00:00 0 
7b3b655e9000-7b3b655ed000 r--p 00000000 103:02 14432678                  /usr/lib/jvm/java-17-openjdk-amd64/lib/libverify.so
7b3b655ed000-7b3b655f4000 r-xp 00004000 103:02 14432678                  /usr/lib/jvm/java-17-openjdk-amd64/lib/libverify.so
7b3b655f4000-7b3b655f6000 r--p 0000b000 103:02 14432678                  /usr/lib/jvm/java-17-openjdk-amd64/lib/libverify.so
7b3b655f6000-7b3b655f8000 r--p 0000c000 103:02 14432678                  /usr/lib/jvm/java-17-openjdk-amd64/lib/libverify.so
7b3b655f8000-7b3b655f9000 rw-p 0000e000 103:02 14432678                  /usr/lib/jvm/java-17-openjdk-amd64/lib/libverify.so
7b3b655f9000-7b3b655fa000 ---p 00000000 00:00 0 
7b3b655fa000-7b3b656fa000 rw-p 00000000 00:00 0 
7b3b656fa000-7b3b656fb000 ---p 00000000 00:00 0 
7b3b656fb000-7b3b657fb000 rw-p 00000000 00:00 0 
7b3b657fb000-7b3b657fc000 ---p 00000000 00:00 0 
7b3b657fc000-7b3b658fc000 rw-p 00000000 00:00 0 
7b3b658fc000-7b3b658fd000 ---p 00000000 00:00 0 
7b3b658fd000-7b3b659fd000 rw-p 00000000 00:00 0 
7b3b659fd000-7b3b659fe000 ---p 00000000 00:00 0 
7b3b659fe000-7b3b65afe000 rw-p 00000000 00:00 0 
7b3b65afe000-7b3b65b02000 ---p 00000000 00:00 0 
7b3b65b02000-7b3b65bfe000 rw-p 00000000 00:00 0 
7b3b65bfe000-7b3b65bff000 ---p 00000000 00:00 0 
7b3b65bff000-7b3b663ff000 rw-p 00000000 00:00 0 
7b3b663ff000-7b3b66427000 r--p 00000000 103:02 13898861                  /usr/share/glib-2.0/schemas/gschemas.compiled
7b3b66427000-7b3b6642b000 ---p 00000000 00:00 0 
7b3b6642b000-7b3b66527000 rw-p 00000000 00:00 0 
7b3b66527000-7b3b6652b000 ---p 00000000 00:00 0 
7b3b6652b000-7b3b66627000 rw-p 00000000 00:00 0 
7b3b66627000-7b3b66629000 r--p 00000000 103:02 13905518                  /usr/lib/x86_64-linux-gnu/libogg.so.0.8.5
7b3b66629000-7b3b6662c000 r-xp 00002000 103:02 13905518                  /usr/lib/x86_64-linux-gnu/libogg.so.0.8.5
7b3b6662c000-7b3b6662f000 r--p 00005000 103:02 13905518                  /usr/lib/x86_64-linux-gnu/libogg.so.0.8.5
7b3b6662f000-7b3b66630000 r--p 00007000 103:02 13905518                  /usr/lib/x86_64-linux-gnu/libogg.so.0.8.5
7b3b66630000-7b3b66631000 rw-p 00008000 103:02 13905518                  /usr/lib/x86_64-linux-gnu/libogg.so.0.8.5
7b3b66631000-7b3b66634000 r--p 00000000 103:02 13905714                  /usr/lib/x86_64-linux-gnu/libvorbis.so.0.4.9
7b3b66634000-7b3b6664c000 r-xp 00003000 103:02 13905714                  /usr/lib/x86_64-linux-gnu/libvorbis.so.0.4.9
7b3b6664c000-7b3b6665d000 r--p 0001b000 103:02 13905714                  /usr/lib/x86_64-linux-gnu/libvorbis.so.0.4.9
7b3b6665d000-7b3b6665e000 r--p 0002b000 103:02 13905714                  /usr/lib/x86_64-linux-gnu/libvorbis.so.0.4.9
7b3b6665e000-7b3b6665f000 rw-p 0002c000 103:02 13905714                  /usr/lib/x86_64-linux-gnu/libvorbis.so.0.4.9
7b3b6665f000-7b3b66661000 r--p 00000000 103:02 13905425                  /usr/lib/x86_64-linux-gnu/libltdl.so.7.3.2
7b3b66661000-7b3b66666000 r-xp 00002000 103:02 13905425                  /usr/lib/x86_64-linux-gnu/libltdl.so.7.3.2
7b3b66666000-7b3b66668000 r--p 00007000 103:02 13905425                  /usr/lib/x86_64-linux-gnu/libltdl.so.7.3.2
7b3b66668000-7b3b66669000 r--p 00008000 103:02 13905425                  /usr/lib/x86_64-linux-gnu/libltdl.so.7.3.2
7b3b66669000-7b3b6666a000 rw-p 00009000 103:02 13905425                  /usr/lib/x86_64-linux-gnu/libltdl.so.7.3.2
7b3b6666a000-7b3b6666e000 r--p 00000000 103:02 13905663                  /usr/lib/x86_64-linux-gnu/libtdb.so.1.4.10
7b3b6666e000-7b3b6667c000 r-xp 00004000 103:02 13905663                  /usr/lib/x86_64-linux-gnu/libtdb.so.1.4.10
7b3b6667c000-7b3b66681000 r--p 00012000 103:02 13905663                  /usr/lib/x86_64-linux-gnu/libtdb.so.1.4.10
7b3b66681000-7b3b66682000 r--p 00016000 103:02 13905663                  /usr/lib/x86_64-linux-gnu/libtdb.so.1.4.10
7b3b66682000-7b3b66683000 rw-p 00017000 103:02 13905663                  /usr/lib/x86_64-linux-gnu/libtdb.so.1.4.10
7b3b66683000-7b3b66685000 r--p 00000000 103:02 13905716                  /usr/lib/x86_64-linux-gnu/libvorbisfile.so.3.3.8
7b3b66685000-7b3b6668a000 r-xp 00002000 103:02 13905716                  /usr/lib/x86_64-linux-gnu/libvorbisfile.so.3.3.8
7b3b6668a000-7b3b6668b000 r--p 00007000 103:02 13905716                  /usr/lib/x86_64-linux-gnu/libvorbisfile.so.3.3.8
7b3b6668b000-7b3b6668c000 r--p 00007000 103:02 13905716                  /usr/lib/x86_64-linux-gnu/libvorbisfile.so.3.3.8
7b3b6668c000-7b3b6668d000 rw-p 00008000 103:02 13905716                  /usr/lib/x86_64-linux-gnu/libvorbisfile.so.3.3.8
7b3b6668d000-7b3b66690000 r--p 00000000 103:02 13905136                  /usr/lib/x86_64-linux-gnu/libcanberra.so.0.2.5
7b3b66690000-7b3b6669b000 r-xp 00003000 103:02 13905136                  /usr/lib/x86_64-linux-gnu/libcanberra.so.0.2.5
7b3b6669b000-7b3b6669e000 r--p 0000e000 103:02 13905136                  /usr/lib/x86_64-linux-gnu/libcanberra.so.0.2.5
7b3b6669e000-7b3b6669f000 r--p 00010000 103:02 13905136                  /usr/lib/x86_64-linux-gnu/libcanberra.so.0.2.5
7b3b6669f000-7b3b666a0000 rw-p 00011000 103:02 13905136                  /usr/lib/x86_64-linux-gnu/libcanberra.so.0.2.5
7b3b666a1000-7b3b666a5000 r--p 00000000 103:02 13903105                  /usr/lib/x86_64-linux-gnu/gio/modules/libdconfsettings.so
7b3b666a5000-7b3b666ac000 r-xp 00004000 103:02 13903105                  /usr/lib/x86_64-linux-gnu/gio/modules/libdconfsettings.so
7b3b666ac000-7b3b666ae000 r--p 0000b000 103:02 13903105                  /usr/lib/x86_64-linux-gnu/gio/modules/libdconfsettings.so
7b3b666ae000-7b3b666af000 r--p 0000d000 103:02 13903105                  /usr/lib/x86_64-linux-gnu/gio/modules/libdconfsettings.so
7b3b666af000-7b3b666b0000 rw-p 0000e000 103:02 13903105                  /usr/lib/x86_64-linux-gnu/gio/modules/libdconfsettings.so
7b3b666b0000-7b3b666c2000 r--p 00000000 103:02 13907123                  /usr/lib/x86_64-linux-gnu/gvfs/libgvfscommon.so
7b3b666c2000-7b3b666de000 r-xp 00012000 103:02 13907123                  /usr/lib/x86_64-linux-gnu/gvfs/libgvfscommon.so
7b3b666de000-7b3b666ea000 r--p 0002e000 103:02 13907123                  /usr/lib/x86_64-linux-gnu/gvfs/libgvfscommon.so
7b3b666ea000-7b3b666f0000 r--p 00039000 103:02 13907123                  /usr/lib/x86_64-linux-gnu/gvfs/libgvfscommon.so
7b3b666f0000-7b3b666f1000 rw-p 0003f000 103:02 13907123                  /usr/lib/x86_64-linux-gnu/gvfs/libgvfscommon.so
7b3b666f1000-7b3b666fb000 r--p 00000000 103:02 13906837                  /usr/lib/x86_64-linux-gnu/gio/modules/libgvfsdbus.so
7b3b666fb000-7b3b66719000 r-xp 0000a000 103:02 13906837                  /usr/lib/x86_64-linux-gnu/gio/modules/libgvfsdbus.so
7b3b66719000-7b3b66721000 r--p 00028000 103:02 13906837                  /usr/lib/x86_64-linux-gnu/gio/modules/libgvfsdbus.so
7b3b66721000-7b3b66723000 r--p 00030000 103:02 13906837                  /usr/lib/x86_64-linux-gnu/gio/modules/libgvfsdbus.so
7b3b66723000-7b3b66724000 rw-p 00032000 103:02 13906837                  /usr/lib/x86_64-linux-gnu/gio/modules/libgvfsdbus.so
7b3b66724000-7b3b667d8000 r--p 00000000 103:02 14184373                  /usr/share/themes/Yaru-olive-dark/gtk-3.0/gtk.gresource
7b3b667d8000-7b3b667d9000 r--p 00000000 103:02 13896108                  /usr/lib/x86_64-linux-gnu/libpthread.so.0
7b3b667d9000-7b3b667da000 r-xp 00001000 103:02 13896108                  /usr/lib/x86_64-linux-gnu/libpthread.so.0
7b3b667da000-7b3b667db000 r--p 00002000 103:02 13896108                  /usr/lib/x86_64-linux-gnu/libpthread.so.0
7b3b667db000-7b3b667dc000 r--p 00002000 103:02 13896108                  /usr/lib/x86_64-linux-gnu/libpthread.so.0
7b3b667dc000-7b3b667dd000 rw-p 00003000 103:02 13896108                  /usr/lib/x86_64-linux-gnu/libpthread.so.0
7b3b667dd000-7b3b667df000 r--p 00000000 103:02 13904995                  /usr/lib/x86_64-linux-gnu/libXtst.so.6.1.0
7b3b667df000-7b3b667e2000 r-xp 00002000 103:02 13904995                  /usr/lib/x86_64-linux-gnu/libXtst.so.6.1.0
7b3b667e2000-7b3b667e3000 r--p 00005000 103:02 13904995                  /usr/lib/x86_64-linux-gnu/libXtst.so.6.1.0
7b3b667e3000-7b3b667e4000 r--p 00005000 103:02 13904995                  /usr/lib/x86_64-linux-gnu/libXtst.so.6.1.0
7b3b667e4000-7b3b667e5000 rw-p 00006000 103:02 13904995                  /usr/lib/x86_64-linux-gnu/libXtst.so.6.1.0
7b3b667e5000-7b3b667e6000 r--p 00000000 103:02 13905336                  /usr/lib/x86_64-linux-gnu/libgthread-2.0.so.0.8000.0
7b3b667e6000-7b3b667e7000 r-xp 00001000 103:02 13905336                  /usr/lib/x86_64-linux-gnu/libgthread-2.0.so.0.8000.0
7b3b667e7000-7b3b667e8000 r--p 00002000 103:02 13905336                  /usr/lib/x86_64-linux-gnu/libgthread-2.0.so.0.8000.0
7b3b667e8000-7b3b667e9000 r--p 00002000 103:02 13905336                  /usr/lib/x86_64-linux-gnu/libgthread-2.0.so.0.8000.0
7b3b667e9000-7b3b667ea000 rw-p 00003000 103:02 13905336                  /usr/lib/x86_64-linux-gnu/libgthread-2.0.so.0.8000.0
7b3b667ea000-7b3b6682d000 r-xp 00000000 103:02 19402234                  /home/olimjon/Downloads/openjfx-17.0.17_linux-x64_bin-sdk/javafx-sdk-17.0.17/lib/libglassgtk3.so
7b3b6682d000-7b3b6682f000 r--p 00042000 103:02 19402234                  /home/olimjon/Downloads/openjfx-17.0.17_linux-x64_bin-sdk/javafx-sdk-17.0.17/lib/libglassgtk3.so
7b3b6682f000-7b3b66831000 rw-p 00044000 103:02 19402234                  /home/olimjon/Downloads/openjfx-17.0.17_linux-x64_bin-sdk/javafx-sdk-17.0.17/lib/libglassgtk3.so
7b3b66831000-7b3b66835000 r--p 00000000 103:02 13905304                  /usr/lib/x86_64-linux-gnu/libgpg-error.so.0.34.0
7b3b66835000-7b3b6684b000 r-xp 00004000 103:02 13905304                  /usr/lib/x86_64-linux-gnu/libgpg-error.so.0.34.0
7b3b6684b000-7b3b66854000 r--p 0001a000 103:02 13905304                  /usr/lib/x86_64-linux-gnu/libgpg-error.so.0.34.0
7b3b66854000-7b3b66855000 r--p 00023000 103:02 13905304                  /usr/lib/x86_64-linux-gnu/libgpg-error.so.0.34.0
7b3b66855000-7b3b66856000 rw-p 00024000 103:02 13905304                  /usr/lib/x86_64-linux-gnu/libgpg-error.so.0.34.0
7b3b66856000-7b3b66859000 r--p 00000000 103:02 13905428                  /usr/lib/x86_64-linux-gnu/liblz4.so.1.9.4
7b3b66859000-7b3b66874000 r-xp 00003000 103:02 13905428                  /usr/lib/x86_64-linux-gnu/liblz4.so.1.9.4
7b3b66874000-7b3b66876000 r--p 0001e000 103:02 13905428                  /usr/lib/x86_64-linux-gnu/liblz4.so.1.9.4
7b3b66876000-7b3b66877000 r--p 00020000 103:02 13905428                  /usr/lib/x86_64-linux-gnu/liblz4.so.1.9.4
7b3b66877000-7b3b66878000 rw-p 00021000 103:02 13905428                  /usr/lib/x86_64-linux-gnu/liblz4.so.1.9.4
7b3b66878000-7b3b66887000 r--p 00000000 103:02 13905266                  /usr/lib/x86_64-linux-gnu/libgcrypt.so.20.4.3
7b3b66887000-7b3b6697b000 r-xp 0000f000 103:02 13905266                  /usr/lib/x86_64-linux-gnu/libgcrypt.so.20.4.3
7b3b6697b000-7b3b669b6000 r--p 00103000 103:02 13905266                  /usr/lib/x86_64-linux-gnu/libgcrypt.so.20.4.3
7b3b669b6000-7b3b669bb000 r--p 0013e000 103:02 13905266                  /usr/lib/x86_64-linux-gnu/libgcrypt.so.20.4.3
7b3b669bb000-7b3b669bf000 rw-p 00143000 103:02 13905266                  /usr/lib/x86_64-linux-gnu/libgcrypt.so.20.4.3
7b3b669bf000-7b3b669c0000 rw-p 00000000 00:00 0 
7b3b669c0000-7b3b669c3000 r--p 00000000 103:02 13905138                  /usr/lib/x86_64-linux-gnu/libcap.so.2.66
7b3b669c3000-7b3b669c9000 r-xp 00003000 103:02 13905138                  /usr/lib/x86_64-linux-gnu/libcap.so.2.66
7b3b669c9000-7b3b669cb000 r--p 00009000 103:02 13905138                  /usr/lib/x86_64-linux-gnu/libcap.so.2.66
7b3b669cb000-7b3b669cc000 r--p 0000b000 103:02 13905138                  /usr/lib/x86_64-linux-gnu/libcap.so.2.66
7b3b669cc000-7b3b669cd000 rw-p 0000c000 103:02 13905138                  /usr/lib/x86_64-linux-gnu/libcap.so.2.66
7b3b669cd000-7b3b669ce000 r--p 00000000 103:02 13905120                  /usr/lib/x86_64-linux-gnu/libbrotlicommon.so.1.1.0
7b3b669ce000-7b3b669cf000 r-xp 00001000 103:02 13905120                  /usr/lib/x86_64-linux-gnu/libbrotlicommon.so.1.1.0
7b3b669cf000-7b3b669ee000 r--p 00002000 103:02 13905120                  /usr/lib/x86_64-linux-gnu/libbrotlicommon.so.1.1.0
7b3b669ee000-7b3b669ef000 r--p 00021000 103:02 13905120                  /usr/lib/x86_64-linux-gnu/libbrotlicommon.so.1.1.0
7b3b669ef000-7b3b669f0000 rw-p 00022000 103:02 13905120                  /usr/lib/x86_64-linux-gnu/libbrotlicommon.so.1.1.0
7b3b669f0000-7b3b66a06000 r--p 00000000 103:02 13895063                  /usr/lib/x86_64-linux-gnu/libsystemd.so.0.38.0
7b3b66a06000-7b3b66a95000 r-xp 00016000 103:02 13895063                  /usr/lib/x86_64-linux-gnu/libsystemd.so.0.38.0
7b3b66a95000-7b3b66ac3000 r--p 000a5000 103:02 13895063                  /usr/lib/x86_64-linux-gnu/libsystemd.so.0.38.0
7b3b66ac3000-7b3b66ace000 r--p 000d2000 103:02 13895063                  /usr/lib/x86_64-linux-gnu/libsystemd.so.0.38.0
7b3b66ace000-7b3b66acf000 rw-p 000dd000 103:02 13895063                  /usr/lib/x86_64-linux-gnu/libsystemd.so.0.38.0
7b3b66acf000-7b3b66ad0000 rw-p 00000000 00:00 0 
7b3b66ad0000-7b3b66ad2000 r--p 00000000 103:02 13905125                  /usr/lib/x86_64-linux-gnu/libbz2.so.1.0.4
7b3b66ad2000-7b3b66ae0000 r-xp 00002000 103:02 13905125                  /usr/lib/x86_64-linux-gnu/libbz2.so.1.0.4
7b3b66ae0000-7b3b66ae2000 r--p 00010000 103:02 13905125                  /usr/lib/x86_64-linux-gnu/libbz2.so.1.0.4
7b3b66ae2000-7b3b66ae3000 r--p 00011000 103:02 13905125                  /usr/lib/x86_64-linux-gnu/libbz2.so.1.0.4
7b3b66ae3000-7b3b66ae4000 rw-p 00012000 103:02 13905125                  /usr/lib/x86_64-linux-gnu/libbz2.so.1.0.4
7b3b66ae4000-7b3b66aeb000 r--p 00000000 103:02 13905115                  /usr/lib/x86_64-linux-gnu/libblkid.so.1.1.0
7b3b66aeb000-7b3b66b0f000 r-xp 00007000 103:02 13905115                  /usr/lib/x86_64-linux-gnu/libblkid.so.1.1.0
7b3b66b0f000-7b3b66b18000 r--p 0002b000 103:02 13905115                  /usr/lib/x86_64-linux-gnu/libblkid.so.1.1.0
7b3b66b18000-7b3b66b1e000 r--p 00033000 103:02 13905115                  /usr/lib/x86_64-linux-gnu/libblkid.so.1.1.0
7b3b66b1e000-7b3b66b1f000 rw-p 00039000 103:02 13905115                  /usr/lib/x86_64-linux-gnu/libblkid.so.1.1.0
7b3b66b1f000-7b3b66b2b000 r--p 00000000 103:02 13905166                  /usr/lib/x86_64-linux-gnu/libdbus-1.so.3.32.4
7b3b66b2b000-7b3b66b5b000 r-xp 0000c000 103:02 13905166                  /usr/lib/x86_64-linux-gnu/libdbus-1.so.3.32.4
7b3b66b5b000-7b3b66b6c000 r--p 0003c000 103:02 13905166                  /usr/lib/x86_64-linux-gnu/libdbus-1.so.3.32.4
7b3b66b6c000-7b3b66b6d000 r--p 0004c000 103:02 13905166                  /usr/lib/x86_64-linux-gnu/libdbus-1.so.3.32.4
7b3b66b6d000-7b3b66b6e000 rw-p 0004d000 103:02 13905166                  /usr/lib/x86_64-linux-gnu/libdbus-1.so.3.32.4
7b3b66b6e000-7b3b66b7e000 r--p 00000000 103:02 13905088                  /usr/lib/x86_64-linux-gnu/libatspi.so.0.0.1
7b3b66b7e000-7b3b66b97000 r-xp 00010000 103:02 13905088                  /usr/lib/x86_64-linux-gnu/libatspi.so.0.0.1
7b3b66b97000-7b3b66ba4000 r--p 00029000 103:02 13905088                  /usr/lib/x86_64-linux-gnu/libatspi.so.0.0.1
7b3b66ba4000-7b3b66ba7000 r--p 00036000 103:02 13905088                  /usr/lib/x86_64-linux-gnu/libatspi.so.0.0.1
7b3b66ba7000-7b3b66ba8000 rw-p 00039000 103:02 13905088                  /usr/lib/x86_64-linux-gnu/libatspi.so.0.0.1
7b3b66ba8000-7b3b66bac000 r--p 00000000 103:02 13905404                  /usr/lib/x86_64-linux-gnu/libjpeg.so.8.2.2
7b3b66bac000-7b3b66bf9000 r-xp 00004000 103:02 13905404                  /usr/lib/x86_64-linux-gnu/libjpeg.so.8.2.2
7b3b66bf9000-7b3b66c29000 r--p 00051000 103:02 13905404                  /usr/lib/x86_64-linux-gnu/libjpeg.so.8.2.2
7b3b66c29000-7b3b66c2a000 r--p 00081000 103:02 13905404                  /usr/lib/x86_64-linux-gnu/libjpeg.so.8.2.2
7b3b66c2a000-7b3b66c2b000 rw-p 00082000 103:02 13905404                  /usr/lib/x86_64-linux-gnu/libjpeg.so.8.2.2
7b3b66c2b000-7b3b66c35000 r--p 00000000 103:02 13905556                  /usr/lib/x86_64-linux-gnu/libpixman-1.so.0.42.2
7b3b66c35000-7b3b66cc2000 r-xp 0000a000 103:02 13905556                  /usr/lib/x86_64-linux-gnu/libpixman-1.so.0.42.2
7b3b66cc2000-7b3b66cd1000 r--p 00097000 103:02 13905556                  /usr/lib/x86_64-linux-gnu/libpixman-1.so.0.42.2
7b3b66cd1000-7b3b66cd9000 r--p 000a5000 103:02 13905556                  /usr/lib/x86_64-linux-gnu/libpixman-1.so.0.42.2
7b3b66cd9000-7b3b66cda000 rw-p 000ad000 103:02 13905556                  /usr/lib/x86_64-linux-gnu/libpixman-1.so.0.42.2
7b3b66cda000-7b3b66cdf000 r--p 00000000 103:02 13905565                  /usr/lib/x86_64-linux-gnu/libpng16.so.16.43.0
7b3b66cdf000-7b3b66d07000 r-xp 00005000 103:02 13905565                  /usr/lib/x86_64-linux-gnu/libpng16.so.16.43.0
7b3b66d07000-7b3b66d10000 r--p 0002d000 103:02 13905565                  /usr/lib/x86_64-linux-gnu/libpng16.so.16.43.0
7b3b66d10000-7b3b66d11000 r--p 00035000 103:02 13905565                  /usr/lib/x86_64-linux-gnu/libpng16.so.16.43.0
7b3b66d11000-7b3b66d12000 rw-p 00036000 103:02 13905565                  /usr/lib/x86_64-linux-gnu/libpng16.so.16.43.0
7b3b66d12000-7b3b66d1f000 r--p 00000000 103:02 13905250                  /usr/lib/x86_64-linux-gnu/libfreetype.so.6.20.1
7b3b66d1f000-7b3b66db0000 r-xp 0000d000 103:02 13905250                  /usr/lib/x86_64-linux-gnu/libfreetype.so.6.20.1
7b3b66db0000-7b3b66dd6000 r--p 0009e000 103:02 13905250                  /usr/lib/x86_64-linux-gnu/libfreetype.so.6.20.1
7b3b66dd6000-7b3b66ddd000 r--p 000c4000 103:02 13905250                  /usr/lib/x86_64-linux-gnu/libfreetype.so.6.20.1
7b3b66ddd000-7b3b66dde000 rw-p 000cb000 103:02 13905250                  /usr/lib/x86_64-linux-gnu/libfreetype.so.6.20.1
7b3b66dde000-7b3b66de0000 r--p 00000000 103:02 13905547                  /usr/lib/x86_64-linux-gnu/libpcre2-8.so.0.11.2
7b3b66de0000-7b3b66e4e000 r-xp 00002000 103:02 13905547                  /usr/lib/x86_64-linux-gnu/libpcre2-8.so.0.11.2
7b3b66e4e000-7b3b66e76000 r--p 00070000 103:02 13905547                  /usr/lib/x86_64-linux-gnu/libpcre2-8.so.0.11.2
7b3b66e76000-7b3b66e77000 r--p 00097000 103:02 13905547                  /usr/lib/x86_64-linux-gnu/libpcre2-8.so.0.11.2
7b3b66e77000-7b3b66e78000 rw-p 00098000 103:02 13905547                  /usr/lib/x86_64-linux-gnu/libpcre2-8.so.0.11.2
7b3b66e78000-7b3b66ed8000 r--p 00000000 103:02 13905216                  /usr/lib/x86_64-linux-gnu/libepoxy.so.0.0.0
7b3b66ed8000-7b3b66f3e000 r-xp 00060000 103:02 13905216                  /usr/lib/x86_64-linux-gnu/libepoxy.so.0.0.0
7b3b66f3e000-7b3b66f8c000 r--p 000c6000 103:02 13905216                  /usr/lib/x86_64-linux-gnu/libepoxy.so.0.0.0
7b3b66f8c000-7b3b66f94000 r--p 00113000 103:02 13905216                  /usr/lib/x86_64-linux-gnu/libepoxy.so.0.0.0
7b3b66f94000-7b3b66f9b000 rw-p 0011b000 103:02 13905216                  /usr/lib/x86_64-linux-gnu/libepoxy.so.0.0.0
7b3b66f9b000-7b3b66faf000 r--p 00000000 103:02 13905132                  /usr/lib/x86_64-linux-gnu/libcairo.so.2.11800.0
7b3b66faf000-7b3b670a0000 r-xp 00014000 103:02 13905132                  /usr/lib/x86_64-linux-gnu/libcairo.so.2.11800.0
7b3b670a0000-7b3b670d8000 r--p 00105000 103:02 13905132                  /usr/lib/x86_64-linux-gnu/libcairo.so.2.11800.0
7b3b670d8000-7b3b670dc000 r--p 0013d000 103:02 13905132                  /usr/lib/x86_64-linux-gnu/libcairo.so.2.11800.0
7b3b670dc000-7b3b670de000 rw-p 00141000 103:02 13905132                  /usr/lib/x86_64-linux-gnu/libcairo.so.2.11800.0
7b3b670de000-7b3b670df000 rw-p 00000000 00:00 0 
7b3b670df000-7b3b670ea000 r--p 00000000 103:02 13905354                  /usr/lib/x86_64-linux-gnu/libharfbuzz.so.0.60830.0
7b3b670ea000-7b3b671b8000 r-xp 0000b000 103:02 13905354                  /usr/lib/x86_64-linux-gnu/libharfbuzz.so.0.60830.0
7b3b671b8000-7b3b671ea000 r--p 000d9000 103:02 13905354                  /usr/lib/x86_64-linux-gnu/libharfbuzz.so.0.60830.0
7b3b671ea000-7b3b671eb000 r--p 0010b000 103:02 13905354                  /usr/lib/x86_64-linux-gnu/libharfbuzz.so.0.60830.0
7b3b671eb000-7b3b671ec000 rw-p 0010c000 103:02 13905354                  /usr/lib/x86_64-linux-gnu/libharfbuzz.so.0.60830.0
7b3b671ec000-7b3b67225000 r--p 00000000 103:02 13905280                  /usr/lib/x86_64-linux-gnu/libgio-2.0.so.0.8000.0
7b3b67225000-7b3b6733c000 r-xp 00039000 103:02 13905280                  /usr/lib/x86_64-linux-gnu/libgio-2.0.so.0.8000.0
7b3b6733c000-7b3b673b1000 r--p 00150000 103:02 13905280                  /usr/lib/x86_64-linux-gnu/libgio-2.0.so.0.8000.0
7b3b673b1000-7b3b673b9000 r--p 001c4000 103:02 13905280                  /usr/lib/x86_64-linux-gnu/libgio-2.0.so.0.8000.0
7b3b673b9000-7b3b673ba000 rw-p 001cc000 103:02 13905280                  /usr/lib/x86_64-linux-gnu/libgio-2.0.so.0.8000.0
7b3b673ba000-7b3b673bc000 rw-p 00000000 00:00 0 
7b3b673bc000-7b3b673da000 r--p 00000000 103:02 13905284                  /usr/lib/x86_64-linux-gnu/libglib-2.0.so.0.8000.0
7b3b673da000-7b3b6747a000 r-xp 0001e000 103:02 13905284                  /usr/lib/x86_64-linux-gnu/libglib-2.0.so.0.8000.0
7b3b6747a000-7b3b67502000 r--p 000be000 103:02 13905284                  /usr/lib/x86_64-linux-gnu/libglib-2.0.so.0.8000.0
7b3b67502000-7b3b67503000 r--p 00146000 103:02 13905284                  /usr/lib/x86_64-linux-gnu/libglib-2.0.so.0.8000.0
7b3b67503000-7b3b67504000 rw-p 00147000 103:02 13905284                  /usr/lib/x86_64-linux-gnu/libglib-2.0.so.0.8000.0
7b3b67504000-7b3b67505000 rw-p 00000000 00:00 0 
7b3b67505000-7b3b6752f000 r--p 00000000 103:02 13905271                  /usr/lib/x86_64-linux-gnu/libgdk-3.so.0.2409.32
7b3b6752f000-7b3b675b3000 r-xp 0002a000 103:02 13905271                  /usr/lib/x86_64-linux-gnu/libgdk-3.so.0.2409.32
7b3b675b3000-7b3b675f5000 r--p 000ae000 103:02 13905271                  /usr/lib/x86_64-linux-gnu/libgdk-3.so.0.2409.32
7b3b675f5000-7b3b675fe000 r--p 000ef000 103:02 13905271                  /usr/lib/x86_64-linux-gnu/libgdk-3.so.0.2409.32
7b3b675fe000-7b3b67600000 rw-p 000f8000 103:02 13905271                  /usr/lib/x86_64-linux-gnu/libgdk-3.so.0.2409.32
7b3b67600000-7b3b67683000 r--p 00000000 103:02 13905337                  /usr/lib/x86_64-linux-gnu/libgtk-3.so.0.2409.32
7b3b67683000-7b3b67a31000 r-xp 00083000 103:02 13905337                  /usr/lib/x86_64-linux-gnu/libgtk-3.so.0.2409.32
7b3b67a31000-7b3b67db6000 r--p 00431000 103:02 13905337                  /usr/lib/x86_64-linux-gnu/libgtk-3.so.0.2409.32
7b3b67db6000-7b3b67dc6000 r--p 007b5000 103:02 13905337                  /usr/lib/x86_64-linux-gnu/libgtk-3.so.0.2409.32
7b3b67dc6000-7b3b67dc8000 rw-p 007c5000 103:02 13905337                  /usr/lib/x86_64-linux-gnu/libgtk-3.so.0.2409.32
7b3b67dc8000-7b3b67dcd000 rw-p 00000000 00:00 0 
7b3b67dce000-7b3b67dcf000 r--p 00000000 103:02 13905121                  /usr/lib/x86_64-linux-gnu/libbrotlidec.so.1.1.0
7b3b67dcf000-7b3b67dd7000 r-xp 00001000 103:02 13905121                  /usr/lib/x86_64-linux-gnu/libbrotlidec.so.1.1.0
7b3b67dd7000-7b3b67dda000 r--p 00009000 103:02 13905121                  /usr/lib/x86_64-linux-gnu/libbrotlidec.so.1.1.0
7b3b67dda000-7b3b67ddb000 r--p 0000b000 103:02 13905121                  /usr/lib/x86_64-linux-gnu/libbrotlidec.so.1.1.0
7b3b67ddb000-7b3b67ddc000 rw-p 0000c000 103:02 13905121                  /usr/lib/x86_64-linux-gnu/libbrotlidec.so.1.1.0
7b3b67ddc000-7b3b67dde000 r--p 00000000 103:02 13905164                  /usr/lib/x86_64-linux-gnu/libdatrie.so.1.4.0
7b3b67dde000-7b3b67de2000 r-xp 00002000 103:02 13905164                  /usr/lib/x86_64-linux-gnu/libdatrie.so.1.4.0
7b3b67de2000-7b3b67de3000 r--p 00006000 103:02 13905164                  /usr/lib/x86_64-linux-gnu/libdatrie.so.1.4.0
7b3b67de3000-7b3b67de4000 r--p 00006000 103:02 13905164                  /usr/lib/x86_64-linux-gnu/libdatrie.so.1.4.0
7b3b67de4000-7b3b67de5000 rw-p 00007000 103:02 13905164                  /usr/lib/x86_64-linux-gnu/libdatrie.so.1.4.0
7b3b67de5000-7b3b67dea000 r--p 00000000 103:02 13905762                  /usr/lib/x86_64-linux-gnu/libxcb-render.so.0.0.0
7b3b67dea000-7b3b67def000 r-xp 00005000 103:02 13905762                  /usr/lib/x86_64-linux-gnu/libxcb-render.so.0.0.0
7b3b67def000-7b3b67df2000 r--p 0000a000 103:02 13905762                  /usr/lib/x86_64-linux-gnu/libxcb-render.so.0.0.0
7b3b67df2000-7b3b67df3000 r--p 0000c000 103:02 13905762                  /usr/lib/x86_64-linux-gnu/libxcb-render.so.0.0.0
7b3b67df3000-7b3b67df4000 rw-p 0000d000 103:02 13905762                  /usr/lib/x86_64-linux-gnu/libxcb-render.so.0.0.0
7b3b67df4000-7b3b67df6000 r--p 00000000 103:02 13904992                  /usr/lib/x86_64-linux-gnu/libXrender.so.1.3.0
7b3b67df6000-7b3b67dfd000 r-xp 00002000 103:02 13904992                  /usr/lib/x86_64-linux-gnu/libXrender.so.1.3.0
7b3b67dfd000-7b3b67dfe000 r--p 00009000 103:02 13904992                  /usr/lib/x86_64-linux-gnu/libXrender.so.1.3.0
7b3b67dfe000-7b3b67dff000 r--p 00009000 103:02 13904992                  /usr/lib/x86_64-linux-gnu/libXrender.so.1.3.0
7b3b67dff000-7b3b67e00000 rw-p 0000a000 103:02 13904992                  /usr/lib/x86_64-linux-gnu/libXrender.so.1.3.0
7b3b67e00000-7b3b68000000 rw-s 115f9f000 00:06 903                       /dev/dri/renderD128
7b3b68000000-7b3b68021000 rw-p 00000000 00:00 0 
7b3b68021000-7b3b6c000000 ---p 00000000 00:00 0 
7b3b6c000000-7b3b6c021000 rw-p 00000000 00:00 0 
7b3b6c021000-7b3b70000000 ---p 00000000 00:00 0 
7b3b70000000-7b3b70021000 rw-p 00000000 00:00 0 
7b3b70021000-7b3b74000000 ---p 00000000 00:00 0 
7b3b74000000-7b3b74021000 rw-p 00000000 00:00 0 
7b3b74021000-7b3b78000000 ---p 00000000 00:00 0 
7b3b78000000-7b3b78021000 rw-p 00000000 00:00 0 
7b3b78021000-7b3b7c000000 ---p 00000000 00:00 0 
7b3b7c000000-7b3b7c021000 rw-p 00000000 00:00 0 
7b3b7c021000-7b3b80000000 ---p 00000000 00:00 0 
7b3b80000000-7b3b80021000 rw-p 00000000 00:00 0 
7b3b80021000-7b3b84000000 ---p 00000000 00:00 0 
7b3b84000000-7b3b8404e000 rw-p 00000000 00:00 0 
7b3b8404e000-7b3b88000000 ---p 00000000 00:00 0 
7b3b88000000-7b3b88021000 rw-p 00000000 00:00 0 
7b3b88021000-7b3b8c000000 ---p 00000000 00:00 0 
7b3b8c000000-7b3b8c003000 r--p 00000000 103:02 13905310                  /usr/lib/x86_64-linux-gnu/libgraphite2.so.3.2.1
7b3b8c003000-7b3b8c020000 r-xp 00003000 103:02 13905310                  /usr/lib/x86_64-linux-gnu/libgraphite2.so.3.2.1
7b3b8c020000-7b3b8c023000 r--p 00020000 103:02 13905310                  /usr/lib/x86_64-linux-gnu/libgraphite2.so.3.2.1
7b3b8c023000-7b3b8c025000 r--p 00022000 103:02 13905310                  /usr/lib/x86_64-linux-gnu/libgraphite2.so.3.2.1
7b3b8c025000-7b3b8c026000 rw-p 00024000 103:02 13905310                  /usr/lib/x86_64-linux-gnu/libgraphite2.so.3.2.1
7b3b8c026000-7b3b8c028000 r--p 00000000 103:02 13905667                  /usr/lib/x86_64-linux-gnu/libthai.so.0.3.1
7b3b8c028000-7b3b8c02c000 r-xp 00002000 103:02 13905667                  /usr/lib/x86_64-linux-gnu/libthai.so.0.3.1
7b3b8c02c000-7b3b8c02f000 r--p 00006000 103:02 13905667                  /usr/lib/x86_64-linux-gnu/libthai.so.0.3.1
7b3b8c02f000-7b3b8c030000 r--p 00008000 103:02 13905667                  /usr/lib/x86_64-linux-gnu/libthai.so.0.3.1
7b3b8c030000-7b3b8c031000 rw-p 00009000 103:02 13905667                  /usr/lib/x86_64-linux-gnu/libthai.so.0.3.1
7b3b8c031000-7b3b8c03a000 r--p 00000000 103:02 13905452                  /usr/lib/x86_64-linux-gnu/libmount.so.1.1.0
7b3b8c03a000-7b3b8c06e000 r-xp 00009000 103:02 13905452                  /usr/lib/x86_64-linux-gnu/libmount.so.1.1.0
7b3b8c06e000-7b3b8c07b000 r--p 0003d000 103:02 13905452                  /usr/lib/x86_64-linux-gnu/libmount.so.1.1.0
7b3b8c07b000-7b3b8c07d000 r--p 00049000 103:02 13905452                  /usr/lib/x86_64-linux-gnu/libmount.so.1.1.0
7b3b8c07d000-7b3b8c07e000 rw-p 0004b000 103:02 13905452                  /usr/lib/x86_64-linux-gnu/libmount.so.1.1.0
7b3b8c07e000-7b3b8c12f000 rw-p 00000000 00:00 0 
7b3b8c12f000-7b3b8c130000 ---p 00000000 00:00 0 
7b3b8c130000-7b3b8c930000 rw-p 00000000 00:00 0 
7b3b8c930000-7b3b8c936000 r--p 00000000 103:02 13905618                  /usr/lib/x86_64-linux-gnu/libselinux.so.1
7b3b8c936000-7b3b8c953000 r-xp 00006000 103:02 13905618                  /usr/lib/x86_64-linux-gnu/libselinux.so.1
7b3b8c953000-7b3b8c959000 r--p 00023000 103:02 13905618                  /usr/lib/x86_64-linux-gnu/libselinux.so.1
7b3b8c959000-7b3b8c95a000 r--p 00029000 103:02 13905618                  /usr/lib/x86_64-linux-gnu/libselinux.so.1
7b3b8c95a000-7b3b8c95b000 rw-p 0002a000 103:02 13905618                  /usr/lib/x86_64-linux-gnu/libselinux.so.1
7b3b8c95b000-7b3b8c95d000 rw-p 00000000 00:00 0 
7b3b8c95d000-7b3b8c95f000 r--p 00000000 103:02 13904991                  /usr/lib/x86_64-linux-gnu/libXrandr.so.2.2.0
7b3b8c95f000-7b3b8c966000 r-xp 00002000 103:02 13904991                  /usr/lib/x86_64-linux-gnu/libXrandr.so.2.2.0
7b3b8c966000-7b3b8c968000 r--p 00009000 103:02 13904991                  /usr/lib/x86_64-linux-gnu/libXrandr.so.2.2.0
7b3b8c968000-7b3b8c969000 r--p 0000a000 103:02 13904991                  /usr/lib/x86_64-linux-gnu/libXrandr.so.2.2.0
7b3b8c969000-7b3b8c96a000 rw-p 0000b000 103:02 13904991                  /usr/lib/x86_64-linux-gnu/libXrandr.so.2.2.0
7b3b8c96a000-7b3b8c96c000 r--p 00000000 103:02 13904979                  /usr/lib/x86_64-linux-gnu/libXcursor.so.1.0.2
7b3b8c96c000-7b3b8c972000 r-xp 00002000 103:02 13904979                  /usr/lib/x86_64-linux-gnu/libXcursor.so.1.0.2
7b3b8c972000-7b3b8c974000 r--p 00008000 103:02 13904979                  /usr/lib/x86_64-linux-gnu/libXcursor.so.1.0.2
7b3b8c974000-7b3b8c975000 r--p 00009000 103:02 13904979                  /usr/lib/x86_64-linux-gnu/libXcursor.so.1.0.2
7b3b8c975000-7b3b8c976000 rw-p 0000a000 103:02 13904979                  /usr/lib/x86_64-linux-gnu/libXcursor.so.1.0.2
7b3b8c976000-7b3b8c97b000 r--p 00000000 103:02 13905774                  /usr/lib/x86_64-linux-gnu/libxkbcommon.so.0.0.0
7b3b8c97b000-7b3b8c99b000 r-xp 00005000 103:02 13905774                  /usr/lib/x86_64-linux-gnu/libxkbcommon.so.0.0.0
7b3b8c99b000-7b3b8c9bc000 r--p 00025000 103:02 13905774                  /usr/lib/x86_64-linux-gnu/libxkbcommon.so.0.0.0
7b3b8c9bc000-7b3b8c9be000 r--p 00045000 103:02 13905774                  /usr/lib/x86_64-linux-gnu/libxkbcommon.so.0.0.0
7b3b8c9be000-7b3b8c9bf000 rw-p 00047000 103:02 13905774                  /usr/lib/x86_64-linux-gnu/libxkbcommon.so.0.0.0
7b3b8c9bf000-7b3b8c9cb000 r--p 00000000 103:02 13905084                  /usr/lib/x86_64-linux-gnu/libatk-bridge-2.0.so.0.0.0
7b3b8c9cb000-7b3b8c9e5000 r-xp 0000c000 103:02 13905084                  /usr/lib/x86_64-linux-gnu/libatk-bridge-2.0.so.0.0.0
7b3b8c9e5000-7b3b8c9f8000 r--p 00026000 103:02 13905084                  /usr/lib/x86_64-linux-gnu/libatk-bridge-2.0.so.0.0.0
7b3b8c9f8000-7b3b8c9f9000 r--p 00039000 103:02 13905084                  /usr/lib/x86_64-linux-gnu/libatk-bridge-2.0.so.0.0.0
7b3b8c9f9000-7b3b8c9fb000 rw-p 0003a000 103:02 13905084                  /usr/lib/x86_64-linux-gnu/libatk-bridge-2.0.so.0.0.0
7b3b8c9fb000-7b3b8c9fc000 ---p 00000000 00:00 0 
7b3b8c9fc000-7b3b8d1fc000 rw-p 00000000 00:00 0 
7b3b8d1fc000-7b3b8d1fd000 ---p 00000000 00:00 0 
7b3b8d1fd000-7b3b8d9fd000 rw-p 00000000 00:00 0 
7b3b8d9fd000-7b3b8d9fe000 ---p 00000000 00:00 0 
7b3b8d9fe000-7b3b8e1fe000 rw-p 00000000 00:00 0 
7b3b8e1fe000-7b3b8e1ff000 ---p 00000000 00:00 0 
7b3b8e1ff000-7b3b8e9ff000 rw-p 00000000 00:00 0 
7b3b8e9ff000-7b3b8ea00000 ---p 00000000 00:00 0 
7b3b8ea00000-7b3b8f200000 rw-p 00000000 00:00 0 
7b3b8f200000-7b3b8f400000 rw-s 1272de000 00:06 903                       /dev/dri/renderD128
7b3b8f400000-7b3b8f600000 rw-s 134ad0000 00:06 903                       /dev/dri/renderD128
7b3b8f600000-7b3b97808000 r-xp 00000000 103:02 13903204                  /usr/lib/x86_64-linux-gnu/libLLVM.so.20.1
7b3b97808000-7b3b97809000 ---p 08208000 103:02 13903204                  /usr/lib/x86_64-linux-gnu/libLLVM.so.20.1
7b3b97809000-7b3b97e9e000 r--p 08208000 103:02 13903204                  /usr/lib/x86_64-linux-gnu/libLLVM.so.20.1
7b3b97e9e000-7b3b97ee6000 rw-p 0889d000 103:02 13903204                  /usr/lib/x86_64-linux-gnu/libLLVM.so.20.1
7b3b97ee6000-7b3b97f8e000 rw-p 00000000 00:00 0 
7b3b97f8e000-7b3b97f8f000 r--p 00000000 103:02 13904987                  /usr/lib/x86_64-linux-gnu/libXinerama.so.1.0.0
7b3b97f8f000-7b3b97f90000 r-xp 00001000 103:02 13904987                  /usr/lib/x86_64-linux-gnu/libXinerama.so.1.0.0
7b3b97f90000-7b3b97f91000 r--p 00002000 103:02 13904987                  /usr/lib/x86_64-linux-gnu/libXinerama.so.1.0.0
7b3b97f91000-7b3b97f92000 r--p 00002000 103:02 13904987                  /usr/lib/x86_64-linux-gnu/libXinerama.so.1.0.0
7b3b97f92000-7b3b97f93000 rw-p 00003000 103:02 13904987                  /usr/lib/x86_64-linux-gnu/libXinerama.so.1.0.0
7b3b97f93000-7b3b97f94000 r--p 00000000 103:02 13904978                  /usr/lib/x86_64-linux-gnu/libXcomposite.so.1.0.0
7b3b97f94000-7b3b97f95000 r-xp 00001000 103:02 13904978                  /usr/lib/x86_64-linux-gnu/libXcomposite.so.1.0.0
7b3b97f95000-7b3b97f96000 r--p 00002000 103:02 13904978                  /usr/lib/x86_64-linux-gnu/libXcomposite.so.1.0.0
7b3b97f96000-7b3b97f97000 r--p 00002000 103:02 13904978                  /usr/lib/x86_64-linux-gnu/libXcomposite.so.1.0.0
7b3b97f97000-7b3b97f98000 rw-p 00003000 103:02 13904978                  /usr/lib/x86_64-linux-gnu/libXcomposite.so.1.0.0
7b3b97f98000-7b3b97f9d000 r--p 00000000 103:02 13905729                  /usr/lib/x86_64-linux-gnu/libwayland-client.so.0.22.0
7b3b97f9d000-7b3b97fa3000 r-xp 00005000 103:02 13905729                  /usr/lib/x86_64-linux-gnu/libwayland-client.so.0.22.0
7b3b97fa3000-7b3b97fa5000 r--p 0000b000 103:02 13905729                  /usr/lib/x86_64-linux-gnu/libwayland-client.so.0.22.0
7b3b97fa5000-7b3b97fa7000 r--p 0000d000 103:02 13905729                  /usr/lib/x86_64-linux-gnu/libwayland-client.so.0.22.0
7b3b97fa7000-7b3b97fa8000 rw-p 0000f000 103:02 13905729                  /usr/lib/x86_64-linux-gnu/libwayland-client.so.0.22.0
7b3b97fa8000-7b3b97fb3000 r--p 00000000 103:02 13905083                  /usr/lib/x86_64-linux-gnu/libatk-1.0.so.0.25209.1
7b3b97fb3000-7b3b97fc3000 r-xp 0000b000 103:02 13905083                  /usr/lib/x86_64-linux-gnu/libatk-1.0.so.0.25209.1
7b3b97fc3000-7b3b97fce000 r--p 0001b000 103:02 13905083                  /usr/lib/x86_64-linux-gnu/libatk-1.0.so.0.25209.1
7b3b97fce000-7b3b97fd1000 r--p 00026000 103:02 13905083                  /usr/lib/x86_64-linux-gnu/libatk-1.0.so.0.25209.1
7b3b97fd1000-7b3b97fd2000 rw-p 00029000 103:02 13905083                  /usr/lib/x86_64-linux-gnu/libatk-1.0.so.0.25209.1
7b3b97fd2000-7b3b97fda000 r--p 00000000 103:02 13905273                  /usr/lib/x86_64-linux-gnu/libgdk_pixbuf-2.0.so.0.4200.10
7b3b97fda000-7b3b97ff5000 r-xp 00008000 103:02 13905273                  /usr/lib/x86_64-linux-gnu/libgdk_pixbuf-2.0.so.0.4200.10
7b3b97ff5000-7b3b97ffe000 r--p 00023000 103:02 13905273                  /usr/lib/x86_64-linux-gnu/libgdk_pixbuf-2.0.so.0.4200.10
7b3b97ffe000-7b3b97fff000 r--p 0002c000 103:02 13905273                  /usr/lib/x86_64-linux-gnu/libgdk_pixbuf-2.0.so.0.4200.10
7b3b97fff000-7b3b98000000 rw-p 0002d000 103:02 13905273                  /usr/lib/x86_64-linux-gnu/libgdk_pixbuf-2.0.so.0.4200.10
7b3b98000000-7b3b987e2000 rw-p 00000000 00:00 0 
7b3b987e2000-7b3b9c000000 ---p 00000000 00:00 0 
7b3b9c000000-7b3b9c001000 r--p 00000000 103:02 13904980                  /usr/lib/x86_64-linux-gnu/libXdamage.so.1.1.0
7b3b9c001000-7b3b9c002000 r-xp 00001000 103:02 13904980                  /usr/lib/x86_64-linux-gnu/libXdamage.so.1.1.0
7b3b9c002000-7b3b9c003000 r--p 00002000 103:02 13904980                  /usr/lib/x86_64-linux-gnu/libXdamage.so.1.1.0
7b3b9c003000-7b3b9c004000 r--p 00002000 103:02 13904980                  /usr/lib/x86_64-linux-gnu/libXdamage.so.1.1.0
7b3b9c004000-7b3b9c005000 rw-p 00003000 103:02 13904980                  /usr/lib/x86_64-linux-gnu/libXdamage.so.1.1.0
7b3b9c005000-7b3b9c007000 r--p 00000000 103:02 13905730                  /usr/lib/x86_64-linux-gnu/libwayland-cursor.so.0.22.0
7b3b9c007000-7b3b9c009000 r-xp 00002000 103:02 13905730                  /usr/lib/x86_64-linux-gnu/libwayland-cursor.so.0.22.0
7b3b9c009000-7b3b9c00a000 r--p 00004000 103:02 13905730                  /usr/lib/x86_64-linux-gnu/libwayland-cursor.so.0.22.0
7b3b9c00a000-7b3b9c00b000 r--p 00004000 103:02 13905730                  /usr/lib/x86_64-linux-gnu/libwayland-cursor.so.0.22.0
7b3b9c00b000-7b3b9c00f000 rw-p 00005000 103:02 13905730                  /usr/lib/x86_64-linux-gnu/libwayland-cursor.so.0.22.0
7b3b9c00f000-7b3b9c017000 r--p 00000000 103:02 13905237                  /usr/lib/x86_64-linux-gnu/libfontconfig.so.1.12.1
7b3b9c017000-7b3b9c046000 r-xp 00008000 103:02 13905237                  /usr/lib/x86_64-linux-gnu/libfontconfig.so.1.12.1
7b3b9c046000-7b3b9c05d000 r--p 00037000 103:02 13905237                  /usr/lib/x86_64-linux-gnu/libfontconfig.so.1.12.1
7b3b9c05d000-7b3b9c05f000 r--p 0004d000 103:02 13905237                  /usr/lib/x86_64-linux-gnu/libfontconfig.so.1.12.1
7b3b9c05f000-7b3b9c060000 rw-p 0004f000 103:02 13905237                  /usr/lib/x86_64-linux-gnu/libfontconfig.so.1.12.1
7b3b9c060000-7b3b9c1fc000 rw-p 00000000 00:00 0 
7b3b9c1fc000-7b3b9c1fd000 ---p 00000000 00:00 0 
7b3b9c1fd000-7b3b9c9fd000 rw-p 00000000 00:00 0 
7b3b9c9fd000-7b3b9c9fe000 ---p 00000000 00:00 0 
7b3b9c9fe000-7b3b9d1fe000 rw-p 00000000 00:00 0 
7b3b9d1fe000-7b3b9d1ff000 ---p 00000000 00:00 0 
7b3b9d1ff000-7b3b9d9ff000 rw-p 00000000 00:00 0 
7b3b9d9ff000-7b3b9da00000 ---p 00000000 00:00 0 
7b3b9da00000-7b3b9e200000 rw-p 00000000 00:00 0 
7b3b9e200000-7b3b9e201000 r--p 00000000 103:02 13905372                  /usr/lib/x86_64-linux-gnu/libicudata.so.74.2
7b3b9e201000-7b3b9e202000 r-xp 00001000 103:02 13905372                  /usr/lib/x86_64-linux-gnu/libicudata.so.74.2
7b3b9e202000-7b3b9ff5e000 r--p 00002000 103:02 13905372                  /usr/lib/x86_64-linux-gnu/libicudata.so.74.2
7b3b9ff5e000-7b3b9ff5f000 r--p 01d5d000 103:02 13905372                  /usr/lib/x86_64-linux-gnu/libicudata.so.74.2
7b3b9ff5f000-7b3b9ff60000 rw-p 01d5e000 103:02 13905372                  /usr/lib/x86_64-linux-gnu/libicudata.so.74.2
7b3b9ff60000-7b3b9ff64000 r--p 00000000 103:02 13923285                  /usr/share/fonts/truetype/noto/NotoSansCypriot-Regular.ttf
7b3b9ff64000-7b3b9ff67000 r--p 00000000 103:02 13904986                  /usr/lib/x86_64-linux-gnu/libXi.so.6.1.0
7b3b9ff67000-7b3b9ff73000 r-xp 00003000 103:02 13904986                  /usr/lib/x86_64-linux-gnu/libXi.so.6.1.0
7b3b9ff73000-7b3b9ff75000 r--p 0000f000 103:02 13904986                  /usr/lib/x86_64-linux-gnu/libXi.so.6.1.0
7b3b9ff75000-7b3b9ff76000 r--p 00011000 103:02 13904986                  /usr/lib/x86_64-linux-gnu/libXi.so.6.1.0
7b3b9ff76000-7b3b9ff77000 rw-p 00012000 103:02 13904986                  /usr/lib/x86_64-linux-gnu/libXi.so.6.1.0
7b3b9ff77000-7b3b9ff79000 r--p 00000000 103:02 13905251                  /usr/lib/x86_64-linux-gnu/libfribidi.so.0.4.0
7b3b9ff79000-7b3b9ff7d000 r-xp 00002000 103:02 13905251                  /usr/lib/x86_64-linux-gnu/libfribidi.so.0.4.0
7b3b9ff7d000-7b3b9ff93000 r--p 00006000 103:02 13905251                  /usr/lib/x86_64-linux-gnu/libfribidi.so.0.4.0
7b3b9ff93000-7b3b9ff94000 r--p 0001c000 103:02 13905251                  /usr/lib/x86_64-linux-gnu/libfribidi.so.0.4.0
7b3b9ff94000-7b3b9ff95000 rw-p 0001d000 103:02 13905251                  /usr/lib/x86_64-linux-gnu/libfribidi.so.0.4.0
7b3b9ff95000-7b3b9ffa8000 r--p 00000000 103:02 13905533                  /usr/lib/x86_64-linux-gnu/libpango-1.0.so.0.5200.1
7b3b9ffa8000-7b3b9ffe1000 r-xp 00013000 103:02 13905533                  /usr/lib/x86_64-linux-gnu/libpango-1.0.so.0.5200.1
7b3b9ffe1000-7b3b9fffb000 r--p 0004c000 103:02 13905533                  /usr/lib/x86_64-linux-gnu/libpango-1.0.so.0.5200.1
7b3b9fffb000-7b3b9ffff000 r--p 00065000 103:02 13905533                  /usr/lib/x86_64-linux-gnu/libpango-1.0.so.0.5200.1
7b3b9ffff000-7b3ba0000000 rw-p 00069000 103:02 13905533                  /usr/lib/x86_64-linux-gnu/libpango-1.0.so.0.5200.1
7b3ba0000000-7b3ba0021000 rw-p 00000000 00:00 0 
7b3ba0021000-7b3ba4000000 ---p 00000000 00:00 0 
7b3ba4000000-7b3ba4021000 rw-p 00000000 00:00 0 
7b3ba4021000-7b3ba8000000 ---p 00000000 00:00 0 
7b3ba8000000-7b3ba8021000 rw-p 00000000 00:00 0 
7b3ba8021000-7b3bac000000 ---p 00000000 00:00 0 
7b3bac000000-7b3bac021000 rw-p 00000000 00:00 0 
7b3bac021000-7b3bb0000000 ---p 00000000 00:00 0 
7b3bb0000000-7b3bb1c24000 rw-p 00000000 00:00 0 
7b3bb1c24000-7b3bb4000000 ---p 00000000 00:00 0 
7b3bb4000000-7b3bb49d7000 rw-p 00000000 00:00 0 
7b3bb49d7000-7b3bb8000000 ---p 00000000 00:00 0 
7b3bb8000000-7b3bb8021000 rw-p 00000000 00:00 0 
7b3bb8021000-7b3bbc000000 ---p 00000000 00:00 0 
7b3bbc000000-7b3bbc021000 rw-p 00000000 00:00 0 
7b3bbc021000-7b3bc0000000 ---p 00000000 00:00 0 
7b3bc0000000-7b3bc0021000 rw-p 00000000 00:00 0 
7b3bc0021000-7b3bc4000000 ---p 00000000 00:00 0 
7b3bc4000000-7b3bc4021000 rw-p 00000000 00:00 0 
7b3bc4021000-7b3bc8000000 ---p 00000000 00:00 0 
7b3bc8000000-7b3bc8021000 rw-p 00000000 00:00 0 
7b3bc8021000-7b3bcc000000 ---p 00000000 00:00 0 
7b3bcc002000-7b3bcc003000 r--p 00000000 103:02 13905731                  /usr/lib/x86_64-linux-gnu/libwayland-egl.so.1.22.0
7b3bcc003000-7b3bcc004000 r-xp 00001000 103:02 13905731                  /usr/lib/x86_64-linux-gnu/libwayland-egl.so.1.22.0
7b3bcc004000-7b3bcc005000 r--p 00002000 103:02 13905731                  /usr/lib/x86_64-linux-gnu/libwayland-egl.so.1.22.0
7b3bcc005000-7b3bcc006000 r--p 00002000 103:02 13905731                  /usr/lib/x86_64-linux-gnu/libwayland-egl.so.1.22.0
7b3bcc006000-7b3bcc007000 rw-p 00003000 103:02 13905731                  /usr/lib/x86_64-linux-gnu/libwayland-egl.so.1.22.0
7b3bcc007000-7b3bcc009000 r--p 00000000 103:02 13904983                  /usr/lib/x86_64-linux-gnu/libXfixes.so.3.1.0
7b3bcc009000-7b3bcc00c000 r-xp 00002000 103:02 13904983                  /usr/lib/x86_64-linux-gnu/libXfixes.so.3.1.0
7b3bcc00c000-7b3bcc00d000 r--p 00005000 103:02 13904983                  /usr/lib/x86_64-linux-gnu/libXfixes.so.3.1.0
7b3bcc00d000-7b3bcc00e000 r--p 00005000 103:02 13904983                  /usr/lib/x86_64-linux-gnu/libXfixes.so.3.1.0
7b3bcc00e000-7b3bcc00f000 rw-p 00006000 103:02 13904983                  /usr/lib/x86_64-linux-gnu/libXfixes.so.3.1.0
7b3bcc00f000-7b3bcc017000 r--p 00000000 103:02 13905535                  /usr/lib/x86_64-linux-gnu/libpangoft2-1.0.so.0.5200.1
7b3bcc017000-7b3bcc024000 r-xp 00008000 103:02 13905535                  /usr/lib/x86_64-linux-gnu/libpangoft2-1.0.so.0.5200.1
7b3bcc024000-7b3bcc028000 r--p 00015000 103:02 13905535                  /usr/lib/x86_64-linux-gnu/libpangoft2-1.0.so.0.5200.1
7b3bcc028000-7b3bcc029000 r--p 00019000 103:02 13905535                  /usr/lib/x86_64-linux-gnu/libpangoft2-1.0.so.0.5200.1
7b3bcc029000-7b3bcc02a000 rw-p 0001a000 103:02 13905535                  /usr/lib/x86_64-linux-gnu/libpangoft2-1.0.so.0.5200.1
7b3bcc02a000-7b3bcc039000 r--p 00000000 103:02 13905302                  /usr/lib/x86_64-linux-gnu/libgobject-2.0.so.0.8000.0
7b3bcc039000-7b3bcc070000 r-xp 0000f000 103:02 13905302                  /usr/lib/x86_64-linux-gnu/libgobject-2.0.so.0.8000.0
7b3bcc070000-7b3bcc089000 r--p 00046000 103:02 13905302                  /usr/lib/x86_64-linux-gnu/libgobject-2.0.so.0.8000.0
7b3bcc089000-7b3bcc08c000 r--p 0005e000 103:02 13905302                  /usr/lib/x86_64-linux-gnu/libgobject-2.0.so.0.8000.0
7b3bcc08c000-7b3bcc08d000 rw-p 00061000 103:02 13905302                  /usr/lib/x86_64-linux-gnu/libgobject-2.0.so.0.8000.0
7b3bcc08d000-7b3bcc1ce000 rw-s 00000000 103:02 19136608                  /home/olimjon/.cache/mesa_shader_cache_db/index
7b3bcc1ce000-7b3bcc1d1000 r--p 00000000 103:02 13905429                  /usr/lib/x86_64-linux-gnu/liblzma.so.5.4.5
7b3bcc1d1000-7b3bcc1f3000 r-xp 00003000 103:02 13905429                  /usr/lib/x86_64-linux-gnu/liblzma.so.5.4.5
7b3bcc1f3000-7b3bcc1fe000 r--p 00025000 103:02 13905429                  /usr/lib/x86_64-linux-gnu/liblzma.so.5.4.5
7b3bcc1fe000-7b3bcc1ff000 r--p 00030000 103:02 13905429                  /usr/lib/x86_64-linux-gnu/liblzma.so.5.4.5
7b3bcc1ff000-7b3bcc200000 rw-p 00031000 103:02 13905429                  /usr/lib/x86_64-linux-gnu/liblzma.so.5.4.5
7b3bcc200000-7b3bcc268000 r--p 00000000 103:02 13905377                  /usr/lib/x86_64-linux-gnu/libicuuc.so.74.2
7b3bcc268000-7b3bcc36d000 r-xp 00068000 103:02 13905377                  /usr/lib/x86_64-linux-gnu/libicuuc.so.74.2
7b3bcc36d000-7b3bcc3f7000 r--p 0016d000 103:02 13905377                  /usr/lib/x86_64-linux-gnu/libicuuc.so.74.2
7b3bcc3f7000-7b3bcc40a000 r--p 001f7000 103:02 13905377                  /usr/lib/x86_64-linux-gnu/libicuuc.so.74.2
7b3bcc40a000-7b3bcc40b000 rw-p 0020a000 103:02 13905377                  /usr/lib/x86_64-linux-gnu/libicuuc.so.74.2
7b3bcc40b000-7b3bcc40d000 rw-p 00000000 00:00 0 
7b3bcc40d000-7b3bcc412000 r--p 00000000 103:02 13905534                  /usr/lib/x86_64-linux-gnu/libpangocairo-1.0.so.0.5200.1
7b3bcc412000-7b3bcc41a000 r-xp 00005000 103:02 13905534                  /usr/lib/x86_64-linux-gnu/libpangocairo-1.0.so.0.5200.1
7b3bcc41a000-7b3bcc41c000 r--p 0000d000 103:02 13905534                  /usr/lib/x86_64-linux-gnu/libpangocairo-1.0.so.0.5200.1
7b3bcc41c000-7b3bcc41d000 r--p 0000f000 103:02 13905534                  /usr/lib/x86_64-linux-gnu/libpangocairo-1.0.so.0.5200.1
7b3bcc41d000-7b3bcc41e000 rw-p 00010000 103:02 13905534                  /usr/lib/x86_64-linux-gnu/libpangocairo-1.0.so.0.5200.1
7b3bcc41e000-7b3bcc44d000 r--p 00000000 103:02 13910290                  /usr/lib/x86_64-linux-gnu/libxml2.so.2.9.14
7b3bcc44d000-7b3bcc5b3000 r-xp 0002f000 103:02 13910290                  /usr/lib/x86_64-linux-gnu/libxml2.so.2.9.14
7b3bcc5b3000-7b3bcc5f5000 r--p 00195000 103:02 13910290                  /usr/lib/x86_64-linux-gnu/libxml2.so.2.9.14
7b3bcc5f5000-7b3bcc5fe000 r--p 001d6000 103:02 13910290                  /usr/lib/x86_64-linux-gnu/libxml2.so.2.9.14
7b3bcc5fe000-7b3bcc5ff000 rw-p 001df000 103:02 13910290                  /usr/lib/x86_64-linux-gnu/libxml2.so.2.9.14
7b3bcc5ff000-7b3bcc600000 rw-p 00000000 00:00 0 
7b3bcc600000-7b3bcc6ca000 r--p 00000000 103:02 13903513                  /usr/lib/x86_64-linux-gnu/libgallium-25.0.7-0ubuntu0.24.04.2.so
7b3bcc6ca000-7b3bcddfc000 r-xp 000ca000 103:02 13903513                  /usr/lib/x86_64-linux-gnu/libgallium-25.0.7-0ubuntu0.24.04.2.so
7b3bcddfc000-7b3bcecac000 r--p 017fc000 103:02 13903513                  /usr/lib/x86_64-linux-gnu/libgallium-25.0.7-0ubuntu0.24.04.2.so
7b3bcecac000-7b3bcedb5000 r--p 026ab000 103:02 13903513                  /usr/lib/x86_64-linux-gnu/libgallium-25.0.7-0ubuntu0.24.04.2.so
7b3bcedb5000-7b3bcedce000 rw-p 027b4000 103:02 13903513                  /usr/lib/x86_64-linux-gnu/libgallium-25.0.7-0ubuntu0.24.04.2.so
7b3bcedce000-7b3bcef90000 rw-p 00000000 00:00 0 
7b3bcef90000-7b3bcef94000 r--p 00000000 103:02 13923267                  /usr/share/fonts/truetype/noto/NotoSansBatak-Regular.ttf
7b3bcef94000-7b3bcef98000 r--p 00000000 103:02 13905130                  /usr/lib/x86_64-linux-gnu/libcairo-gobject.so.2.11800.0
7b3bcef98000-7b3bcef9a000 r-xp 00004000 103:02 13905130                  /usr/lib/x86_64-linux-gnu/libcairo-gobject.so.2.11800.0
7b3bcef9a000-7b3bcef9d000 r--p 00006000 103:02 13905130                  /usr/lib/x86_64-linux-gnu/libcairo-gobject.so.2.11800.0
7b3bcef9d000-7b3bcef9f000 r--p 00008000 103:02 13905130                  /usr/lib/x86_64-linux-gnu/libcairo-gobject.so.2.11800.0
7b3bcef9f000-7b3bcefa0000 rw-p 0000a000 103:02 13905130                  /usr/lib/x86_64-linux-gnu/libcairo-gobject.so.2.11800.0
7b3bcefa1000-7b3bcefa3000 r--p 00000000 103:02 13905135                  /usr/lib/x86_64-linux-gnu/libcanberra-gtk3.so.0.1.9
7b3bcefa3000-7b3bcefa5000 r-xp 00002000 103:02 13905135                  /usr/lib/x86_64-linux-gnu/libcanberra-gtk3.so.0.1.9
7b3bcefa5000-7b3bcefa6000 r--p 00004000 103:02 13905135                  /usr/lib/x86_64-linux-gnu/libcanberra-gtk3.so.0.1.9
7b3bcefa6000-7b3bcefa7000 r--p 00004000 103:02 13905135                  /usr/lib/x86_64-linux-gnu/libcanberra-gtk3.so.0.1.9
7b3bcefa7000-7b3bcefa8000 rw-p 00005000 103:02 13905135                  /usr/lib/x86_64-linux-gnu/libcanberra-gtk3.so.0.1.9
7b3bcefa8000-7b3bcefaa000 r--p 00000000 103:02 13907116                  /usr/lib/x86_64-linux-gnu/gtk-3.0/modules/libcanberra-gtk3-module.so
7b3bcefaa000-7b3bcefad000 r-xp 00002000 103:02 13907116                  /usr/lib/x86_64-linux-gnu/gtk-3.0/modules/libcanberra-gtk3-module.so
7b3bcefad000-7b3bcefae000 r--p 00005000 103:02 13907116                  /usr/lib/x86_64-linux-gnu/gtk-3.0/modules/libcanberra-gtk3-module.so
7b3bcefae000-7b3bcefaf000 r--p 00005000 103:02 13907116                  /usr/lib/x86_64-linux-gnu/gtk-3.0/modules/libcanberra-gtk3-module.so
7b3bcefaf000-7b3bcefb0000 rw-p 00006000 103:02 13907116                  /usr/lib/x86_64-linux-gnu/gtk-3.0/modules/libcanberra-gtk3-module.so
7b3bcefb0000-7b3bcefbf000 r-xp 00000000 103:02 19402244                  /home/olimjon/Downloads/openjfx-17.0.17_linux-x64_bin-sdk/javafx-sdk-17.0.17/lib/libprism_sw.so
7b3bcefbf000-7b3bcefc0000 r--p 0000e000 103:02 19402244                  /home/olimjon/Downloads/openjfx-17.0.17_linux-x64_bin-sdk/javafx-sdk-17.0.17/lib/libprism_sw.so
7b3bcefc0000-7b3bcefc1000 rw-p 0000f000 103:02 19402244                  /home/olimjon/Downloads/openjfx-17.0.17_linux-x64_bin-sdk/javafx-sdk-17.0.17/lib/libprism_sw.so
7b3bcefc1000-7b3bcefcf000 r--p 00000000 103:02 13905674                  /usr/lib/x86_64-linux-gnu/libtinfo.so.6.4
7b3bcefcf000-7b3bcefe2000 r-xp 0000e000 103:02 13905674                  /usr/lib/x86_64-linux-gnu/libtinfo.so.6.4
7b3bcefe2000-7b3bceff0000 r--p 00021000 103:02 13905674                  /usr/lib/x86_64-linux-gnu/libtinfo.so.6.4
7b3bceff0000-7b3bceff4000 r--p 0002e000 103:02 13905674                  /usr/lib/x86_64-linux-gnu/libtinfo.so.6.4
7b3bceff4000-7b3bceff5000 rw-p 00032000 103:02 13905674                  /usr/lib/x86_64-linux-gnu/libtinfo.so.6.4
7b3bceff5000-7b3bceff7000 r--p 00000000 103:02 13905544                  /usr/lib/x86_64-linux-gnu/libpciaccess.so.0.11.1
7b3bceff7000-7b3bceffc000 r-xp 00002000 103:02 13905544                  /usr/lib/x86_64-linux-gnu/libpciaccess.so.0.11.1
7b3bceffc000-7b3bceffe000 r--p 00007000 103:02 13905544                  /usr/lib/x86_64-linux-gnu/libpciaccess.so.0.11.1
7b3bceffe000-7b3bcefff000 r--p 00008000 103:02 13905544                  /usr/lib/x86_64-linux-gnu/libpciaccess.so.0.11.1
7b3bcefff000-7b3bcf000000 rw-p 00009000 103:02 13905544                  /usr/lib/x86_64-linux-gnu/libpciaccess.so.0.11.1
7b3bcf000000-7b3bcf400000 rw-p 00000000 00:00 0 
7b3bcf400000-7b3bcfbe0000 rw-p 00000000 00:00 0 
7b3bcfbe0000-7b3bcfd00000 rw-p 00000000 00:00 0 
7b3bcfd00000-7b3bcff00000 rw-p 00000000 00:00 0 
7b3bcff00000-7b3bd0000000 rw-p 00000000 00:00 0 
7b3bd0000000-7b3bd0380000 rw-p 00000000 00:00 0 
7b3bd0380000-7b3bd0400000 rw-p 00000000 00:00 0 
7b3bd0400000-7b3bd09e0000 rw-p 00000000 00:00 0 
7b3bd09e0000-7b3bd0a00000 rw-p 00000000 00:00 0 
7b3bd0a00000-7b3bd0b80000 rw-p 00000000 00:00 0 
7b3bd0b80000-7b3bd0c00000 rw-p 00000000 00:00 0 
7b3bd0c00000-7b3bd0f00000 rw-p 00000000 00:00 0 
7b3bd0f00000-7b3bd1000000 rw-p 00000000 00:00 0 
7b3bd1000000-7b3bd1660000 rw-p 00000000 00:00 0 
7b3bd1660000-7b3bd1680000 rw-p 00000000 00:00 0 
7b3bd1680000-7b3bd1700000 rw-p 00000000 00:00 0 
7b3bd1700000-7b3bd1900000 rw-p 00000000 00:00 0 
7b3bd1900000-7b3bd2800000 rw-p 00000000 00:00 0 
7b3bd2800000-7b3bd2b00000 rw-p 00000000 00:00 0 
7b3bd2b00000-7b3bd2c00000 rw-p 00000000 00:00 0 
7b3bd2c00000-7b3bd3000000 rw-p 00000000 00:00 0 
7b3bd3000000-7b3bd3bca000 rw-p 00001000 103:02 14432683                  /usr/lib/jvm/java-17-openjdk-amd64/lib/server/classes.jsa
7b3bd3bca000-7b3bd4000000 ---p 00000000 00:00 0 
7b3bd4000000-7b3bd4040000 rw-p 00000000 00:00 0 
7b3bd4040000-7b3bd4080000 rw-p 00000000 00:00 0 
7b3bd4080000-7b3bd40e0000 rw-p 00000000 00:00 0 
7b3bd40e0000-7b3bd4100000 rw-p 00000000 00:00 0 
7b3bd4100000-7b3bd41e0000 rw-p 00000000 00:00 0 
7b3bd41e0000-7b3bd4240000 rw-p 00000000 00:00 0 
7b3bd4240000-7b3bd44c0000 rw-p 00000000 00:00 0 
7b3bd44c0000-7b3bd4500000 rw-p 00000000 00:00 0 
7b3bd4500000-7b3bd4640000 rw-p 00000000 00:00 0 
7b3bd4640000-7b3bd4ac0000 rw-p 00000000 00:00 0 
7b3bd4ac0000-7b3bd4b00000 rw-p 00000000 00:00 0 
7b3bd4b00000-7b3bd4dc0000 rw-p 00000000 00:00 0 
7b3bd4dc0000-7b3bd4df0000 rw-p 00000000 00:00 0 
7b3bd4df0000-7b3bd4e00000 ---p 00000000 00:00 0 
7b3bd4e00000-7b3bd4f70000 rw-p 00000000 00:00 0 
7b3bd4f70000-7b3c14000000 ---p 00000000 00:00 0 
7b3c14000000-7b3c14021000 rw-p 00000000 00:00 0 
7b3c14021000-7b3c18000000 ---p 00000000 00:00 0 
7b3c18000000-7b3c18033000 rw-p 00000000 00:00 0 
7b3c18033000-7b3c1c000000 ---p 00000000 00:00 0 
7b3c1c000000-7b3c1c021000 rw-p 00000000 00:00 0 
7b3c1c021000-7b3c20000000 ---p 00000000 00:00 0 
7b3c20000000-7b3c20003000 r--p 00000000 103:02 13923387                  /usr/share/fonts/truetype/noto/NotoSansPauCinHau-Regular.ttf
7b3c20003000-7b3c20005000 r--p 00000000 103:02 13905287                  /usr/lib/x86_64-linux-gnu/libgmodule-2.0.so.0.8000.0
7b3c20005000-7b3c20007000 r-xp 00002000 103:02 13905287                  /usr/lib/x86_64-linux-gnu/libgmodule-2.0.so.0.8000.0
7b3c20007000-7b3c20008000 r--p 00004000 103:02 13905287                  /usr/lib/x86_64-linux-gnu/libgmodule-2.0.so.0.8000.0
7b3c20008000-7b3c20009000 r--p 00004000 103:02 13905287                  /usr/lib/x86_64-linux-gnu/libgmodule-2.0.so.0.8000.0
7b3c20009000-7b3c2000a000 rw-p 00005000 103:02 13905287                  /usr/lib/x86_64-linux-gnu/libgmodule-2.0.so.0.8000.0
7b3c2000a000-7b3c20012000 r--p 00000000 103:02 13905207                  /usr/lib/x86_64-linux-gnu/libedit.so.2.0.72
7b3c20012000-7b3c20031000 r-xp 00008000 103:02 13905207                  /usr/lib/x86_64-linux-gnu/libedit.so.2.0.72
7b3c20031000-7b3c2003d000 r--p 00027000 103:02 13905207                  /usr/lib/x86_64-linux-gnu/libedit.so.2.0.72
7b3c2003d000-7b3c2003f000 r--p 00033000 103:02 13905207                  /usr/lib/x86_64-linux-gnu/libedit.so.2.0.72
7b3c2003f000-7b3c20040000 rw-p 00035000 103:02 13905207                  /usr/lib/x86_64-linux-gnu/libedit.so.2.0.72
7b3c20040000-7b3c20044000 rw-p 00000000 00:00 0 
7b3c20044000-7b3c20046000 r--p 00000000 103:02 13905231                  /usr/lib/x86_64-linux-gnu/libffi.so.8.1.4
7b3c20046000-7b3c2004d000 r-xp 00002000 103:02 13905231                  /usr/lib/x86_64-linux-gnu/libffi.so.8.1.4
7b3c2004d000-7b3c2004e000 r--p 00009000 103:02 13905231                  /usr/lib/x86_64-linux-gnu/libffi.so.8.1.4
7b3c2004e000-7b3c2004f000 r--p 0000a000 103:02 13905231                  /usr/lib/x86_64-linux-gnu/libffi.so.8.1.4
7b3c2004f000-7b3c20050000 rw-p 0000b000 103:02 13905231                  /usr/lib/x86_64-linux-gnu/libffi.so.8.1.4
7b3c20050000-7b3c20053000 r--p 00000000 103:02 13905190                  /usr/lib/x86_64-linux-gnu/libdrm_intel.so.1.0.0
7b3c20053000-7b3c20069000 r-xp 00003000 103:02 13905190                  /usr/lib/x86_64-linux-gnu/libdrm_intel.so.1.0.0
7b3c20069000-7b3c20072000 r--p 00019000 103:02 13905190                  /usr/lib/x86_64-linux-gnu/libdrm_intel.so.1.0.0
7b3c20072000-7b3c20073000 r--p 00021000 103:02 13905190                  /usr/lib/x86_64-linux-gnu/libdrm_intel.so.1.0.0
7b3c20073000-7b3c20074000 rw-p 00022000 103:02 13905190                  /usr/lib/x86_64-linux-gnu/libdrm_intel.so.1.0.0
7b3c20074000-7b3c20077000 r--p 00000000 103:02 13905189                  /usr/lib/x86_64-linux-gnu/libdrm_amdgpu.so.1.0.0
7b3c20077000-7b3c2007d000 r-xp 00003000 103:02 13905189                  /usr/lib/x86_64-linux-gnu/libdrm_amdgpu.so.1.0.0
7b3c2007d000-7b3c2007f000 r--p 00009000 103:02 13905189                  /usr/lib/x86_64-linux-gnu/libdrm_amdgpu.so.1.0.0
7b3c2007f000-7b3c20080000 r--p 0000a000 103:02 13905189                  /usr/lib/x86_64-linux-gnu/libdrm_amdgpu.so.1.0.0
7b3c20080000-7b3c20081000 rw-p 0000b000 103:02 13905189                  /usr/lib/x86_64-linux-gnu/libdrm_amdgpu.so.1.0.0
7b3c20081000-7b3c20084000 r--p 00000000 103:02 13905214                  /usr/lib/x86_64-linux-gnu/libelf-0.190.so
7b3c20084000-7b3c2009a000 r-xp 00003000 103:02 13905214                  /usr/lib/x86_64-linux-gnu/libelf-0.190.so
7b3c2009a000-7b3c2009e000 r--p 00019000 103:02 13905214                  /usr/lib/x86_64-linux-gnu/libelf-0.190.so
7b3c2009e000-7b3c2009f000 r--p 0001c000 103:02 13905214                  /usr/lib/x86_64-linux-gnu/libelf-0.190.so
7b3c2009f000-7b3c200a0000 rw-p 0001d000 103:02 13905214                  /usr/lib/x86_64-linux-gnu/libelf-0.190.so
7b3c200a0000-7b3c200a1000 r--p 00000000 103:02 13905780                  /usr/lib/x86_64-linux-gnu/libxshmfence.so.1.0.0
7b3c200a1000-7b3c200a2000 r-xp 00001000 103:02 13905780                  /usr/lib/x86_64-linux-gnu/libxshmfence.so.1.0.0
7b3c200a2000-7b3c200a3000 r--p 00002000 103:02 13905780                  /usr/lib/x86_64-linux-gnu/libxshmfence.so.1.0.0
7b3c200a3000-7b3c200a4000 r--p 00002000 103:02 13905780                  /usr/lib/x86_64-linux-gnu/libxshmfence.so.1.0.0
7b3c200a4000-7b3c200a5000 rw-p 00003000 103:02 13905780                  /usr/lib/x86_64-linux-gnu/libxshmfence.so.1.0.0
7b3c200a5000-7b3c200a8000 r--p 00000000 103:02 13905766                  /usr/lib/x86_64-linux-gnu/libxcb-sync.so.1.0.0
7b3c200a8000-7b3c200ab000 r-xp 00003000 103:02 13905766                  /usr/lib/x86_64-linux-gnu/libxcb-sync.so.1.0.0
7b3c200ab000-7b3c200ac000 r--p 00006000 103:02 13905766                  /usr/lib/x86_64-linux-gnu/libxcb-sync.so.1.0.0
7b3c200ac000-7b3c200ad000 r--p 00007000 103:02 13905766                  /usr/lib/x86_64-linux-gnu/libxcb-sync.so.1.0.0
7b3c200ad000-7b3c200ae000 rw-p 00008000 103:02 13905766                  /usr/lib/x86_64-linux-gnu/libxcb-sync.so.1.0.0
7b3c200ae000-7b3c200b5000 r--p 00000000 103:02 13905760                  /usr/lib/x86_64-linux-gnu/libxcb-randr.so.0.1.0
7b3c200b5000-7b3c200ba000 r-xp 00007000 103:02 13905760                  /usr/lib/x86_64-linux-gnu/libxcb-randr.so.0.1.0
7b3c200ba000-7b3c200bd000 r--p 0000c000 103:02 13905760                  /usr/lib/x86_64-linux-gnu/libxcb-randr.so.0.1.0
7b3c200bd000-7b3c200be000 r--p 0000f000 103:02 13905760                  /usr/lib/x86_64-linux-gnu/libxcb-randr.so.0.1.0
7b3c200be000-7b3c200bf000 rw-p 00010000 103:02 13905760                  /usr/lib/x86_64-linux-gnu/libxcb-randr.so.0.1.0
7b3c200bf000-7b3c200c1000 r--p 00000000 103:02 13905620                  /usr/lib/x86_64-linux-gnu/libsensors.so.5.0.0
7b3c200c1000-7b3c200c8000 r-xp 00002000 103:02 13905620                  /usr/lib/x86_64-linux-gnu/libsensors.so.5.0.0
7b3c200c8000-7b3c200cc000 r--p 00009000 103:02 13905620                  /usr/lib/x86_64-linux-gnu/libsensors.so.5.0.0
7b3c200cc000-7b3c200cd000 r--p 0000d000 103:02 13905620                  /usr/lib/x86_64-linux-gnu/libsensors.so.5.0.0
7b3c200cd000-7b3c200ce000 rw-p 0000e000 103:02 13905620                  /usr/lib/x86_64-linux-gnu/libsensors.so.5.0.0
7b3c200ce000-7b3c200d2000 r--p 00000000 103:02 13905787                  /usr/lib/x86_64-linux-gnu/libzstd.so.1.5.5
7b3c200d2000-7b3c20179000 r-xp 00004000 103:02 13905787                  /usr/lib/x86_64-linux-gnu/libzstd.so.1.5.5
7b3c20179000-7b3c20186000 r--p 000ab000 103:02 13905787                  /usr/lib/x86_64-linux-gnu/libzstd.so.1.5.5
7b3c20186000-7b3c20187000 r--p 000b7000 103:02 13905787                  /usr/lib/x86_64-linux-gnu/libzstd.so.1.5.5
7b3c20187000-7b3c20188000 rw-p 000b8000 103:02 13905787                  /usr/lib/x86_64-linux-gnu/libzstd.so.1.5.5
7b3c20188000-7b3c2018b000 r--p 00000000 103:02 13905768                  /usr/lib/x86_64-linux-gnu/libxcb-xfixes.so.0.0.0
7b3c2018b000-7b3c2018e000 r-xp 00003000 103:02 13905768                  /usr/lib/x86_64-linux-gnu/libxcb-xfixes.so.0.0.0
7b3c2018e000-7b3c20190000 r--p 00006000 103:02 13905768                  /usr/lib/x86_64-linux-gnu/libxcb-xfixes.so.0.0.0
7b3c20190000-7b3c20191000 r--p 00007000 103:02 13905768                  /usr/lib/x86_64-linux-gnu/libxcb-xfixes.so.0.0.0
7b3c20191000-7b3c20192000 rw-p 00008000 103:02 13905768                  /usr/lib/x86_64-linux-gnu/libxcb-xfixes.so.0.0.0
7b3c20192000-7b3c20193000 r--p 00000000 103:02 13905759                  /usr/lib/x86_64-linux-gnu/libxcb-present.so.0.0.0
7b3c20193000-7b3c20194000 r-xp 00001000 103:02 13905759                  /usr/lib/x86_64-linux-gnu/libxcb-present.so.0.0.0
7b3c20194000-7b3c20195000 r--p 00002000 103:02 13905759                  /usr/lib/x86_64-linux-gnu/libxcb-present.so.0.0.0
7b3c20195000-7b3c20196000 r--p 00002000 103:02 13905759                  /usr/lib/x86_64-linux-gnu/libxcb-present.so.0.0.0
7b3c20196000-7b3c20197000 rw-p 00003000 103:02 13905759                  /usr/lib/x86_64-linux-gnu/libxcb-present.so.0.0.0
7b3c20197000-7b3c20199000 r--p 00000000 103:02 13905754                  /usr/lib/x86_64-linux-gnu/libxcb-dri3.so.0.1.0
7b3c20199000-7b3c2019b000 r-xp 00002000 103:02 13905754                  /usr/lib/x86_64-linux-gnu/libxcb-dri3.so.0.1.0
7b3c2019b000-7b3c2019c000 r--p 00004000 103:02 13905754                  /usr/lib/x86_64-linux-gnu/libxcb-dri3.so.0.1.0
7b3c2019c000-7b3c2019d000 r--p 00004000 103:02 13905754                  /usr/lib/x86_64-linux-gnu/libxcb-dri3.so.0.1.0
7b3c2019d000-7b3c2019e000 rw-p 00005000 103:02 13905754                  /usr/lib/x86_64-linux-gnu/libxcb-dri3.so.0.1.0
7b3c2019e000-7b3c201a2000 r--p 00000000 103:02 13905225                  /usr/lib/x86_64-linux-gnu/libexpat.so.1.9.1
7b3c201a2000-7b3c201bf000 r-xp 00004000 103:02 13905225                  /usr/lib/x86_64-linux-gnu/libexpat.so.1.9.1
7b3c201bf000-7b3c201c7000 r--p 00021000 103:02 13905225                  /usr/lib/x86_64-linux-gnu/libexpat.so.1.9.1
7b3c201c7000-7b3c201c9000 r--p 00028000 103:02 13905225                  /usr/lib/x86_64-linux-gnu/libexpat.so.1.9.1
7b3c201c9000-7b3c201ca000 rw-p 0002a000 103:02 13905225                  /usr/lib/x86_64-linux-gnu/libexpat.so.1.9.1
7b3c201ca000-7b3c201d5000 r--p 00000000 103:02 13905755                  /usr/lib/x86_64-linux-gnu/libxcb-glx.so.0.0.0
7b3c201d5000-7b3c201de000 r-xp 0000b000 103:02 13905755                  /usr/lib/x86_64-linux-gnu/libxcb-glx.so.0.0.0
7b3c201de000-7b3c201e3000 r--p 00014000 103:02 13905755                  /usr/lib/x86_64-linux-gnu/libxcb-glx.so.0.0.0
7b3c201e3000-7b3c201e5000 r--p 00019000 103:02 13905755                  /usr/lib/x86_64-linux-gnu/libxcb-glx.so.0.0.0
7b3c201e5000-7b3c201e6000 rw-p 0001b000 103:02 13905755                  /usr/lib/x86_64-linux-gnu/libxcb-glx.so.0.0.0
7b3c201e6000-7b3c201ff000 r--p 00000000 103:02 13904893                  /usr/lib/x86_64-linux-gnu/libGLX_mesa.so.0.0.0
7b3c201ff000-7b3c20238000 r-xp 00019000 103:02 13904893                  /usr/lib/x86_64-linux-gnu/libGLX_mesa.so.0.0.0
7b3c20238000-7b3c2024a000 r--p 00052000 103:02 13904893                  /usr/lib/x86_64-linux-gnu/libGLX_mesa.so.0.0.0
7b3c2024a000-7b3c2024e000 r--p 00063000 103:02 13904893                  /usr/lib/x86_64-linux-gnu/libGLX_mesa.so.0.0.0
7b3c2024e000-7b3c2024f000 rw-p 00067000 103:02 13904893                  /usr/lib/x86_64-linux-gnu/libGLX_mesa.so.0.0.0
7b3c2024f000-7b3c20250000 rw-p 00000000 00:00 0 
7b3c20250000-7b3c20253000 r--p 00000000 103:02 13904960                  /usr/lib/x86_64-linux-gnu/libGLX.so.0.0.0
7b3c20253000-7b3c2026e000 r-xp 00003000 103:02 13904960                  /usr/lib/x86_64-linux-gnu/libGLX.so.0.0.0
7b3c2026e000-7b3c20271000 r--p 0001e000 103:02 13904960                  /usr/lib/x86_64-linux-gnu/libGLX.so.0.0.0
7b3c20271000-7b3c20272000 r--p 00020000 103:02 13904960                  /usr/lib/x86_64-linux-gnu/libGLX.so.0.0.0
7b3c20272000-7b3c20273000 rw-p 00021000 103:02 13904960                  /usr/lib/x86_64-linux-gnu/libGLX.so.0.0.0
7b3c20273000-7b3c20283000 rw-p 00000000 00:00 0 
7b3c20283000-7b3c202c4000 r--p 00000000 103:02 13904962                  /usr/lib/x86_64-linux-gnu/libGLdispatch.so.0.0.0
7b3c202c4000-7b3c20303000 r-xp 00041000 103:02 13904962                  /usr/lib/x86_64-linux-gnu/libGLdispatch.so.0.0.0
7b3c20303000-7b3c20316000 r--p 00080000 103:02 13904962                  /usr/lib/x86_64-linux-gnu/libGLdispatch.so.0.0.0
7b3c20316000-7b3c20332000 r--p 00093000 103:02 13904962                  /usr/lib/x86_64-linux-gnu/libGLdispatch.so.0.0.0
7b3c20332000-7b3c20333000 rw-p 000af000 103:02 13904962                  /usr/lib/x86_64-linux-gnu/libGLdispatch.so.0.0.0
7b3c20333000-7b3c2033b000 rw-p 00000000 00:00 0 
7b3c2033b000-7b3c2037e000 r--p 00000000 103:02 13904957                  /usr/lib/x86_64-linux-gnu/libGL.so.1.7.0
7b3c2037e000-7b3c2039e000 r-xp 00043000 103:02 13904957                  /usr/lib/x86_64-linux-gnu/libGL.so.1.7.0
7b3c2039e000-7b3c203b2000 r--p 00063000 103:02 13904957                  /usr/lib/x86_64-linux-gnu/libGL.so.1.7.0
7b3c203b2000-7b3c203c0000 r--p 00077000 103:02 13904957                  /usr/lib/x86_64-linux-gnu/libGL.so.1.7.0
7b3c203c0000-7b3c203c1000 rw-p 00085000 103:02 13904957                  /usr/lib/x86_64-linux-gnu/libGL.so.1.7.0
7b3c203c1000-7b3c203c2000 rw-p 00000000 00:00 0 
7b3c203c2000-7b3c203db000 r--p 00000000 103:02 13904974                  /usr/lib/x86_64-linux-gnu/libX11.so.6.4.0
7b3c203db000-7b3c2046b000 r-xp 00019000 103:02 13904974                  /usr/lib/x86_64-linux-gnu/libX11.so.6.4.0
7b3c2046b000-7b3c204fa000 r--p 000a9000 103:02 13904974                  /usr/lib/x86_64-linux-gnu/libX11.so.6.4.0
7b3c204fa000-7b3c204fb000 r--p 00138000 103:02 13904974                  /usr/lib/x86_64-linux-gnu/libX11.so.6.4.0
7b3c204fb000-7b3c204ff000 rw-p 00139000 103:02 13904974                  /usr/lib/x86_64-linux-gnu/libX11.so.6.4.0
7b3c204ff000-7b3c20503000 ---p 00000000 00:00 0 
7b3c20503000-7b3c205ff000 rw-p 00000000 00:00 0 
7b3c205ff000-7b3c20600000 ---p 00000000 00:00 0 
7b3c20600000-7b3c20700000 rw-p 00000000 00:00 0 
7b3c20700000-7b3c20704000 ---p 00000000 00:00 0 
7b3c20704000-7b3c20800000 rw-p 00000000 00:00 0 
7b3c20800000-7b3c20804000 ---p 00000000 00:00 0 
7b3c20804000-7b3c20900000 rw-p 00000000 00:00 0 
7b3c20900000-7b3c20904000 ---p 00000000 00:00 0 
7b3c20904000-7b3c20a00000 rw-p 00000000 00:00 0 
7b3c20a00000-7b3c20a04000 ---p 00000000 00:00 0 
7b3c20a04000-7b3c20b00000 rw-p 00000000 00:00 0 
7b3c20b00000-7b3c20b04000 ---p 00000000 00:00 0 
7b3c20b04000-7b3c20c00000 rw-p 00000000 00:00 0 
7b3c20c00000-7b3c20c04000 ---p 00000000 00:00 0 
7b3c20c04000-7b3c20d00000 rw-p 00000000 00:00 0 
7b3c20d00000-7b3c20d04000 ---p 00000000 00:00 0 
7b3c20d04000-7b3c20e00000 rw-p 00000000 00:00 0 
7b3c20e00000-7b3c21375000 r--p 00000000 103:02 13929360                  /usr/lib/locale/locale-archive
7b3c21375000-7b3c21379000 r--p 00000000 103:02 19137766                  /home/olimjon/.config/dconf/user
7b3c21379000-7b3c2137e000 r--p 00000000 103:02 13905188                  /usr/lib/x86_64-linux-gnu/libdrm.so.2.4.0
7b3c2137e000-7b3c2138a000 r-xp 00005000 103:02 13905188                  /usr/lib/x86_64-linux-gnu/libdrm.so.2.4.0
7b3c2138a000-7b3c2138e000 r--p 00011000 103:02 13905188                  /usr/lib/x86_64-linux-gnu/libdrm.so.2.4.0
7b3c2138e000-7b3c2138f000 r--p 00014000 103:02 13905188                  /usr/lib/x86_64-linux-gnu/libdrm.so.2.4.0
7b3c2138f000-7b3c21390000 rw-p 00015000 103:02 13905188                  /usr/lib/x86_64-linux-gnu/libdrm.so.2.4.0
7b3c21390000-7b3c21394000 r--p 00000000 103:02 13905123                  /usr/lib/x86_64-linux-gnu/libbsd.so.0.12.1
7b3c21394000-7b3c213a0000 r-xp 00004000 103:02 13905123                  /usr/lib/x86_64-linux-gnu/libbsd.so.0.12.1
7b3c213a0000-7b3c213a3000 r--p 00010000 103:02 13905123                  /usr/lib/x86_64-linux-gnu/libbsd.so.0.12.1
7b3c213a3000-7b3c213a4000 r--p 00012000 103:02 13905123                  /usr/lib/x86_64-linux-gnu/libbsd.so.0.12.1
7b3c213a4000-7b3c213a5000 rw-p 00013000 103:02 13905123                  /usr/lib/x86_64-linux-gnu/libbsd.so.0.12.1
7b3c213a5000-7b3c213a6000 rw-p 00000000 00:00 0 
7b3c213a6000-7b3c213aa000 ---p 00000000 00:00 0 
7b3c213aa000-7b3c214a6000 rw-p 00000000 00:00 0 
7b3c214a6000-7b3c214aa000 ---p 00000000 00:00 0 
7b3c214aa000-7b3c215a6000 rw-p 00000000 00:00 0 
7b3c215a6000-7b3c215aa000 ---p 00000000 00:00 0 
7b3c215aa000-7b3c216a6000 rw-p 00000000 00:00 0 
7b3c216a6000-7b3c216a7000 ---p 00000000 00:00 0 
7b3c216a7000-7b3c217a7000 rw-p 00000000 00:00 0 
7b3c217a7000-7b3c217ac000 r--p 00000000 103:02 14432665                  /usr/lib/jvm/java-17-openjdk-amd64/lib/libjsvml.so
7b3c217ac000-7b3c217ed000 r-xp 00005000 103:02 14432665                  /usr/lib/jvm/java-17-openjdk-amd64/lib/libjsvml.so
7b3c217ed000-7b3c21876000 r--p 00046000 103:02 14432665                  /usr/lib/jvm/java-17-openjdk-amd64/lib/libjsvml.so
7b3c21876000-7b3c21877000 r--p 000ce000 103:02 14432665                  /usr/lib/jvm/java-17-openjdk-amd64/lib/libjsvml.so
7b3c21877000-7b3c21878000 rw-p 000cf000 103:02 14432665                  /usr/lib/jvm/java-17-openjdk-amd64/lib/libjsvml.so
7b3c21878000-7b3c218f9000 rw-p 00000000 00:00 0 
7b3c218f9000-7b3c218fa000 ---p 00000000 00:00 0 
7b3c218fa000-7b3c219fa000 rw-p 00000000 00:00 0 
7b3c219fa000-7b3c219fb000 ---p 00000000 00:00 0 
7b3c219fb000-7b3c21afb000 rw-p 00000000 00:00 0 
7b3c21afb000-7b3c24021000 rw-p 00000000 00:00 0 
7b3c24021000-7b3c28000000 ---p 00000000 00:00 0 
7b3c28000000-7b3c28021000 rw-p 00000000 00:00 0 
7b3c28021000-7b3c2c000000 ---p 00000000 00:00 0 
7b3c2c000000-7b3c2c032000 rw-p 00000000 00:00 0 
7b3c2c032000-7b3c30000000 ---p 00000000 00:00 0 
7b3c30001000-7b3c30003000 r--p 00000000 103:02 13923266                  /usr/share/fonts/truetype/noto/NotoSansBassaVah-Regular.ttf
7b3c30003000-7b3c30005000 r--p 00000000 103:02 13905443                  /usr/lib/x86_64-linux-gnu/libmd.so.0.1.0
7b3c30005000-7b3c3000e000 r-xp 00002000 103:02 13905443                  /usr/lib/x86_64-linux-gnu/libmd.so.0.1.0
7b3c3000e000-7b3c30010000 r--p 0000b000 103:02 13905443                  /usr/lib/x86_64-linux-gnu/libmd.so.0.1.0
7b3c30010000-7b3c30011000 r--p 0000c000 103:02 13905443                  /usr/lib/x86_64-linux-gnu/libmd.so.0.1.0
7b3c30011000-7b3c30012000 rw-p 0000d000 103:02 13905443                  /usr/lib/x86_64-linux-gnu/libmd.so.0.1.0
7b3c30012000-7b3c30016000 r--p 00000000 103:02 13904982                  /usr/lib/x86_64-linux-gnu/libXext.so.6.4.0
7b3c30016000-7b3c30021000 r-xp 00004000 103:02 13904982                  /usr/lib/x86_64-linux-gnu/libXext.so.6.4.0
7b3c30021000-7b3c30024000 r--p 0000f000 103:02 13904982                  /usr/lib/x86_64-linux-gnu/libXext.so.6.4.0
7b3c30024000-7b3c30025000 r--p 00011000 103:02 13904982                  /usr/lib/x86_64-linux-gnu/libXext.so.6.4.0
7b3c30025000-7b3c30026000 rw-p 00012000 103:02 13904982                  /usr/lib/x86_64-linux-gnu/libXext.so.6.4.0
7b3c30026000-7b3c305b7000 rw-p 00000000 00:00 0 
7b3c305b7000-7b3c305b8000 ---p 00000000 00:00 0 
7b3c305b8000-7b3c306b8000 rw-p 00000000 00:00 0 
7b3c306b8000-7b3c306b9000 ---p 00000000 00:00 0 
7b3c306b9000-7b3c307b9000 rw-p 00000000 00:00 0 
7b3c307b9000-7b3c307ba000 ---p 00000000 00:00 0 
7b3c307ba000-7b3c308ba000 rw-p 00000000 00:00 0 
7b3c308ba000-7b3c30b16000 rw-p 00000000 00:00 0 
7b3c30b16000-7b3c32502000 ---p 00000000 00:00 0 
7b3c32502000-7b3c32766000 rw-p 00000000 00:00 0 
7b3c32766000-7b3c34152000 ---p 00000000 00:00 0 
7b3c34152000-7b3c341a6000 rw-p 00000000 00:00 0 
7b3c341a6000-7b3c344e3000 ---p 00000000 00:00 0 
7b3c344e3000-7b3c34530000 rw-p 00000000 00:00 0 
7b3c34530000-7b3c3486d000 ---p 00000000 00:00 0 
7b3c3486d000-7b3c348ba000 rw-p 00000000 00:00 0 
7b3c348ba000-7b3c34bf7000 ---p 00000000 00:00 0 
7b3c34bf7000-7b3c35400000 rw-p 00000000 00:00 0 
7b3c35400000-7b3c36570000 rwxp 00000000 00:00 0 
7b3c36570000-7b3c3c937000 ---p 00000000 00:00 0 
7b3c3c937000-7b3c3cba7000 rwxp 00000000 00:00 0 
7b3c3cba7000-7b3c3cec9000 ---p 00000000 00:00 0 
7b3c3cec9000-7b3c3d3a9000 rwxp 00000000 00:00 0 
7b3c3d3a9000-7b3c44400000 ---p 00000000 00:00 0 
7b3c44400000-7b3c4beb2000 r--s 00000000 103:02 14432680                  /usr/lib/jvm/java-17-openjdk-amd64/lib/modules
7b3c4beb3000-7b3c4beb4000 r--s 00000000 103:02 19174280                  /home/olimjon/.cache/fontconfig/3f7329c5293ffd510edef78f73874cfd-le64.cache-9
7b3c4beb5000-7b3c4beb6000 r--s 00000000 00:34 388                        /run/user/1000/dconf/user
7b3c4beb6000-7b3c4beb8000 r--p 00000000 103:02 13904981                  /usr/lib/x86_64-linux-gnu/libXdmcp.so.6.0.0
7b3c4beb8000-7b3c4beba000 r-xp 00002000 103:02 13904981                  /usr/lib/x86_64-linux-gnu/libXdmcp.so.6.0.0
7b3c4beba000-7b3c4bebc000 r--p 00004000 103:02 13904981                  /usr/lib/x86_64-linux-gnu/libXdmcp.so.6.0.0
7b3c4bebc000-7b3c4bebd000 r--p 00005000 103:02 13904981                  /usr/lib/x86_64-linux-gnu/libXdmcp.so.6.0.0
7b3c4bebd000-7b3c4bebe000 rw-p 00006000 103:02 13904981                  /usr/lib/x86_64-linux-gnu/libXdmcp.so.6.0.0
7b3c4bebe000-7b3c4ccb3000 rw-p 00000000 00:00 0 
7b3c4ccb3000-7b3c50000000 ---p 00000000 00:00 0 
7b3c50000000-7b3c5000b000 r--p 00000000 103:02 13905771                  /usr/lib/x86_64-linux-gnu/libxcb.so.1.1.0
7b3c5000b000-7b3c5001e000 r-xp 0000b000 103:02 13905771                  /usr/lib/x86_64-linux-gnu/libxcb.so.1.1.0
7b3c5001e000-7b3c50027000 r--p 0001e000 103:02 13905771                  /usr/lib/x86_64-linux-gnu/libxcb.so.1.1.0
7b3c50027000-7b3c50028000 r--p 00026000 103:02 13905771                  /usr/lib/x86_64-linux-gnu/libxcb.so.1.1.0
7b3c50028000-7b3c50029000 rw-p 00027000 103:02 13905771                  /usr/lib/x86_64-linux-gnu/libxcb.so.1.1.0
7b3c50029000-7b3c50134000 rw-p 00000000 00:00 0 
7b3c50134000-7b3c50215000 ---p 00000000 00:00 0 
7b3c50215000-7b3c50238000 rw-p 00000000 00:00 0 
7b3c50238000-7b3c50300000 ---p 00000000 00:00 0 
7b3c50300000-7b3c50304000 ---p 00000000 00:00 0 
7b3c50304000-7b3c50400000 rw-p 00000000 00:00 0 
7b3c50400000-7b3c5049d000 r--p 00000000 103:02 13905653                  /usr/lib/x86_64-linux-gnu/libstdc++.so.6.0.33
7b3c5049d000-7b3c505e5000 r-xp 0009d000 103:02 13905653                  /usr/lib/x86_64-linux-gnu/libstdc++.so.6.0.33
7b3c505e5000-7b3c5066c000 r--p 001e5000 103:02 13905653                  /usr/lib/x86_64-linux-gnu/libstdc++.so.6.0.33
7b3c5066c000-7b3c50677000 r--p 0026b000 103:02 13905653                  /usr/lib/x86_64-linux-gnu/libstdc++.so.6.0.33
7b3c50677000-7b3c5067a000 rw-p 00276000 103:02 13905653                  /usr/lib/x86_64-linux-gnu/libstdc++.so.6.0.33
7b3c5067a000-7b3c5067e000 rw-p 00000000 00:00 0 
7b3c5067e000-7b3c5067f000 r--p 00000000 103:02 14167948                  /usr/share/locale-langpack/en/LC_MESSAGES/gtk30.mo
7b3c5067f000-7b3c50680000 r--p 00000000 103:02 13905765                  /usr/lib/x86_64-linux-gnu/libxcb-shm.so.0.0.0
7b3c50680000-7b3c50681000 r-xp 00001000 103:02 13905765                  /usr/lib/x86_64-linux-gnu/libxcb-shm.so.0.0.0
7b3c50681000-7b3c50682000 r--p 00002000 103:02 13905765                  /usr/lib/x86_64-linux-gnu/libxcb-shm.so.0.0.0
7b3c50682000-7b3c50683000 r--p 00002000 103:02 13905765                  /usr/lib/x86_64-linux-gnu/libxcb-shm.so.0.0.0
7b3c50683000-7b3c50684000 rw-p 00003000 103:02 13905765                  /usr/lib/x86_64-linux-gnu/libxcb-shm.so.0.0.0
7b3c50684000-7b3c50685000 r--p 00000000 103:02 13896098                  /usr/lib/x86_64-linux-gnu/libdl.so.2
7b3c50685000-7b3c50686000 r-xp 00001000 103:02 13896098                  /usr/lib/x86_64-linux-gnu/libdl.so.2
7b3c50686000-7b3c50687000 r--p 00002000 103:02 13896098                  /usr/lib/x86_64-linux-gnu/libdl.so.2
7b3c50687000-7b3c50688000 r--p 00002000 103:02 13896098                  /usr/lib/x86_64-linux-gnu/libdl.so.2
7b3c50688000-7b3c50689000 rw-p 00003000 103:02 13896098                  /usr/lib/x86_64-linux-gnu/libdl.so.2
7b3c50689000-7b3c5068a000 r-xp 00000000 103:02 19402240                  /home/olimjon/Downloads/openjfx-17.0.17_linux-x64_bin-sdk/javafx-sdk-17.0.17/lib/libglass.so
7b3c5068a000-7b3c5068b000 ---p 00001000 103:02 19402240                  /home/olimjon/Downloads/openjfx-17.0.17_linux-x64_bin-sdk/javafx-sdk-17.0.17/lib/libglass.so
7b3c5068b000-7b3c5068c000 r--p 00001000 103:02 19402240                  /home/olimjon/Downloads/openjfx-17.0.17_linux-x64_bin-sdk/javafx-sdk-17.0.17/lib/libglass.so
7b3c5068c000-7b3c5068d000 rw-p 00002000 103:02 19402240                  /home/olimjon/Downloads/openjfx-17.0.17_linux-x64_bin-sdk/javafx-sdk-17.0.17/lib/libglass.so
7b3c5068d000-7b3c50694000 r--s 00000000 103:02 13896085                  /usr/lib/x86_64-linux-gnu/gconv/gconv-modules.cache
7b3c50694000-7b3c506a0000 r-xp 00000000 103:02 19402239                  /home/olimjon/Downloads/openjfx-17.0.17_linux-x64_bin-sdk/javafx-sdk-17.0.17/lib/libprism_es2.so
7b3c506a0000-7b3c506a1000 r--p 0000b000 103:02 19402239                  /home/olimjon/Downloads/openjfx-17.0.17_linux-x64_bin-sdk/javafx-sdk-17.0.17/lib/libprism_es2.so
7b3c506a1000-7b3c506a2000 rw-p 0000c000 103:02 19402239                  /home/olimjon/Downloads/openjfx-17.0.17_linux-x64_bin-sdk/javafx-sdk-17.0.17/lib/libprism_es2.so
7b3c506a2000-7b3c50717000 rw-p 00000000 00:00 0 
7b3c50717000-7b3c50727000 r--p 00000000 103:02 13896099                  /usr/lib/x86_64-linux-gnu/libm.so.6
7b3c50727000-7b3c507a6000 r-xp 00010000 103:02 13896099                  /usr/lib/x86_64-linux-gnu/libm.so.6
7b3c507a6000-7b3c507fe000 r--p 0008f000 103:02 13896099                  /usr/lib/x86_64-linux-gnu/libm.so.6
7b3c507fe000-7b3c507ff000 r--p 000e7000 103:02 13896099                  /usr/lib/x86_64-linux-gnu/libm.so.6
7b3c507ff000-7b3c50800000 rw-p 000e8000 103:02 13896099                  /usr/lib/x86_64-linux-gnu/libm.so.6
7b3c50800000-7b3c50a51000 r--p 00000000 103:02 14432686                  /usr/lib/jvm/java-17-openjdk-amd64/lib/server/libjvm.so
7b3c50a51000-7b3c517c3000 r-xp 00251000 103:02 14432686                  /usr/lib/jvm/java-17-openjdk-amd64/lib/server/libjvm.so
7b3c517c3000-7b3c51a44000 r--p 00fc3000 103:02 14432686                  /usr/lib/jvm/java-17-openjdk-amd64/lib/server/libjvm.so
7b3c51a44000-7b3c51afc000 r--p 01244000 103:02 14432686                  /usr/lib/jvm/java-17-openjdk-amd64/lib/server/libjvm.so
7b3c51afc000-7b3c51b31000 rw-p 012fc000 103:02 14432686                  /usr/lib/jvm/java-17-openjdk-amd64/lib/server/libjvm.so
7b3c51b31000-7b3c51b8b000 rw-p 00000000 00:00 0 
7b3c51b8b000-7b3c51b8c000 rw-s 10a6a2000 00:06 903                       /dev/dri/renderD128
7b3c51b8c000-7b3c51b8d000 rw-s 1236ee000 00:06 903                       /dev/dri/renderD128
7b3c51b8d000-7b3c51b8e000 r--p 00000000 103:02 13904976                  /usr/lib/x86_64-linux-gnu/libXau.so.6.0.0
7b3c51b8e000-7b3c51b90000 r-xp 00001000 103:02 13904976                  /usr/lib/x86_64-linux-gnu/libXau.so.6.0.0
7b3c51b90000-7b3c51b91000 r--p 00003000 103:02 13904976                  /usr/lib/x86_64-linux-gnu/libXau.so.6.0.0
7b3c51b91000-7b3c51b92000 r--p 00003000 103:02 13904976                  /usr/lib/x86_64-linux-gnu/libXau.so.6.0.0
7b3c51b92000-7b3c51b93000 rw-p 00004000 103:02 13904976                  /usr/lib/x86_64-linux-gnu/libXau.so.6.0.0
7b3c51b93000-7b3c51b95000 r--p 00000000 103:02 14432679                  /usr/lib/jvm/java-17-openjdk-amd64/lib/libzip.so
7b3c51b95000-7b3c51b9a000 r-xp 00002000 103:02 14432679                  /usr/lib/jvm/java-17-openjdk-amd64/lib/libzip.so
7b3c51b9a000-7b3c51b9c000 r--p 00007000 103:02 14432679                  /usr/lib/jvm/java-17-openjdk-amd64/lib/libzip.so
7b3c51b9c000-7b3c51b9d000 r--p 00008000 103:02 14432679                  /usr/lib/jvm/java-17-openjdk-amd64/lib/libzip.so
7b3c51b9d000-7b3c51b9e000 rw-p 00009000 103:02 14432679                  /usr/lib/jvm/java-17-openjdk-amd64/lib/libzip.so
7b3c51b9e000-7b3c51ba2000 r--p 00000000 103:02 14432671                  /usr/lib/jvm/java-17-openjdk-amd64/lib/libnet.so
7b3c51ba2000-7b3c51bb0000 r-xp 00004000 103:02 14432671                  /usr/lib/jvm/java-17-openjdk-amd64/lib/libnet.so
7b3c51bb0000-7b3c51bb4000 r--p 00012000 103:02 14432671                  /usr/lib/jvm/java-17-openjdk-amd64/lib/libnet.so
7b3c51bb4000-7b3c51bb5000 r--p 00015000 103:02 14432671                  /usr/lib/jvm/java-17-openjdk-amd64/lib/libnet.so
7b3c51bb5000-7b3c51bb6000 rw-p 00016000 103:02 14432671                  /usr/lib/jvm/java-17-openjdk-amd64/lib/libnet.so
7b3c51bb6000-7b3c51bbd000 r--p 00000000 103:02 14432672                  /usr/lib/jvm/java-17-openjdk-amd64/lib/libnio.so
7b3c51bbd000-7b3c51bc6000 r-xp 00007000 103:02 14432672                  /usr/lib/jvm/java-17-openjdk-amd64/lib/libnio.so
7b3c51bc6000-7b3c51bca000 r--p 00010000 103:02 14432672                  /usr/lib/jvm/java-17-openjdk-amd64/lib/libnio.so
7b3c51bca000-7b3c51bcb000 r--p 00014000 103:02 14432672                  /usr/lib/jvm/java-17-openjdk-amd64/lib/libnio.so
7b3c51bcb000-7b3c51bcc000 rw-p 00015000 103:02 14432672                  /usr/lib/jvm/java-17-openjdk-amd64/lib/libnio.so
7b3c51bcc000-7b3c51bd1000 rw-p 00000000 00:00 0 
7b3c51bd1000-7b3c51bd8000 ---p 00000000 00:00 0 
7b3c51bd8000-7b3c51be4000 r--p 00000000 103:02 14432658                  /usr/lib/jvm/java-17-openjdk-amd64/lib/libjava.so
7b3c51be4000-7b3c51bf7000 r-xp 0000c000 103:02 14432658                  /usr/lib/jvm/java-17-openjdk-amd64/lib/libjava.so
7b3c51bf7000-7b3c51bfd000 r--p 0001f000 103:02 14432658                  /usr/lib/jvm/java-17-openjdk-amd64/lib/libjava.so
7b3c51bfd000-7b3c51bfe000 r--p 00024000 103:02 14432658                  /usr/lib/jvm/java-17-openjdk-amd64/lib/libjava.so
7b3c51bfe000-7b3c51bff000 rw-p 00025000 103:02 14432658                  /usr/lib/jvm/java-17-openjdk-amd64/lib/libjava.so
7b3c51bff000-7b3c51c00000 rw-p 00000000 00:00 0 
7b3c51c00000-7b3c51c28000 r--p 00000000 103:02 13896096                  /usr/lib/x86_64-linux-gnu/libc.so.6
7b3c51c28000-7b3c51db0000 r-xp 00028000 103:02 13896096                  /usr/lib/x86_64-linux-gnu/libc.so.6
7b3c51db0000-7b3c51dff000 r--p 001b0000 103:02 13896096                  /usr/lib/x86_64-linux-gnu/libc.so.6
7b3c51dff000-7b3c51e03000 r--p 001fe000 103:02 13896096                  /usr/lib/x86_64-linux-gnu/libc.so.6
7b3c51e03000-7b3c51e05000 rw-p 00202000 103:02 13896096                  /usr/lib/x86_64-linux-gnu/libc.so.6
7b3c51e05000-7b3c51e12000 rw-p 00000000 00:00 0 
7b3c51e12000-7b3c51e13000 rw-s 1236ed000 00:06 903                       /dev/dri/renderD128
7b3c51e13000-7b3c51e14000 r--p 00000000 103:02 13905000                  /usr/lib/x86_64-linux-gnu/libXxf86vm.so.1.0.0
7b3c51e14000-7b3c51e17000 r-xp 00001000 103:02 13905000                  /usr/lib/x86_64-linux-gnu/libXxf86vm.so.1.0.0
7b3c51e17000-7b3c51e18000 r--p 00004000 103:02 13905000                  /usr/lib/x86_64-linux-gnu/libXxf86vm.so.1.0.0
7b3c51e18000-7b3c51e19000 r--p 00004000 103:02 13905000                  /usr/lib/x86_64-linux-gnu/libXxf86vm.so.1.0.0
7b3c51e19000-7b3c51e1a000 rw-p 00005000 103:02 13905000                  /usr/lib/x86_64-linux-gnu/libXxf86vm.so.1.0.0
7b3c51e1a000-7b3c51e22000 rw-s 00000000 103:02 17563773                  /tmp/hsperfdata_olimjon/109166
7b3c51e22000-7b3c51e26000 r--p 00000000 103:02 13905260                  /usr/lib/x86_64-linux-gnu/libgcc_s.so.1
7b3c51e26000-7b3c51e4a000 r-xp 00004000 103:02 13905260                  /usr/lib/x86_64-linux-gnu/libgcc_s.so.1
7b3c51e4a000-7b3c51e4e000 r--p 00028000 103:02 13905260                  /usr/lib/x86_64-linux-gnu/libgcc_s.so.1
7b3c51e4e000-7b3c51e4f000 r--p 0002b000 103:02 13905260                  /usr/lib/x86_64-linux-gnu/libgcc_s.so.1
7b3c51e4f000-7b3c51e50000 rw-p 0002c000 103:02 13905260                  /usr/lib/x86_64-linux-gnu/libgcc_s.so.1
7b3c51e50000-7b3c51e52000 rw-p 00000000 00:00 0 
7b3c51e52000-7b3c51e54000 r--p 00000000 103:02 14432662                  /usr/lib/jvm/java-17-openjdk-amd64/lib/libjli.so
7b3c51e54000-7b3c51e5e000 r-xp 00002000 103:02 14432662                  /usr/lib/jvm/java-17-openjdk-amd64/lib/libjli.so
7b3c51e5e000-7b3c51e61000 r--p 0000c000 103:02 14432662                  /usr/lib/jvm/java-17-openjdk-amd64/lib/libjli.so
7b3c51e61000-7b3c51e62000 r--p 0000f000 103:02 14432662                  /usr/lib/jvm/java-17-openjdk-amd64/lib/libjli.so
7b3c51e62000-7b3c51e63000 rw-p 00010000 103:02 14432662                  /usr/lib/jvm/java-17-openjdk-amd64/lib/libjli.so
7b3c51e63000-7b3c51e65000 r--p 00000000 103:02 13905786                  /usr/lib/x86_64-linux-gnu/libz.so.1.3
7b3c51e65000-7b3c51e77000 r-xp 00002000 103:02 13905786                  /usr/lib/x86_64-linux-gnu/libz.so.1.3
7b3c51e77000-7b3c51e7d000 r--p 00014000 103:02 13905786                  /usr/lib/x86_64-linux-gnu/libz.so.1.3
7b3c51e7d000-7b3c51e7e000 r--p 0001a000 103:02 13905786                  /usr/lib/x86_64-linux-gnu/libz.so.1.3
7b3c51e7e000-7b3c51e7f000 rw-p 0001b000 103:02 13905786                  /usr/lib/x86_64-linux-gnu/libz.so.1.3
7b3c51e7f000-7b3c51e80000 r--p 00000000 103:02 13904973                  /usr/lib/x86_64-linux-gnu/libX11-xcb.so.1.0.0
7b3c51e80000-7b3c51e81000 r-xp 00001000 103:02 13904973                  /usr/lib/x86_64-linux-gnu/libX11-xcb.so.1.0.0
7b3c51e81000-7b3c51e82000 r--p 00002000 103:02 13904973                  /usr/lib/x86_64-linux-gnu/libX11-xcb.so.1.0.0
7b3c51e82000-7b3c51e83000 r--p 00002000 103:02 13904973                  /usr/lib/x86_64-linux-gnu/libX11-xcb.so.1.0.0
7b3c51e83000-7b3c51e84000 rw-p 00003000 103:02 13904973                  /usr/lib/x86_64-linux-gnu/libX11-xcb.so.1.0.0
7b3c51e84000-7b3c51e85000 ---p 00000000 00:00 0 
7b3c51e85000-7b3c51e86000 r--p 00000000 00:00 0 
7b3c51e86000-7b3c51e87000 ---p 00000000 00:00 0 
7b3c51e87000-7b3c51e89000 r--p 00000000 103:02 14432661                  /usr/lib/jvm/java-17-openjdk-amd64/lib/libjimage.so
7b3c51e89000-7b3c51e8c000 r-xp 00002000 103:02 14432661                  /usr/lib/jvm/java-17-openjdk-amd64/lib/libjimage.so
7b3c51e8c000-7b3c51e8d000 r--p 00005000 103:02 14432661                  /usr/lib/jvm/java-17-openjdk-amd64/lib/libjimage.so
7b3c51e8d000-7b3c51e8e000 r--p 00006000 103:02 14432661                  /usr/lib/jvm/java-17-openjdk-amd64/lib/libjimage.so
7b3c51e8e000-7b3c51e8f000 rw-p 00007000 103:02 14432661                  /usr/lib/jvm/java-17-openjdk-amd64/lib/libjimage.so
7b3c51e8f000-7b3c51e91000 rw-p 00000000 00:00 0 
7b3c51e91000-7b3c51e93000 r--p 00000000 00:00 0                          [vvar]
7b3c51e93000-7b3c51e95000 r--p 00000000 00:00 0                          [vvar_vclock]
7b3c51e95000-7b3c51e97000 r-xp 00000000 00:00 0                          [vdso]
7b3c51e97000-7b3c51e98000 r--p 00000000 103:02 13896093                  /usr/lib/x86_64-linux-gnu/ld-linux-x86-64.so.2
7b3c51e98000-7b3c51ec3000 r-xp 00001000 103:02 13896093                  /usr/lib/x86_64-linux-gnu/ld-linux-x86-64.so.2
7b3c51ec3000-7b3c51ecd000 r--p 0002c000 103:02 13896093                  /usr/lib/x86_64-linux-gnu/ld-linux-x86-64.so.2
7b3c51ecd000-7b3c51ecf000 r--p 00036000 103:02 13896093                  /usr/lib/x86_64-linux-gnu/ld-linux-x86-64.so.2
7b3c51ecf000-7b3c51ed1000 rw-p 00038000 103:02 13896093                  /usr/lib/x86_64-linux-gnu/ld-linux-x86-64.so.2
7ffe2d5ea000-7ffe2d611000 rw-p 00000000 00:00 0                          [stack]
ffffffffff600000-ffffffffff601000 --xp 00000000 00:00 0                  [vsyscall]


VM Arguments:
jvm_args: --module-path=/home/olimjon/Downloads/openjfx-17.0.17_linux-x64_bin-sdk/javafx-sdk-17.0.17/lib --add-modules=javafx.controls,javafx.fxml --module-path=/home/olimjon/Downloads/openjfx-17.0.17_linux-x64_bin-sdk/javafx-sdk-17.0.17/lib --add-modules=javafx.controls,javafx.fxml -Dfile.encoding=UTF-8 -Duser.country=US -Duser.language=en -Duser.variant 
java_command: uz.tenzorsoft.scaleapplication.ScaleApplication
java_class_path (initial): /home/olimjon/Downloads/Telegram Desktop/navoiy-azot-scale-backend/build/classes/java/main:/home/olimjon/Downloads/Telegram Desktop/navoiy-azot-scale-backend/build/resources/main:/home/olimjon/.gradle/caches/modules-2/files-2.1/com.pi4j/pi4j-plugin-gpiod/2.7.0/93fd73ded4a14bccf9d748ee94db2c2517529719/pi4j-plugin-gpiod-2.7.0.jar:/home/olimjon/.gradle/caches/modules-2/files-2.1/com.pi4j/pi4j-plugin-raspberrypi/2.7.0/28b85089a0203f9cd7845f0fc3dfecce317e97c1/pi4j-plugin-raspberrypi-2.7.0.jar:/home/olimjon/.gradle/caches/modules-2/files-2.1/com.pi4j/pi4j-library-gpiod/2.7.0/638d7893e2cabfd75ab3c912d2c7063010c21af9/pi4j-library-gpiod-2.7.0.jar:/home/olimjon/.gradle/caches/modules-2/files-2.1/com.pi4j/pi4j-core/2.7.0/e9e141b1a9863480f3f6bfad36565717273671d7/pi4j-core-2.7.0.jar:/home/olimjon/.gradle/caches/modules-2/files-2.1/org.apache.httpcomponents.client5/httpclient5/5.3.1/56b53c8f4bcdaada801d311cf2ff8a24d6d96883/httpclient5-5.3.1.jar:/home/olimjon/.gradle/caches/modules-2/files-2.1/com.ghgande/j2mod/3.2.1/7c93c1e05b3c71a430b2c9363864c42292566a1b/j2mod-3.2.1.jar:/home/olimjon/.gradle/caches/modules-2/files-2.1/org.springframework.boot/spring-boot-starter-websocket/3.3.5/f34b2713e59c3717f654eeaea7a4aa0771738d4f/spring-boot-starter-websocket-3.3.5.jar:/home/olimjon/.gradle/caches/modules-2/files-2.1/org.springframework.boot/spring-boot-starter-web/3.3.5/51cc6cd5fb15f4eecfadea4ac689ed290e65c2cc/spring-boot-starter-web-3.3.5.jar:/home/olimjon/.gradle/caches/modules-2/files-2.1/com.fazecast/jSerialComm/2.9.0/fa036392013de97eb2fc5532cae1cd1bee8eae4f/jSerialComm-2.9.0.jar:/home/olimjon/.gradle/caches/modules-2/files-2.1/io.minio/minio/8.5.12/669d478e02466dcc9d7a9180d37756f3554c55bb/minio-8.5.12.jar:/home/olimjon/.gradle/caches/modules-2/files-2.1/org.springframework.boot/spring-boot-starter-validation/3.3.5/5f32f28b5573c024c9aa16369914d8f2760bd38e/spring-boot-starter-validation-3.3.5.jar:/home/olimjon/.gradle/caches/modules-2/files-2.1/org.springfr
Launcher Type: SUN_STANDARD

[Global flags]
     intx CICompilerCount                          = 4                                         {product} {ergonomic}
     uint ConcGCThreads                            = 3                                         {product} {ergonomic}
     uint G1ConcRefinementThreads                  = 10                                        {product} {ergonomic}
   size_t G1HeapRegionSize                         = 1048576                                   {product} {ergonomic}
    uintx GCDrainStackTargetSize                   = 64                                        {product} {ergonomic}
   size_t InitialHeapSize                          = 119537664                                 {product} {ergonomic}
   size_t MarkStackSize                            = 4194304                                   {product} {ergonomic}
   size_t MaxHeapSize                              = 1900019712                                {product} {ergonomic}
   size_t MaxNewSize                               = 1139802112                                {product} {ergonomic}
   size_t MinHeapDeltaBytes                        = 1048576                                   {product} {ergonomic}
   size_t MinHeapSize                              = 8388608                                   {product} {ergonomic}
    uintx NonNMethodCodeHeapSize                   = 5839372                                {pd product} {ergonomic}
    uintx NonProfiledCodeHeapSize                  = 122909434                              {pd product} {ergonomic}
    uintx ProfiledCodeHeapSize                     = 122909434                              {pd product} {ergonomic}
    uintx ReservedCodeCacheSize                    = 251658240                              {pd product} {ergonomic}
     bool SegmentedCodeCache                       = true                                      {product} {ergonomic}
   size_t SoftMaxHeapSize                          = 1900019712                             {manageable} {ergonomic}
     bool UseCompressedClassPointers               = true                           {product lp64_product} {ergonomic}
     bool UseCompressedOops                        = true                           {product lp64_product} {ergonomic}
     bool UseG1GC                                  = true                                      {product} {ergonomic}

Logging:
Log output configuration:
 #0: stdout all=warning uptime,level,tags
 #1: stderr all=off uptime,level,tags

Environment Variables:
PATH=/usr/local/sbin:/usr/local/bin:/usr/sbin:/usr/bin:/sbin:/bin:/usr/games:/usr/local/games:/snap/bin:/snap/bin
USERNAME=olimjon
SHELL=/bin/bash
DISPLAY=:1
LANG=en_US.UTF-8

Active Locale:
LC_ALL=en_US.UTF-8
LC_COLLATE=en_US.UTF-8
LC_CTYPE=en_US.UTF-8
LC_MESSAGES=en_US.UTF-8
LC_MONETARY=en_US.UTF-8
LC_NUMERIC=en_US.UTF-8
LC_TIME=en_US.UTF-8

Signal Handlers:
   SIGSEGV: crash_handler in libjvm.so, mask=11100100010111111101111111111110, flags=SA_RESTART|SA_SIGINFO, unblocked
    SIGBUS: crash_handler in libjvm.so, mask=11100100010111111101111111111110, flags=SA_RESTART|SA_SIGINFO, unblocked
    SIGFPE: crash_handler in libjvm.so, mask=11100100010111111101111111111110, flags=SA_RESTART|SA_SIGINFO, unblocked
   SIGPIPE: SIG_IGN, mask=00000000000000000000000000000000, flags=none, blocked
  *** Handler was modified!
  *** Expected: javaSignalHandler in libjvm.so, mask=11100100110111111111111111111110, flags=SA_RESTART|SA_SIGINFO
   SIGXFSZ: javaSignalHandler in libjvm.so, mask=11100100010111111101111111111110, flags=SA_RESTART|SA_SIGINFO, blocked
    SIGILL: crash_handler in libjvm.so, mask=11100100010111111101111111111110, flags=SA_RESTART|SA_SIGINFO, unblocked
   SIGUSR2: SIG_IGN, mask=00000000000000000000000000000000, flags=none, blocked
  *** Handler was modified!
  *** Expected: SR_handler in libjvm.so, mask=00100000000000000000000000000000, flags=SA_RESTART|SA_SIGINFO
    SIGHUP: SIG_IGN, mask=00000000000000000000000000000000, flags=none, blocked
    SIGINT: UserHandler in libjvm.so, mask=11100100010111111101111111111110, flags=SA_RESTART|SA_SIGINFO, blocked
   SIGTERM: SIG_IGN, mask=00000000000000000000000000000000, flags=none, blocked
   SIGQUIT: UserHandler in libjvm.so, mask=11100100010111111101111111111110, flags=SA_RESTART|SA_SIGINFO, blocked
   SIGTRAP: crash_handler in libjvm.so, mask=11100100010111111101111111111110, flags=SA_RESTART|SA_SIGINFO, unblocked


Periodic native trim disabled


---------------  S Y S T E M  ---------------

OS:
DISTRIB_ID=Ubuntu
DISTRIB_RELEASE=24.04
DISTRIB_CODENAME=noble
DISTRIB_DESCRIPTION="Ubuntu 24.04.3 LTS"
uname: Linux 6.14.0-35-generic #35~24.04.1-Ubuntu SMP PREEMPT_DYNAMIC Tue Oct 14 13:55:17 UTC 2 x86_64
OS uptime: 1 days 22:38 hours
libc: glibc 2.39 NPTL 2.39 
rlimit (soft/hard): STACK 8192k/infinity , CORE 0k/infinity , NPROC 28288/28288 , NOFILE 1048576/1048576 , AS infinity/infinity , CPU infinity/infinity , DATA infinity/infinity , FSIZE infinity/infinity , MEMLOCK 927152k/927152k
load average: 1.42 1.46 1.14

/proc/meminfo:
MemTotal:        7417220 kB
MemFree:          133092 kB
MemAvailable:     844448 kB
Buffers:            7396 kB
Cached:           908404 kB
SwapCached:        65252 kB
Active:          3828296 kB
Inactive:        2145252 kB
Active(anon):    3400008 kB
Inactive(anon):  1695836 kB
Active(file):     428288 kB
Inactive(file):   449416 kB
Unevictable:          64 kB
Mlocked:              64 kB
SwapTotal:       4194300 kB
SwapFree:        1214368 kB
Zswap:                 0 kB
Zswapped:              0 kB
Dirty:               960 kB
Writeback:             0 kB
AnonPages:       5029728 kB
Mapped:           510592 kB
Shmem:             37676 kB
KReclaimable:     102664 kB
Slab:             419108 kB
SReclaimable:     102664 kB
SUnreclaim:       316444 kB
KernelStack:       27600 kB
PageTables:        71908 kB
SecPageTables:      4808 kB
NFS_Unstable:          0 kB
Bounce:                0 kB
WritebackTmp:          0 kB
CommitLimit:     7902908 kB
Committed_AS:   24888580 kB
VmallocTotal:   34359738367 kB
VmallocUsed:       88024 kB
VmallocChunk:          0 kB
Percpu:            13488 kB
HardwareCorrupted:     0 kB
AnonHugePages:         0 kB
ShmemHugePages:        0 kB
ShmemPmdMapped:        0 kB
FileHugePages:         0 kB
FilePmdMapped:         0 kB
Unaccepted:            0 kB
HugePages_Total:       0
HugePages_Free:        0
HugePages_Rsvd:        0
HugePages_Surp:        0
Hugepagesize:       2048 kB
Hugetlb:               0 kB
DirectMap4k:     4794768 kB
DirectMap2M:     2873344 kB
DirectMap1G:     1048576 kB

/sys/kernel/mm/transparent_hugepage/enabled: always [madvise] never
/sys/kernel/mm/transparent_hugepage/hpage_pmd_size: 2097152
/sys/kernel/mm/transparent_hugepage/defrag (defrag/compaction efforts parameter): always defer defer+madvise [madvise] never

Process Memory:
Virtual Size: 10419116K (peak: 10465252K)
Resident Set Size: 554552K (peak: 554552K) (anon: 441388K, file: 106636K, shmem: 6528K)
Swapped out: 0K
C-Heap outstanding allocations: 116041K, retained: 38682K
glibc malloc tunables: (default)

/proc/sys/kernel/threads-max (system-wide limit on the number of threads): 56576
/proc/sys/vm/max_map_count (maximum number of memory map areas a process may have): 1048576
/proc/sys/vm/swappiness (control to define how aggressively the kernel swaps out anonymous memory): 60
/proc/sys/kernel/pid_max (system-wide limit on number of process identifiers): 4194304

container information not found.
Steal ticks since vm start: 0
Steal ticks percentage since vm start:  0.000

CPU: total 12 (initial active 12) (12 cores per cpu, 2 threads per core) family 23 model 104 stepping 1 microcode 0x8608108, cx8, cmov, fxsr, ht, mmx, 3dnowpref, sse, sse2, sse3, ssse3, sse4a, sse4.1, sse4.2, popcnt, lzcnt, tsc, tscinvbit, avx, avx2, aes, clmul, bmi1, bmi2, adx, sha, fma, vzeroupper, clflush, clflushopt
CPU Model and flags from /proc/cpuinfo:
model name	: AMD Ryzen 5 5500U with Radeon Graphics
flags		: fpu vme de pse tsc msr pae mce cx8 apic sep mtrr pge mca cmov pat pse36 clflush mmx fxsr sse sse2 ht syscall nx mmxext fxsr_opt pdpe1gb rdtscp lm constant_tsc rep_good nopl xtopology nonstop_tsc cpuid extd_apicid aperfmperf rapl pni pclmulqdq monitor ssse3 fma cx16 sse4_1 sse4_2 movbe popcnt aes xsave avx f16c rdrand lahf_lm cmp_legacy svm extapic cr8_legacy abm sse4a misalignsse 3dnowprefetch osvw ibs skinit wdt tce topoext perfctr_core perfctr_nb bpext perfctr_llc mwaitx cpb cat_l3 cdp_l3 hw_pstate ssbd mba ibrs ibpb stibp vmmcall fsgsbase bmi1 avx2 smep bmi2 cqm rdt_a rdseed adx smap clflushopt clwb sha_ni xsaveopt xsavec xgetbv1 cqm_llc cqm_occup_llc cqm_mbm_total cqm_mbm_local clzero irperf xsaveerptr rdpru wbnoinvd cppc arat npt lbrv svm_lock nrip_save tsc_scale vmcb_clean flushbyasid decodeassists pausefilter pfthreshold avic v_vmsave_vmload vgif v_spec_ctrl umip rdpid overflow_recov succor smca

Online cpus: 0-11
Offline cpus: 
BIOS frequency limitation: <Not Available>
Frequency switch latency (ns): 0
Available cpu frequencies: <Not Available>
Current governor: powersave
Core performance/turbo boost: 1

Memory: 4k page, physical 7417220k(133092k free), swap 4194300k(1214368k free)
Page Sizes: 4k

vm_info: OpenJDK 64-Bit Server VM (17.0.16+8-Ubuntu-0ubuntu124.04.1) for linux-amd64 JRE (17.0.16+8-Ubuntu-0ubuntu124.04.1), built on Jul 17 2025 00:01:45 by "buildd" with gcc 13.3.0

END.
