#
# A fatal error has been detected by the Java Runtime Environment:
#
#  SIGSEGV (0xb) at pc=0x00007cd67cf4997b, pid=36846, tid=36888
#
# JRE version: OpenJDK Runtime Environment (17.0.16+8) (build 17.0.16+8-Ubuntu-0ubuntu124.04.1)
# Java VM: OpenJDK 64-Bit Server VM (17.0.16+8-Ubuntu-0ubuntu124.04.1, mixed mode, sharing, tiered, compressed oops, compressed class ptrs, g1 gc, linux-amd64)
# Problematic frame:
# V  [libjvm.so+0x54997b]  AccessInternal::PostRuntimeDispatch<G1BarrierSet::AccessBarrier<598116ul, G1BarrierSet>, (AccessInternal::BarrierType)2, 598116ul>::oop_access_barrier(void*)+0xb
#
# Core dump will be written. Default location: Core dumps may be processed with "/usr/share/apport/apport -p%p -s%s -c%c -d%d -P%P -u%u -g%g -F%F -- %E" (or dumping to /home/olimjon/Downloads/Telegram Desktop/navoiy-azot-scale-backend/core.36846)
#
# If you would like to submit a bug report, please visit:
#   https://bugs.launchpad.net/ubuntu/+source/openjdk-17
#

---------------  S U M M A R Y ------------

Command Line: --module-path=/home/olimjon/Downloads/openjfx-17.0.17_linux-x64_bin-sdk/javafx-sdk-17.0.17/lib --add-modules=javafx.controls,javafx.fxml --module-path=/home/olimjon/Downloads/openjfx-17.0.17_linux-x64_bin-sdk/javafx-sdk-17.0.17/lib --add-modules=javafx.controls,javafx.fxml -Dfile.encoding=UTF-8 -Duser.country=US -Duser.language=en -Duser.variant uz.tenzorsoft.scaleapplication.ScaleApplication

Host: AMD Ryzen 5 5500U with Radeon Graphics, 12 cores, 7G, Ubuntu 24.04.3 LTS
Time: Tue Nov 18 17:20:44 2025 +05 elapsed time: 22.255993 seconds (0d 0h 0m 22s)

---------------  T H R E A D  ---------------

Current thread (0x00007cd67890ae70):  JavaThread "JavaFX Application Thread" [_thread_in_vm, id=36888, stack(0x00007cd59272f000,0x00007cd59282f000)]

Stack: [0x00007cd59272f000,0x00007cd59282f000],  sp=0x00007cd59282d260,  free space=1016k
Native frames: (J=compiled Java code, j=interpreted, Vv=VM code, C=native code)
V  [libjvm.so+0x54997b]  AccessInternal::PostRuntimeDispatch<G1BarrierSet::AccessBarrier<598116ul, G1BarrierSet>, (AccessInternal::BarrierType)2, 598116ul>::oop_access_barrier(void*)+0xb
V  [libjvm.so+0x8cd882]  jni_invoke_nonstatic(JNIEnv_*, JavaValue*, _jobject*, JNICallType, _jmethodID*, JNI_ArgumentPusher*, JavaThread*) [clone .constprop.1]+0x282
V  [libjvm.so+0x8df3ed]  jni_CallVoidMethodV+0x1cd
C  [libglassgtk3.so+0x16fc1]  JNIEnv_::CallVoidMethod(_jobject*, _jmethodID*, ...)+0x81
C  [libglassgtk3.so+0x19da5]  WindowContextBase::process_key(_GdkEventKey*)+0x195
C  [libglassgtk3.so+0x18047]  WindowContextBase::im_filter_keypress(_GdkEventKey*)+0x157
C  [libglassgtk3.so+0x25650]
C  [libgdk-3.so.0+0x3a407]
C  [libgdk-3.so.0+0x93e2e]
C  [libglib-2.0.so.0+0x5d5c5]
C  [libglib-2.0.so.0+0xbc737]
C  [libglib-2.0.so.0+0x5df87]  g_main_loop_run+0x127
C  [libgtk-3.so.0+0x1febc5]  gtk_main+0x85
C  [libglassgtk3.so+0x25392]  Java_com_sun_glass_ui_gtk_GtkApplication__1runLoop+0x52
j  com.sun.glass.ui.gtk.GtkApplication._runLoop(Ljava/lang/Runnable;Z)V+0 javafx.graphics
j  com.sun.glass.ui.gtk.GtkApplication.lambda$runLoop$11(Ljava/lang/Runnable;Z)V+7 javafx.graphics
j  com.sun.glass.ui.gtk.GtkApplication$$Lambda$95+0x00007cd600034890.run()V+12 javafx.graphics
j  java.lang.Thread.run()V+11 java.base@17.0.16
v  ~StubRoutines::call_stub
V  [libjvm.so+0x8378e2]  JavaCalls::call_helper(JavaValue*, methodHandle const&, JavaCallArguments*, JavaThread*)+0x302
V  [libjvm.so+0x838f82]  JavaCalls::call_virtual(JavaValue*, Handle, Klass*, Symbol*, Symbol*, JavaThread*)+0x1a2
V  [libjvm.so+0x9077b7]  thread_entry(JavaThread*, JavaThread*)+0xa7
V  [libjvm.so+0xebcb87]  JavaThread::thread_main_inner()+0x1b7
V  [libjvm.so+0xec0959]  Thread::call_run()+0xa9
V  [libjvm.so+0xc4233b]  thread_native_entry(Thread*)+0xeb
C  [libc.so.6+0x9caa4]

Java frames: (J=compiled Java code, j=interpreted, Vv=VM code)
j  com.sun.glass.ui.gtk.GtkApplication._runLoop(Ljava/lang/Runnable;Z)V+0 javafx.graphics
j  com.sun.glass.ui.gtk.GtkApplication.lambda$runLoop$11(Ljava/lang/Runnable;Z)V+7 javafx.graphics
j  com.sun.glass.ui.gtk.GtkApplication$$Lambda$95+0x00007cd600034890.run()V+12 javafx.graphics
j  java.lang.Thread.run()V+11 java.base@17.0.16
v  ~StubRoutines::call_stub

siginfo: si_signo: 11 (SIGSEGV), si_code: 1 (SEGV_MAPERR), si_addr: 0x000000400000048a

Registers:
RAX=0x00007cd59282d4c0, RBX=0x00007cd67890ae70, RCX=0x00007cd59282d420, RDX=0x00007cd6787e4fd8
RSP=0x00007cd59282d260, RBP=0x00007cd59282d270, RSI=0x000000400000048b, RDI=0x000000400000048a
R8 =0x00007cd67890ae70, R9 =0x00007cd580000f20, R10=0x00007cd5fb501b30, R11=0x00007cd668f7ed40
R12=0x00007cd59282d420, R13=0x00007cd59282d3b0, R14=0x00007cd6787e4fd8, R15=0x00007cd59282d420
RIP=0x00007cd67cf4997b, EFLAGS=0x0000000000010202, CSGSFS=0x002b000000000033, ERR=0x0000000000000004
  TRAPNO=0x000000000000000e

XMM[0]=0x0000000000000000 0x00007cd67890ae70
XMM[1]=0x00007cd67890ae70 0x00007cd5fb501b30
XMM[2]=0x00007cd59282d580 0x0000003000000018
XMM[3]=0x00007cd500000000 0x00007cd66893fb10
XMM[4]=0x00007cd59282c6f0 0x00007cd59282c748
XMM[5]=0x0000000000000000 0x00007cd67890ae70
XMM[6]=0x0000000000000000 0x00007cd67890ae70
XMM[7]=0x0001000600000028 0x0002001500530050
XMM[8]=0x0027001500260023 0x0018001500170014
XMM[9]=0x0000000000000000 0x00000000000000e8
XMM[10]=0x0000000000000000 0x0000000000034fe8
XMM[11]=0x0000000000000000 0x00000000b3ffffc6
XMM[12]=0x0000000000000000 0x0000000000000000
XMM[13]=0x0000000000000000 0x4008000000000000
XMM[14]=0x0000000000000000 0xc018000000000000
XMM[15]=0x0000000000000000 0x0000000000000000
  MXCSR=0x00001fa4


Register to memory mapping:

RAX=0x00007cd59282d4c0 is pointing into the stack for thread: 0x00007cd67890ae70
RBX=0x00007cd67890ae70 is a thread
RCX=0x00007cd59282d420 is pointing into the stack for thread: 0x00007cd67890ae70
RDX=0x00007cd6787e4fd8 points into unknown readable memory: 0x00007cd5fb501b30 | 30 1b 50 fb d5 7c 00 00
RSP=0x00007cd59282d260 is pointing into the stack for thread: 0x00007cd67890ae70
RBP=0x00007cd59282d270 is pointing into the stack for thread: 0x00007cd67890ae70
RSI=0x000000400000048b is an unknown value
RDI=0x000000400000048a is an unknown value
R8 =0x00007cd67890ae70 is a thread
R9 =0x00007cd580000f20 points into unknown readable memory: 0x0000000094c00bd8 | d8 0b c0 94 00 00 00 00
R10={method} {0x00007cd5fb501b30} 'notifyKey' '(II[CI)V' in 'com/sun/glass/ui/View'
R11=0x00007cd668f7ed40 is at entry_point+32 in (nmethod*)0x00007cd668f7eb90
Compiled method (c1)   22261 10934       1       com.sun.javafx.tk.quantum.WindowStage::setInAllowedEventHandler (6 bytes)
 total in heap  [0x00007cd668f7eb90,0x00007cd668f7ee28] = 664
 relocation     [0x00007cd668f7ecf0,0x00007cd668f7ed18] = 40
 main code      [0x00007cd668f7ed20,0x00007cd668f7edc0] = 160
 stub code      [0x00007cd668f7edc0,0x00007cd668f7edf0] = 48
 oops           [0x00007cd668f7edf0,0x00007cd668f7edf8] = 8
 scopes data    [0x00007cd668f7edf8,0x00007cd668f7ee00] = 8
 scopes pcs     [0x00007cd668f7ee00,0x00007cd668f7ee20] = 32
 dependencies   [0x00007cd668f7ee20,0x00007cd668f7ee28] = 8
R12=0x00007cd59282d420 is pointing into the stack for thread: 0x00007cd67890ae70
R13=0x00007cd59282d3b0 is pointing into the stack for thread: 0x00007cd67890ae70
R14=0x00007cd6787e4fd8 points into unknown readable memory: 0x00007cd5fb501b30 | 30 1b 50 fb d5 7c 00 00
R15=0x00007cd59282d420 is pointing into the stack for thread: 0x00007cd67890ae70


Top of Stack: (sp=0x00007cd59282d260)
0x00007cd59282d260:   00007cd67890ae70 00007cd59282d420
0x00007cd59282d270:   00007cd59282d390 00007cd67d2cd882
0x00007cd59282d280:   00007cd67890ae70 00007cd59282d4c0
0x00007cd59282d290:   00007cd59282d4c8 00000000000003d8
0x00007cd59282d2a0:   00007cd5dc0012d0 00007cd5dc0012e0
0x00007cd59282d2b0:   00007cd59282d2e0 00007cd59282d310
0x00007cd59282d2c0:   00007cd5dc0016b8 00007cd5dc0012e0
0x00007cd59282d2d0:   00007cd5fb501b30 00007cd67890ae70
0x00007cd59282d2e0:   00007cd6788d8c90 0000000092287960
0x00007cd59282d2f0:   00007cd60000006f 000000000000000a
0x00007cd59282d300:   000000009549ba70 00007cd500000000
0x00007cd59282d310:   00007cd67890ae70 00007cd580000ea0
0x00007cd59282d320:   00007cd5fb4f69a8 00000001000001d0
0x00007cd59282d330:   00007cd59282d890 00007cd59282d2e8
0x00007cd59282d340:   00007cd59282d329 0000000800000005
0x00007cd59282d350:   0000000000000000 0000000000000000
0x00007cd59282d360:   00007cd59282d3e0 00007cd67890ae70
0x00007cd59282d370:   00007cd6787e4fd8 000000400000048b
0x00007cd59282d380:   00007cd59282d4a8 00007cd59282d420
0x00007cd59282d390:   00007cd59282d490 00007cd67d2df3ed
0x00007cd59282d3a0:   00007cd59282d3c0 00000000000003d8
0x00007cd59282d3b0:   00007cd50000000e 00007cd500000000
0x00007cd59282d3c0:   00007cd5fb501b30 00007cd67890ae70
0x00007cd59282d3d0:   00007cd67890ae70 0000000000000000
0x00007cd59282d3e0:   00007cd59282d440 00007cd64c754ac4
0x00007cd59282d3f0:   00007cd5ff461130 000000100000000e
0x00007cd59282d400:   000000000015b55c 3a609ac6846a0d00
0x00007cd59282d410:   000000000000053a 00007cd5fb501b30
0x00007cd59282d420:   00007cd67dc52ed8 00007cd5ff461130
0x00007cd59282d430:   00007cd50000000e 000000000015b55c
0x00007cd59282d440:   0000000000000000 0000003000000018
0x00007cd59282d450:   00007cd59282d580 00007cd59282d4c0 

Instructions: (pc=0x00007cd67cf4997b)
0x00007cd67cf4987b:   d8 f0 49 0f b1 14 24 48 89 c3 48 39 c8 75 e6 48
0x00007cd67cf4988b:   83 c4 08 48 89 d0 5b 41 5c 41 5d 5d c3 0f 1f 84
0x00007cd67cf4989b:   00 00 00 00 00 48 89 c7 e8 e8 04 a3 00 48 89 c2
0x00007cd67cf498ab:   4d 85 e4 74 da 48 85 c0 75 11 eb d3 66 0f 1f 84
0x00007cd67cf498bb:   00 00 00 00 00 49 23 45 00 74 c4 48 89 d9 48 89
0x00007cd67cf498cb:   d8 f0 49 0f b1 14 24 48 89 c3 48 39 c8 75 e6 eb
0x00007cd67cf498db:   ae 0f 1f 40 00 f3 0f 1e fa 55 48 89 e5 41 54 53
0x00007cd67cf498eb:   48 8b 1f 48 85 db 74 15 48 8d 05 16 ba de 00 4c
0x00007cd67cf498fb:   8b 20 41 80 bc 24 70 07 00 00 00 75 08 48 89 d8
0x00007cd67cf4990b:   5b 41 5c 5d c3 66 48 8d 3d 80 26 db 00 66 66 48
0x00007cd67cf4991b:   e8 30 7c d0 ff 49 8d bc 24 48 06 00 00 48 89 da
0x00007cd67cf4992b:   48 8b 30 48 83 c6 20 e8 f9 ef 7a 00 48 89 d8 5b
0x00007cd67cf4993b:   41 5c 5d c3 90 f3 0f 1e fa 48 8b 07 48 8d 15 d2
0x00007cd67cf4994b:   e3 fa ff 48 8b 80 f8 00 00 00 48 39 d0 75 0e be
0x00007cd67cf4995b:   02 00 00 00 e9 dc b2 6b 00 0f 1f 40 00 ff e0 66
0x00007cd67cf4996b:   0f 1f 44 00 00 f3 0f 1e fa 55 48 89 e5 41 54 53
0x00007cd67cf4997b:   48 8b 1f 48 85 db 74 15 48 8d 05 86 b9 de 00 4c
0x00007cd67cf4998b:   8b 20 41 80 bc 24 70 07 00 00 00 75 08 48 89 d8
0x00007cd67cf4999b:   5b 41 5c 5d c3 66 48 8d 3d f0 25 db 00 66 66 48
0x00007cd67cf499ab:   e8 a0 7b d0 ff 49 8d bc 24 48 06 00 00 48 89 da
0x00007cd67cf499bb:   48 8b 30 48 83 c6 20 e8 69 ef 7a 00 48 89 d8 5b
0x00007cd67cf499cb:   41 5c 5d c3 90 f3 0f 1e fa 55 48 89 e5 53 48 89
0x00007cd67cf499db:   fb 48 83 ec 08 48 8d 05 29 b9 de 00 48 8d 15 a0
0x00007cd67cf499eb:   d9 df 00 48 8b 00 80 3a 00 8b 40 10 74 1f 83 f8
0x00007cd67cf499fb:   05 0f 87 da 00 00 00 48 8d 15 0f e3 b1 00 48 63
0x00007cd67cf49a0b:   04 82 48 01 d0 3e ff e0 0f 1f 44 00 00 83 f8 05
0x00007cd67cf49a1b:   0f 87 bb 00 00 00 48 8d 15 08 e3 b1 00 48 63 04
0x00007cd67cf49a2b:   82 48 01 d0 3e ff e0 66 0f 1f 44 00 00 48 8d 05
0x00007cd67cf49a3b:   b1 fd ff ff 48 89 05 7a 67 db 00 48 89 df 48 8b
0x00007cd67cf49a4b:   5d f8 c9 ff e0 48 8d 05 69 fd ff ff eb e6 0f 1f
0x00007cd67cf49a5b:   80 00 00 00 00 48 8d 05 69 fd ff ff eb d6 0f 1f
0x00007cd67cf49a6b:   80 00 00 00 00 48 8d 05 69 fd ff ff eb c6 0f 1f 


Stack slot to memory mapping:
stack at sp + 0 slots: 0x00007cd67890ae70 is a thread
stack at sp + 1 slots: 0x00007cd59282d420 is pointing into the stack for thread: 0x00007cd67890ae70
stack at sp + 2 slots: 0x00007cd59282d390 is pointing into the stack for thread: 0x00007cd67890ae70
stack at sp + 3 slots: 0x00007cd67d2cd882: <offset 0x00000000008cd882> in /usr/lib/jvm/java-17-openjdk-amd64/lib/server/libjvm.so at 0x00007cd67ca00000
stack at sp + 4 slots: 0x00007cd67890ae70 is a thread
stack at sp + 5 slots: 0x00007cd59282d4c0 is pointing into the stack for thread: 0x00007cd67890ae70
stack at sp + 6 slots: 0x00007cd59282d4c8 is pointing into the stack for thread: 0x00007cd67890ae70
stack at sp + 7 slots: 0x00000000000003d8 is an unknown value


---------------  P R O C E S S  ---------------

Threads class SMR info:
_java_thread_list=0x00007cd58083e1b0, length=72, elements={
0x00007cd67801d850, 0x00007cd67812bb70, 0x00007cd67812cf60, 0x00007cd6781325e0,
0x00007cd6781339a0, 0x00007cd678134dc0, 0x00007cd678136780, 0x00007cd678137cc0,
0x00007cd678141130, 0x00007cd67814f7f0, 0x00007cd678194540, 0x00007cd678262870,
0x00007cd678873bc0, 0x00007cd67890ae70, 0x00007cd678933f80, 0x00007cd578f7ac40,
0x00007cd5602c41d0, 0x00007cd578f7bc20, 0x00007cd5793da200, 0x00007cd5793e8ac0,
0x00007cd579d64d20, 0x00007cd52c036bb0, 0x00007cd52c03caf0, 0x00007cd52c0403b0,
0x00007cd57a187f20, 0x00007cd57a190020, 0x00007cd57a1911c0, 0x00007cd57a192200,
0x00007cd57a1932b0, 0x00007cd57a194360, 0x00007cd57a195a10, 0x00007cd57a196b30,
0x00007cd57a1980e0, 0x00007cd57a199690, 0x00007cd57a19ac50, 0x00007cd57a19def0,
0x00007cd57a1a43c0, 0x00007cd57a1a77f0, 0x00007cd57a1a8a30, 0x00007cd4e4001d60,
0x00007cd51c020b90, 0x00007cd51c021c70, 0x00007cd51c022d60, 0x00007cd51c023f70,
0x00007cd51c025010, 0x00007cd51c026620, 0x00007cd51c027ab0, 0x00007cd51c0290d0,
0x00007cd51c02a700, 0x00007cd51c02bd30, 0x00007cd51c02cdd0, 0x00007cd51c02e410,
0x00007cd51c02fa60, 0x00007cd57a9d0aa0, 0x00007cd51c0336b0, 0x00007cd51c03f7e0,
0x00007cd51c04da50, 0x00007cd51c04e9a0, 0x00007cd5c42ea450, 0x00007cd4e8001120,
0x00007cd5e044f100, 0x00007cd5806e2030, 0x00007cd5807c4180, 0x00007cd5808163d0,
0x00007cd5808170f0, 0x00007cd58081b620, 0x00007cd58081c720, 0x00007cd5808211b0,
0x00007cd580822640, 0x00007cd58082dfa0, 0x00007cd48c03ea20, 0x00007cd5805a8020
}

Java Threads: ( => current thread )
  0x00007cd67801d850 JavaThread "main" [_thread_blocked, id=36854, stack(0x00007cd67c900000,0x00007cd67ca00000)]
  0x00007cd67812bb70 JavaThread "Reference Handler" daemon [_thread_blocked, id=36861, stack(0x00007cd64d8a9000,0x00007cd64d9a9000)]
  0x00007cd67812cf60 JavaThread "Finalizer" daemon [_thread_blocked, id=36862, stack(0x00007cd64d7a9000,0x00007cd64d8a9000)]
  0x00007cd6781325e0 JavaThread "Signal Dispatcher" daemon [_thread_blocked, id=36863, stack(0x00007cd64d100000,0x00007cd64d200000)]
  0x00007cd6781339a0 JavaThread "Service Thread" daemon [_thread_blocked, id=36864, stack(0x00007cd64d000000,0x00007cd64d100000)]
  0x00007cd678134dc0 JavaThread "Monitor Deflation Thread" daemon [_thread_blocked, id=36865, stack(0x00007cd64cf00000,0x00007cd64d000000)]
  0x00007cd678136780 JavaThread "C2 CompilerThread0" daemon [_thread_in_native, id=36866, stack(0x00007cd64ce00000,0x00007cd64cf00000)]
  0x00007cd678137cc0 JavaThread "C1 CompilerThread0" daemon [_thread_blocked, id=36867, stack(0x00007cd64cd00000,0x00007cd64ce00000)]
  0x00007cd678141130 JavaThread "Sweeper thread" daemon [_thread_blocked, id=36868, stack(0x00007cd64cc00000,0x00007cd64cd00000)]
  0x00007cd67814f7f0 JavaThread "Common-Cleaner" daemon [_thread_blocked, id=36869, stack(0x00007cd64cb00000,0x00007cd64cc00000)]
  0x00007cd678194540 JavaThread "Notification Thread" daemon [_thread_blocked, id=36870, stack(0x00007cd64ca00000,0x00007cd64cb00000)]
  0x00007cd678262870 JavaThread "QuantumRenderer-0" daemon [_thread_blocked, id=36872, stack(0x00007cd64c7ff000,0x00007cd64c8ff000)]
  0x00007cd678873bc0 JavaThread "InvokeLaterDispatcher" daemon [_thread_blocked, id=36887, stack(0x00007cd59282f000,0x00007cd59292f000)]
=>0x00007cd67890ae70 JavaThread "JavaFX Application Thread" [_thread_in_vm, id=36888, stack(0x00007cd59272f000,0x00007cd59282f000)]
  0x00007cd678933f80 JavaThread "JavaFX-Launcher" [_thread_blocked, id=36890, stack(0x00007cd591e06000,0x00007cd591f06000)]
  0x00007cd578f7ac40 JavaThread "Catalina-utility-1" [_thread_blocked, id=36904, stack(0x00007cd59156d000,0x00007cd59166d000)]
  0x00007cd5602c41d0 JavaThread "Catalina-utility-2" [_thread_blocked, id=36905, stack(0x00007cd591069000,0x00007cd591169000)]
  0x00007cd578f7bc20 JavaThread "container-0" [_thread_blocked, id=36906, stack(0x00007cd590f69000,0x00007cd591069000)]
  0x00007cd5793da200 JavaThread "PostgreSQL-JDBC-Cleaner" daemon [_thread_blocked, id=36908, stack(0x00007cd590e69000,0x00007cd590f69000)]
  0x00007cd5793e8ac0 JavaThread "HikariPool-1 housekeeper" daemon [_thread_blocked, id=36909, stack(0x00007cd590d69000,0x00007cd590e69000)]
  0x00007cd579d64d20 JavaThread "OkHttp Dispatcher" [_thread_blocked, id=36931, stack(0x00007cd590b69000,0x00007cd590c69000)]
  0x00007cd52c036bb0 JavaThread "OkHttp TaskRunner" daemon [_thread_blocked, id=36932, stack(0x00007cd590a69000,0x00007cd590b69000)]
  0x00007cd52c03caf0 JavaThread "Okio Watchdog" daemon [_thread_blocked, id=36933, stack(0x00007cd590969000,0x00007cd590a69000)]
  0x00007cd52c0403b0 JavaThread "OkHttp Dispatcher" [_thread_blocked, id=36934, stack(0x00007cd590869000,0x00007cd590969000)]
  0x00007cd57a187f20 JavaThread "MessageBroker-1" [_thread_blocked, id=36935, stack(0x00007cd590769000,0x00007cd590869000)]
  0x00007cd57a190020 JavaThread "http-nio-8081-exec-1" daemon [_thread_blocked, id=36936, stack(0x00007cd590669000,0x00007cd590769000)]
  0x00007cd57a1911c0 JavaThread "http-nio-8081-exec-2" daemon [_thread_blocked, id=36937, stack(0x00007cd590569000,0x00007cd590669000)]
  0x00007cd57a192200 JavaThread "http-nio-8081-exec-3" daemon [_thread_blocked, id=36938, stack(0x00007cd590469000,0x00007cd590569000)]
  0x00007cd57a1932b0 JavaThread "http-nio-8081-exec-4" daemon [_thread_blocked, id=36939, stack(0x00007cd590369000,0x00007cd590469000)]
  0x00007cd57a194360 JavaThread "http-nio-8081-exec-5" daemon [_thread_blocked, id=36940, stack(0x00007cd590269000,0x00007cd590369000)]
  0x00007cd57a195a10 JavaThread "http-nio-8081-exec-6" daemon [_thread_blocked, id=36941, stack(0x00007cd590169000,0x00007cd590269000)]
  0x00007cd57a196b30 JavaThread "http-nio-8081-exec-7" daemon [_thread_blocked, id=36942, stack(0x00007cd590069000,0x00007cd590169000)]
  0x00007cd57a1980e0 JavaThread "http-nio-8081-exec-8" daemon [_thread_blocked, id=36943, stack(0x00007cd503f00000,0x00007cd504000000)]
  0x00007cd57a199690 JavaThread "http-nio-8081-exec-9" daemon [_thread_blocked, id=36944, stack(0x00007cd503e00000,0x00007cd503f00000)]
  0x00007cd57a19ac50 JavaThread "http-nio-8081-exec-10" daemon [_thread_blocked, id=36945, stack(0x00007cd503d00000,0x00007cd503e00000)]
  0x00007cd57a19def0 JavaThread "http-nio-8081-Poller" daemon [_thread_in_native, id=36946, stack(0x00007cd503c00000,0x00007cd503d00000)]
  0x00007cd57a1a43c0 JavaThread "http-nio-8081-Acceptor" daemon [_thread_in_native, id=36947, stack(0x00007cd503b00000,0x00007cd503c00000)]
  0x00007cd57a1a77f0 JavaThread "MessageBroker-2" [_thread_blocked, id=36948, stack(0x00007cd503a00000,0x00007cd503b00000)]
  0x00007cd57a1a8a30 JavaThread "MessageBroker-3" [_thread_blocked, id=36949, stack(0x00007cd503900000,0x00007cd503a00000)]
  0x00007cd4e4001d60 JavaThread "MessageBroker-4" [_thread_blocked, id=36950, stack(0x00007cd503800000,0x00007cd503900000)]
  0x00007cd51c020b90 JavaThread "Thread-3" daemon [_thread_blocked, id=36951, stack(0x00007cd503700000,0x00007cd503800000)]
  0x00007cd51c021c70 JavaThread "WebSocketClient-AsyncIO-1" daemon [_thread_blocked, id=36952, stack(0x00007cd503600000,0x00007cd503700000)]
  0x00007cd51c022d60 JavaThread "WebSocketClient-AsyncIO-2" daemon [_thread_blocked, id=36953, stack(0x00007cd503500000,0x00007cd503600000)]
  0x00007cd51c023f70 JavaThread "WebSocketClient-AsyncIO-3" daemon [_thread_blocked, id=36954, stack(0x00007cd503400000,0x00007cd503500000)]
  0x00007cd51c025010 JavaThread "WebSocketClient-AsyncIO-4" daemon [_thread_blocked, id=36955, stack(0x00007cd503300000,0x00007cd503400000)]
  0x00007cd51c026620 JavaThread "WebSocketClient-AsyncIO-5" daemon [_thread_in_native, id=36956, stack(0x00007cd503200000,0x00007cd503300000)]
  0x00007cd51c027ab0 JavaThread "WebSocketClient-AsyncIO-6" daemon [_thread_blocked, id=36957, stack(0x00007cd503100000,0x00007cd503200000)]
  0x00007cd51c0290d0 JavaThread "WebSocketClient-AsyncIO-7" daemon [_thread_blocked, id=36958, stack(0x00007cd503000000,0x00007cd503100000)]
  0x00007cd51c02a700 JavaThread "WebSocketClient-AsyncIO-8" daemon [_thread_blocked, id=36959, stack(0x00007cd502f00000,0x00007cd503000000)]
  0x00007cd51c02bd30 JavaThread "WebSocketClient-AsyncIO-9" daemon [_thread_blocked, id=36960, stack(0x00007cd502e00000,0x00007cd502f00000)]
  0x00007cd51c02cdd0 JavaThread "WebSocketClient-AsyncIO-10" daemon [_thread_blocked, id=36961, stack(0x00007cd502d00000,0x00007cd502e00000)]
  0x00007cd51c02e410 JavaThread "WebSocketClient-AsyncIO-11" daemon [_thread_blocked, id=36962, stack(0x00007cd502c00000,0x00007cd502d00000)]
  0x00007cd51c02fa60 JavaThread "WebSocketClient-AsyncIO-12" daemon [_thread_blocked, id=36963, stack(0x00007cd502b00000,0x00007cd502c00000)]
  0x00007cd57a9d0aa0 JavaThread "Prism Font Disposer" daemon [_thread_blocked, id=36965, stack(0x00007cd502740000,0x00007cd502840000)]
  0x00007cd51c0336b0 JavaThread "WebSocketClient-SecureIO-1" daemon [_thread_blocked, id=36966, stack(0x00007cd502a00000,0x00007cd502b00000)]
  0x00007cd51c03f7e0 JavaThread "WebSocketClient-SecureIO-2" daemon [_thread_blocked, id=36967, stack(0x00007cd502640000,0x00007cd502740000)]
  0x00007cd51c04da50 JavaThread "WebSocket background processing" daemon [_thread_blocked, id=36969, stack(0x00007cd501cc1000,0x00007cd501dc1000)]
  0x00007cd51c04e9a0 JavaThread "MessageBroker-5" [_thread_blocked, id=36970, stack(0x00007cd501bc1000,0x00007cd501cc1000)]
  0x00007cd5c42ea450 JavaThread "Cleaner-0" daemon [_thread_blocked, id=36972, stack(0x00007cd500f7a000,0x00007cd50107a000)]
  0x00007cd4e8001120 JavaThread "MessageBroker-6" [_thread_blocked, id=36988, stack(0x00007cd500e7a000,0x00007cd500f7a000)]
  0x00007cd5e044f100 JavaThread "C2 CompilerThread1" daemon [_thread_in_native, id=36990, stack(0x00007cd590c69000,0x00007cd590d69000)]
  0x00007cd5806e2030 JavaThread "pool-7-thread-1" [_thread_in_native, id=36991, stack(0x00007cd5004b2000,0x00007cd5005b2000)]
  0x00007cd5807c4180 JavaThread "process reaper" daemon [_thread_blocked, id=36997, stack(0x00007cd485dcb000,0x00007cd485ded000)]
  0x00007cd5808163d0 JavaThread "pool-4-thread-1" [_thread_in_native, id=37000, stack(0x00007cd485300000,0x00007cd485400000)]
  0x00007cd5808170f0 JavaThread "pool-4-thread-2" [_thread_blocked, id=37001, stack(0x00007cd484700000,0x00007cd484800000)]
  0x00007cd58081b620 JavaThread "pool-4-thread-3" [_thread_blocked, id=37002, stack(0x00007cd484600000,0x00007cd484700000)]
  0x00007cd58081c720 JavaThread "pool-6-thread-1" [_thread_blocked, id=37003, stack(0x00007cd484500000,0x00007cd484600000)]
  0x00007cd5808211b0 JavaThread "pool-4-thread-4" [_thread_blocked, id=37004, stack(0x00007cd484400000,0x00007cd484500000)]
  0x00007cd580822640 JavaThread "pool-5-thread-1" [_thread_blocked, id=37005, stack(0x00007cd484300000,0x00007cd484400000)]
  0x00007cd58082dfa0 JavaThread "PrinterListener" daemon [_thread_blocked, id=37006, stack(0x00007cd484101000,0x00007cd484201000)]
  0x00007cd48c03ea20 JavaThread "Keep-Alive-Timer" daemon [_thread_blocked, id=37007, stack(0x00007cd4778e9000,0x00007cd4779e9000)]
  0x00007cd5805a8020 JavaThread "pool-4-thread-5" [_thread_blocked, id=37008, stack(0x00007cd4777e9000,0x00007cd4778e9000)]

Other Threads:
  0x00007cd678127aa0 VMThread "VM Thread" [stack: 0x00007cd64d9aa000,0x00007cd64daaa000] [id=36860]
  0x00007cd678020520 WatcherThread [stack: 0x00007cd64c900000,0x00007cd64ca00000] [id=36871]
  0x00007cd6780740d0 GCTaskThread "GC Thread#0" [stack: 0x00007cd65cabd000,0x00007cd65cbbd000] [id=36855]
  0x00007cd644006330 GCTaskThread "GC Thread#1" [stack: 0x00007cd591d06000,0x00007cd591e06000] [id=36891]
  0x00007cd644006df0 GCTaskThread "GC Thread#2" [stack: 0x00007cd591c05000,0x00007cd591d05000] [id=36892]
  0x00007cd6440078b0 GCTaskThread "GC Thread#3" [stack: 0x00007cd591b04000,0x00007cd591c04000] [id=36893]
  0x00007cd644008370 GCTaskThread "GC Thread#4" [stack: 0x00007cd591a03000,0x00007cd591b03000] [id=36894]
  0x00007cd644008e30 GCTaskThread "GC Thread#5" [stack: 0x00007cd591902000,0x00007cd591a02000] [id=36895]
  0x00007cd64400cde0 GCTaskThread "GC Thread#6" [stack: 0x00007cd59146d000,0x00007cd59156d000] [id=36897]
  0x00007cd64400da50 GCTaskThread "GC Thread#7" [stack: 0x00007cd59136c000,0x00007cd59146c000] [id=36898]
  0x00007cd64400c480 GCTaskThread "GC Thread#8" [stack: 0x00007cd5917f1000,0x00007cd5918f1000] [id=36899]
  0x00007cd6440134e0 GCTaskThread "GC Thread#9" [stack: 0x00007cd5916f0000,0x00007cd5917f0000] [id=36900]
  0x00007cd678083980 ConcurrentGCThread "G1 Main Marker" [stack: 0x00007cd65c9bc000,0x00007cd65cabc000] [id=36856]
  0x00007cd678084900 ConcurrentGCThread "G1 Conc#0" [stack: 0x00007cd65c8bb000,0x00007cd65c9bb000] [id=36857]
  0x00007cd650000ea0 ConcurrentGCThread "G1 Conc#1" [stack: 0x00007cd59126b000,0x00007cd59136b000] [id=36901]
  0x00007cd6500019a0 ConcurrentGCThread "G1 Conc#2" [stack: 0x00007cd59116a000,0x00007cd59126a000] [id=36902]
  0x00007cd6780fc1c0 ConcurrentGCThread "G1 Refine#0" [stack: 0x00007cd64dcfe000,0x00007cd64ddfe000] [id=36858]
  0x00007cd6780fd0d0 ConcurrentGCThread "G1 Service" [stack: 0x00007cd64dbfd000,0x00007cd64dcfd000] [id=36859]

Threads with active compile tasks:
C2 CompilerThread0    22268 12820       4       jdk.internal.org.objectweb.asm.ClassWriter::toByteArray (1515 bytes)
C2 CompilerThread1    22268 12800       4       java.net.URLStreamHandler::toExternalForm (156 bytes)

VM state: not at safepoint (normal execution)

VM Mutex/Monitor currently owned by a thread: None

Heap address: 0x000000008ec00000, size: 1812 MB, Compressed Oops mode: 32-bit

CDS archive(s) mapped at: [0x00007cd5ff000000-0x00007cd5ffbca000-0x00007cd5ffbca000), size 12361728, SharedBaseAddress: 0x00007cd5ff000000, ArchiveRelocationMode: 1.
Compressed class space mapped at: 0x00007cd600000000-0x00007cd640000000, reserved size: 1073741824
Narrow klass base: 0x00007cd5ff000000, Narrow klass shift: 0, Narrow klass range: 0x100000000

GC Precious Log:
 CPUs: 12 total, 12 available
 Memory: 7243M
 Large Page Support: Disabled
 NUMA Support: Disabled
 Compressed Oops: Enabled (32-bit)
 Heap Region Size: 1M
 Heap Min Capacity: 8M
 Heap Initial Capacity: 114M
 Heap Max Capacity: 1812M
 Pre-touch: Disabled
 Parallel Workers: 10
 Concurrent Workers: 3
 Concurrent Refinement Workers: 10
 Periodic GC: Disabled

Heap:
 garbage-first heap   total 227328K, used 139130K [0x000000008ec00000, 0x0000000100000000)
  region size 1024K, 51 young (52224K), 2 survivors (2048K)
 Metaspace       used 110086K, committed 110848K, reserved 1179648K
  class space    used 15365K, committed 15744K, reserved 1048576K

Heap Regions: E=young(eden), S=young(survivor), O=old, HS=humongous(starts), HC=humongous(continues), CS=collection set, F=free, OA=open archive, CA=closed archive, TAMS=top-at-mark-start (previous, next)
|   0|0x000000008ec00000, 0x000000008ed00000, 0x000000008ed00000|100%|HS|  |TAMS 0x000000008ed00000, 0x000000008ec00000| Complete 
|   1|0x000000008ed00000, 0x000000008ee00000, 0x000000008ee00000|100%| O|  |TAMS 0x000000008ee00000, 0x000000008ed00000| Untracked 
|   2|0x000000008ee00000, 0x000000008ef00000, 0x000000008ef00000|100%|HS|  |TAMS 0x000000008ef00000, 0x000000008ee00000| Complete 
|   3|0x000000008ef00000, 0x000000008f000000, 0x000000008f000000|100%| O|  |TAMS 0x000000008f000000, 0x000000008ef00000| Untracked 
|   4|0x000000008f000000, 0x000000008f100000, 0x000000008f100000|100%| O|  |TAMS 0x000000008f100000, 0x000000008f000000| Untracked 
|   5|0x000000008f100000, 0x000000008f200000, 0x000000008f200000|100%| O|  |TAMS 0x000000008f200000, 0x000000008f100000| Untracked 
|   6|0x000000008f200000, 0x000000008f300000, 0x000000008f300000|100%| O|  |TAMS 0x000000008f300000, 0x000000008f200000| Untracked 
|   7|0x000000008f300000, 0x000000008f400000, 0x000000008f400000|100%| O|  |TAMS 0x000000008f400000, 0x000000008f300000| Untracked 
|   8|0x000000008f400000, 0x000000008f500000, 0x000000008f500000|100%| O|  |TAMS 0x000000008f500000, 0x000000008f400000| Untracked 
|   9|0x000000008f500000, 0x000000008f600000, 0x000000008f600000|100%| O|  |TAMS 0x000000008f600000, 0x000000008f500000| Untracked 
|  10|0x000000008f600000, 0x000000008f700000, 0x000000008f700000|100%| O|  |TAMS 0x000000008f700000, 0x000000008f600000| Untracked 
|  11|0x000000008f700000, 0x000000008f800000, 0x000000008f800000|100%| O|  |TAMS 0x000000008f800000, 0x000000008f700000| Untracked 
|  12|0x000000008f800000, 0x000000008f900000, 0x000000008f900000|100%| O|  |TAMS 0x000000008f900000, 0x000000008f800000| Untracked 
|  13|0x000000008f900000, 0x000000008fa00000, 0x000000008fa00000|100%| O|  |TAMS 0x000000008fa00000, 0x000000008f900000| Untracked 
|  14|0x000000008fa00000, 0x000000008fb00000, 0x000000008fb00000|100%| O|  |TAMS 0x000000008fb00000, 0x000000008fa00000| Untracked 
|  15|0x000000008fb00000, 0x000000008fc00000, 0x000000008fc00000|100%| O|  |TAMS 0x000000008fc00000, 0x000000008fb00000| Untracked 
|  16|0x000000008fc00000, 0x000000008fd00000, 0x000000008fd00000|100%| O|  |TAMS 0x000000008fd00000, 0x000000008fc00000| Untracked 
|  17|0x000000008fd00000, 0x000000008fe00000, 0x000000008fe00000|100%| O|  |TAMS 0x000000008fe00000, 0x000000008fd00000| Untracked 
|  18|0x000000008fe00000, 0x000000008fe68400, 0x000000008ff00000| 40%| O|  |TAMS 0x000000008fe68400, 0x000000008fe00000| Complete 
|  19|0x000000008ff00000, 0x0000000090000000, 0x0000000090000000|100%| O|  |TAMS 0x0000000090000000, 0x000000008ff00000| Untracked 
|  20|0x0000000090000000, 0x0000000090100000, 0x0000000090100000|100%| O|  |TAMS 0x0000000090100000, 0x0000000090000000| Untracked 
|  21|0x0000000090100000, 0x0000000090200000, 0x0000000090200000|100%| O|  |TAMS 0x0000000090200000, 0x0000000090100000| Untracked 
|  22|0x0000000090200000, 0x0000000090300000, 0x0000000090300000|100%|HS|  |TAMS 0x0000000090200000, 0x0000000090200000| Complete 
|  23|0x0000000090300000, 0x0000000090400000, 0x0000000090400000|100%| O|  |TAMS 0x0000000090400000, 0x0000000090300000| Untracked 
|  24|0x0000000090400000, 0x0000000090500000, 0x0000000090500000|100%| O|  |TAMS 0x0000000090500000, 0x0000000090400000| Untracked 
|  25|0x0000000090500000, 0x0000000090600000, 0x0000000090600000|100%| O|  |TAMS 0x0000000090600000, 0x0000000090500000| Untracked 
|  26|0x0000000090600000, 0x0000000090700000, 0x0000000090700000|100%| O|  |TAMS 0x0000000090700000, 0x0000000090600000| Untracked 
|  27|0x0000000090700000, 0x0000000090800000, 0x0000000090800000|100%| O|  |TAMS 0x0000000090800000, 0x0000000090700000| Untracked 
|  28|0x0000000090800000, 0x0000000090900000, 0x0000000090900000|100%| O|  |TAMS 0x0000000090900000, 0x0000000090800000| Untracked 
|  29|0x0000000090900000, 0x0000000090a00000, 0x0000000090a00000|100%| O|  |TAMS 0x0000000090a00000, 0x0000000090900000| Untracked 
|  30|0x0000000090a00000, 0x0000000090b00000, 0x0000000090b00000|100%| O|  |TAMS 0x0000000090b00000, 0x0000000090a00000| Untracked 
|  31|0x0000000090b00000, 0x0000000090c00000, 0x0000000090c00000|100%| O|  |TAMS 0x0000000090c00000, 0x0000000090b00000| Untracked 
|  32|0x0000000090c00000, 0x0000000090d00000, 0x0000000090d00000|100%| O|  |TAMS 0x0000000090d00000, 0x0000000090c00000| Untracked 
|  33|0x0000000090d00000, 0x0000000090e00000, 0x0000000090e00000|100%| O|  |TAMS 0x0000000090e00000, 0x0000000090d00000| Untracked 
|  34|0x0000000090e00000, 0x0000000090f00000, 0x0000000090f00000|100%| O|  |TAMS 0x0000000090f00000, 0x0000000090e00000| Untracked 
|  35|0x0000000090f00000, 0x0000000091000000, 0x0000000091000000|100%| O|  |TAMS 0x0000000091000000, 0x0000000090f00000| Untracked 
|  36|0x0000000091000000, 0x0000000091100000, 0x0000000091100000|100%| O|  |TAMS 0x0000000091100000, 0x0000000091000000| Untracked 
|  37|0x0000000091100000, 0x0000000091200000, 0x0000000091200000|100%| O|  |TAMS 0x0000000091200000, 0x0000000091100000| Untracked 
|  38|0x0000000091200000, 0x0000000091300000, 0x0000000091300000|100%| O|  |TAMS 0x0000000091300000, 0x0000000091200000| Untracked 
|  39|0x0000000091300000, 0x0000000091400000, 0x0000000091400000|100%| O|  |TAMS 0x0000000091400000, 0x0000000091300000| Untracked 
|  40|0x0000000091400000, 0x0000000091500000, 0x0000000091500000|100%| O|  |TAMS 0x0000000091500000, 0x0000000091400000| Untracked 
|  41|0x0000000091500000, 0x0000000091600000, 0x0000000091600000|100%| O|  |TAMS 0x0000000091600000, 0x0000000091500000| Untracked 
|  42|0x0000000091600000, 0x0000000091700000, 0x0000000091700000|100%| O|  |TAMS 0x0000000091700000, 0x0000000091600000| Untracked 
|  43|0x0000000091700000, 0x0000000091800000, 0x0000000091800000|100%| O|  |TAMS 0x0000000091800000, 0x0000000091700000| Untracked 
|  44|0x0000000091800000, 0x0000000091900000, 0x0000000091900000|100%| O|  |TAMS 0x0000000091900000, 0x0000000091800000| Untracked 
|  45|0x0000000091900000, 0x0000000091a00000, 0x0000000091a00000|100%| O|  |TAMS 0x0000000091a00000, 0x0000000091900000| Untracked 
|  46|0x0000000091a00000, 0x0000000091b00000, 0x0000000091b00000|100%| O|  |TAMS 0x0000000091b00000, 0x0000000091a00000| Untracked 
|  47|0x0000000091b00000, 0x0000000091c00000, 0x0000000091c00000|100%| O|  |TAMS 0x0000000091c00000, 0x0000000091b00000| Untracked 
|  48|0x0000000091c00000, 0x0000000091d00000, 0x0000000091d00000|100%| O|  |TAMS 0x0000000091d00000, 0x0000000091c00000| Untracked 
|  49|0x0000000091d00000, 0x0000000091e00000, 0x0000000091e00000|100%| O|  |TAMS 0x0000000091e00000, 0x0000000091d00000| Untracked 
|  50|0x0000000091e00000, 0x0000000091f00000, 0x0000000091f00000|100%| O|  |TAMS 0x0000000091f00000, 0x0000000091e00000| Untracked 
|  51|0x0000000091f00000, 0x0000000092000000, 0x0000000092000000|100%| O|  |TAMS 0x0000000092000000, 0x0000000091f00000| Untracked 
|  52|0x0000000092000000, 0x0000000092100000, 0x0000000092100000|100%| O|  |TAMS 0x0000000092100000, 0x0000000092000000| Untracked 
|  53|0x0000000092100000, 0x0000000092200000, 0x0000000092200000|100%| O|  |TAMS 0x0000000092200000, 0x0000000092100000| Untracked 
|  54|0x0000000092200000, 0x0000000092300000, 0x0000000092300000|100%| O|  |TAMS 0x0000000092300000, 0x0000000092200000| Untracked 
|  55|0x0000000092300000, 0x0000000092400000, 0x0000000092400000|100%| O|  |TAMS 0x0000000092400000, 0x0000000092300000| Untracked 
|  56|0x0000000092400000, 0x0000000092500000, 0x0000000092500000|100%| O|  |TAMS 0x0000000092500000, 0x0000000092400000| Untracked 
|  57|0x0000000092500000, 0x0000000092600000, 0x0000000092600000|100%| O|  |TAMS 0x0000000092600000, 0x0000000092500000| Untracked 
|  58|0x0000000092600000, 0x000000009261b000, 0x0000000092700000| 10%| O|  |TAMS 0x000000009261b000, 0x0000000092600000| Untracked 
|  59|0x0000000092700000, 0x0000000092800000, 0x0000000092800000|100%|HS|  |TAMS 0x0000000092800000, 0x0000000092700000| Complete 
|  60|0x0000000092800000, 0x0000000092900000, 0x0000000092900000|100%|HC|  |TAMS 0x0000000092900000, 0x0000000092800000| Complete 
|  61|0x0000000092900000, 0x0000000092a00000, 0x0000000092a00000|100%|HC|  |TAMS 0x0000000092a00000, 0x0000000092900000| Complete 
|  62|0x0000000092a00000, 0x0000000092b00000, 0x0000000092b00000|100%|HS|  |TAMS 0x0000000092b00000, 0x0000000092a00000| Complete 
|  63|0x0000000092b00000, 0x0000000092c00000, 0x0000000092c00000|100%|HS|  |TAMS 0x0000000092c00000, 0x0000000092b00000| Complete 
|  64|0x0000000092c00000, 0x0000000092d00000, 0x0000000092d00000|100%|HC|  |TAMS 0x0000000092d00000, 0x0000000092c00000| Complete 
|  65|0x0000000092d00000, 0x0000000092e00000, 0x0000000092e00000|100%|HC|  |TAMS 0x0000000092e00000, 0x0000000092d00000| Complete 
|  66|0x0000000092e00000, 0x0000000092f00000, 0x0000000092f00000|100%|HS|  |TAMS 0x0000000092f00000, 0x0000000092e00000| Complete 
|  67|0x0000000092f00000, 0x0000000093000000, 0x0000000093000000|100%|HC|  |TAMS 0x0000000093000000, 0x0000000092f00000| Complete 
|  68|0x0000000093000000, 0x0000000093100000, 0x0000000093100000|100%|HC|  |TAMS 0x0000000093100000, 0x0000000093000000| Complete 
|  69|0x0000000093100000, 0x0000000093200000, 0x0000000093200000|100%|HC|  |TAMS 0x0000000093200000, 0x0000000093100000| Complete 
|  70|0x0000000093200000, 0x0000000093300000, 0x0000000093300000|100%|HS|  |TAMS 0x0000000093300000, 0x0000000093200000| Complete 
|  71|0x0000000093300000, 0x0000000093400000, 0x0000000093400000|100%|HC|  |TAMS 0x0000000093400000, 0x0000000093300000| Complete 
|  72|0x0000000093400000, 0x0000000093500000, 0x0000000093500000|100%|HS|  |TAMS 0x0000000093500000, 0x0000000093400000| Complete 
|  73|0x0000000093500000, 0x0000000093600000, 0x0000000093600000|100%|HC|  |TAMS 0x0000000093600000, 0x0000000093500000| Complete 
|  74|0x0000000093600000, 0x0000000093700000, 0x0000000093700000|100%|HC|  |TAMS 0x0000000093700000, 0x0000000093600000| Complete 
|  75|0x0000000093700000, 0x0000000093800000, 0x0000000093800000|100%|HC|  |TAMS 0x0000000093800000, 0x0000000093700000| Complete 
|  76|0x0000000093800000, 0x0000000093900000, 0x0000000093900000|100%|HC|  |TAMS 0x0000000093900000, 0x0000000093800000| Complete 
|  77|0x0000000093900000, 0x0000000093a00000, 0x0000000093a00000|100%|HC|  |TAMS 0x0000000093a00000, 0x0000000093900000| Complete 
|  78|0x0000000093a00000, 0x0000000093b00000, 0x0000000093b00000|100%|HC|  |TAMS 0x0000000093b00000, 0x0000000093a00000| Complete 
|  79|0x0000000093b00000, 0x0000000093c00000, 0x0000000093c00000|100%|HC|  |TAMS 0x0000000093c00000, 0x0000000093b00000| Complete 
|  80|0x0000000093c00000, 0x0000000093d00000, 0x0000000093d00000|100%|HC|  |TAMS 0x0000000093d00000, 0x0000000093c00000| Complete 
|  81|0x0000000093d00000, 0x0000000093e00000, 0x0000000093e00000|100%|HS|  |TAMS 0x0000000093d00000, 0x0000000093d00000| Complete 
|  82|0x0000000093e00000, 0x0000000093f00000, 0x0000000093f00000|100%|HC|  |TAMS 0x0000000093e00000, 0x0000000093e00000| Complete 
|  83|0x0000000093f00000, 0x0000000094000000, 0x0000000094000000|100%|HC|  |TAMS 0x0000000093f00000, 0x0000000093f00000| Complete 
|  84|0x0000000094000000, 0x0000000094100000, 0x0000000094100000|100%|HC|  |TAMS 0x0000000094000000, 0x0000000094000000| Complete 
|  85|0x0000000094100000, 0x0000000094200000, 0x0000000094200000|100%|HS|  |TAMS 0x0000000094100000, 0x0000000094100000| Complete 
|  86|0x0000000094200000, 0x0000000094300000, 0x0000000094300000|100%|HS|  |TAMS 0x0000000094200000, 0x0000000094200000| Complete 
|  87|0x0000000094300000, 0x0000000094300000, 0x0000000094400000|  0%| F|  |TAMS 0x0000000094300000, 0x0000000094300000| Untracked 
|  88|0x0000000094400000, 0x0000000094400000, 0x0000000094500000|  0%| F|  |TAMS 0x0000000094400000, 0x0000000094400000| Untracked 
|  89|0x0000000094500000, 0x0000000094500000, 0x0000000094600000|  0%| F|  |TAMS 0x0000000094500000, 0x0000000094500000| Untracked 
|  90|0x0000000094600000, 0x0000000094600000, 0x0000000094700000|  0%| F|  |TAMS 0x0000000094600000, 0x0000000094600000| Untracked 
|  91|0x0000000094700000, 0x0000000094700000, 0x0000000094800000|  0%| F|  |TAMS 0x0000000094700000, 0x0000000094700000| Untracked 
|  92|0x0000000094800000, 0x0000000094800000, 0x0000000094900000|  0%| F|  |TAMS 0x0000000094800000, 0x0000000094800000| Untracked 
|  93|0x0000000094900000, 0x0000000094900000, 0x0000000094a00000|  0%| F|  |TAMS 0x0000000094900000, 0x0000000094900000| Untracked 
|  94|0x0000000094a00000, 0x0000000094a00000, 0x0000000094b00000|  0%| F|  |TAMS 0x0000000094a00000, 0x0000000094a00000| Untracked 
|  95|0x0000000094b00000, 0x0000000094b6e720, 0x0000000094c00000| 43%| S|CS|TAMS 0x0000000094b00000, 0x0000000094b00000| Complete 
|  96|0x0000000094c00000, 0x0000000094d00000, 0x0000000094d00000|100%| S|CS|TAMS 0x0000000094c00000, 0x0000000094c00000| Complete 
|  97|0x0000000094d00000, 0x0000000094d00000, 0x0000000094e00000|  0%| F|  |TAMS 0x0000000094d00000, 0x0000000094d00000| Untracked 
|  98|0x0000000094e00000, 0x0000000094e00000, 0x0000000094f00000|  0%| F|  |TAMS 0x0000000094e00000, 0x0000000094e00000| Untracked 
|  99|0x0000000094f00000, 0x0000000094f00000, 0x0000000095000000|  0%| F|  |TAMS 0x0000000094f00000, 0x0000000094f00000| Untracked 
| 100|0x0000000095000000, 0x0000000095000000, 0x0000000095100000|  0%| F|  |TAMS 0x0000000095000000, 0x0000000095000000| Untracked 
| 101|0x0000000095100000, 0x0000000095100000, 0x0000000095200000|  0%| F|  |TAMS 0x0000000095100000, 0x0000000095100000| Untracked 
| 102|0x0000000095200000, 0x0000000095200000, 0x0000000095300000|  0%| F|  |TAMS 0x0000000095200000, 0x0000000095200000| Untracked 
| 103|0x0000000095300000, 0x0000000095300000, 0x0000000095400000|  0%| F|  |TAMS 0x0000000095300000, 0x0000000095300000| Untracked 
| 104|0x0000000095400000, 0x0000000095400000, 0x0000000095500000|  0%| F|  |TAMS 0x0000000095400000, 0x0000000095400000| Untracked 
| 105|0x0000000095500000, 0x0000000095500000, 0x0000000095600000|  0%| F|  |TAMS 0x0000000095500000, 0x0000000095500000| Untracked 
| 106|0x0000000095600000, 0x0000000095600000, 0x0000000095700000|  0%| F|  |TAMS 0x0000000095600000, 0x0000000095600000| Untracked 
| 107|0x0000000095700000, 0x0000000095700000, 0x0000000095800000|  0%| F|  |TAMS 0x0000000095700000, 0x0000000095700000| Untracked 
| 108|0x0000000095800000, 0x0000000095800000, 0x0000000095900000|  0%| F|  |TAMS 0x0000000095800000, 0x0000000095800000| Untracked 
| 109|0x0000000095900000, 0x0000000095900000, 0x0000000095a00000|  0%| F|  |TAMS 0x0000000095900000, 0x0000000095900000| Untracked 
| 110|0x0000000095a00000, 0x0000000095a00000, 0x0000000095b00000|  0%| F|  |TAMS 0x0000000095a00000, 0x0000000095a00000| Untracked 
| 111|0x0000000095b00000, 0x0000000095b00000, 0x0000000095c00000|  0%| F|  |TAMS 0x0000000095b00000, 0x0000000095b00000| Untracked 
| 112|0x0000000095c00000, 0x0000000095c00000, 0x0000000095d00000|  0%| F|  |TAMS 0x0000000095c00000, 0x0000000095c00000| Untracked 
| 113|0x0000000095d00000, 0x0000000095d00000, 0x0000000095e00000|  0%| F|  |TAMS 0x0000000095d00000, 0x0000000095d00000| Untracked 
| 114|0x0000000095e00000, 0x0000000095e00000, 0x0000000095f00000|  0%| F|  |TAMS 0x0000000095e00000, 0x0000000095e00000| Untracked 
| 115|0x0000000095f00000, 0x0000000095f00000, 0x0000000096000000|  0%| F|  |TAMS 0x0000000095f00000, 0x0000000095f00000| Untracked 
| 116|0x0000000096000000, 0x0000000096000000, 0x0000000096100000|  0%| F|  |TAMS 0x0000000096000000, 0x0000000096000000| Untracked 
| 117|0x0000000096100000, 0x0000000096100000, 0x0000000096200000|  0%| F|  |TAMS 0x0000000096100000, 0x0000000096100000| Untracked 
| 118|0x0000000096200000, 0x0000000096200000, 0x0000000096300000|  0%| F|  |TAMS 0x0000000096200000, 0x0000000096200000| Untracked 
| 119|0x0000000096300000, 0x0000000096300000, 0x0000000096400000|  0%| F|  |TAMS 0x0000000096300000, 0x0000000096300000| Untracked 
| 120|0x0000000096400000, 0x0000000096400000, 0x0000000096500000|  0%| F|  |TAMS 0x0000000096400000, 0x0000000096400000| Untracked 
| 121|0x0000000096500000, 0x0000000096500000, 0x0000000096600000|  0%| F|  |TAMS 0x0000000096500000, 0x0000000096500000| Untracked 
| 122|0x0000000096600000, 0x0000000096600000, 0x0000000096700000|  0%| F|  |TAMS 0x0000000096600000, 0x0000000096600000| Untracked 
| 123|0x0000000096700000, 0x0000000096700000, 0x0000000096800000|  0%| F|  |TAMS 0x0000000096700000, 0x0000000096700000| Untracked 
| 124|0x0000000096800000, 0x0000000096800000, 0x0000000096900000|  0%| F|  |TAMS 0x0000000096800000, 0x0000000096800000| Untracked 
| 125|0x0000000096900000, 0x0000000096900000, 0x0000000096a00000|  0%| F|  |TAMS 0x0000000096900000, 0x0000000096900000| Untracked 
| 126|0x0000000096a00000, 0x0000000096a00000, 0x0000000096b00000|  0%| F|  |TAMS 0x0000000096a00000, 0x0000000096a00000| Untracked 
| 127|0x0000000096b00000, 0x0000000096b00000, 0x0000000096c00000|  0%| F|  |TAMS 0x0000000096b00000, 0x0000000096b00000| Untracked 
| 128|0x0000000096c00000, 0x0000000096c00000, 0x0000000096d00000|  0%| F|  |TAMS 0x0000000096c00000, 0x0000000096c00000| Untracked 
| 129|0x0000000096d00000, 0x0000000096d00000, 0x0000000096e00000|  0%| F|  |TAMS 0x0000000096d00000, 0x0000000096d00000| Untracked 
| 130|0x0000000096e00000, 0x0000000096e00000, 0x0000000096f00000|  0%| F|  |TAMS 0x0000000096e00000, 0x0000000096e00000| Untracked 
| 131|0x0000000096f00000, 0x0000000096f00000, 0x0000000097000000|  0%| F|  |TAMS 0x0000000096f00000, 0x0000000096f00000| Untracked 
| 132|0x0000000097000000, 0x0000000097000000, 0x0000000097100000|  0%| F|  |TAMS 0x0000000097000000, 0x0000000097000000| Untracked 
| 133|0x0000000097100000, 0x0000000097100000, 0x0000000097200000|  0%| F|  |TAMS 0x0000000097100000, 0x0000000097100000| Untracked 
| 134|0x0000000097200000, 0x0000000097200000, 0x0000000097300000|  0%| F|  |TAMS 0x0000000097200000, 0x0000000097200000| Untracked 
| 135|0x0000000097300000, 0x0000000097300000, 0x0000000097400000|  0%| F|  |TAMS 0x0000000097300000, 0x0000000097300000| Untracked 
| 136|0x0000000097400000, 0x0000000097400000, 0x0000000097500000|  0%| F|  |TAMS 0x0000000097400000, 0x0000000097400000| Untracked 
| 137|0x0000000097500000, 0x0000000097500000, 0x0000000097600000|  0%| F|  |TAMS 0x0000000097500000, 0x0000000097500000| Untracked 
| 138|0x0000000097600000, 0x0000000097600000, 0x0000000097700000|  0%| F|  |TAMS 0x0000000097600000, 0x0000000097600000| Untracked 
| 139|0x0000000097700000, 0x0000000097700000, 0x0000000097800000|  0%| F|  |TAMS 0x0000000097700000, 0x0000000097700000| Untracked 
| 140|0x0000000097800000, 0x0000000097800000, 0x0000000097900000|  0%| F|  |TAMS 0x0000000097800000, 0x0000000097800000| Untracked 
| 141|0x0000000097900000, 0x0000000097900000, 0x0000000097a00000|  0%| F|  |TAMS 0x0000000097900000, 0x0000000097900000| Untracked 
| 142|0x0000000097a00000, 0x0000000097a00000, 0x0000000097b00000|  0%| F|  |TAMS 0x0000000097a00000, 0x0000000097a00000| Untracked 
| 143|0x0000000097b00000, 0x0000000097b00000, 0x0000000097c00000|  0%| F|  |TAMS 0x0000000097b00000, 0x0000000097b00000| Untracked 
| 144|0x0000000097c00000, 0x0000000097c00000, 0x0000000097d00000|  0%| F|  |TAMS 0x0000000097c00000, 0x0000000097c00000| Untracked 
| 145|0x0000000097d00000, 0x0000000097d00000, 0x0000000097e00000|  0%| F|  |TAMS 0x0000000097d00000, 0x0000000097d00000| Untracked 
| 146|0x0000000097e00000, 0x0000000097e00000, 0x0000000097f00000|  0%| F|  |TAMS 0x0000000097e00000, 0x0000000097e00000| Untracked 
| 147|0x0000000097f00000, 0x0000000097f00000, 0x0000000098000000|  0%| F|  |TAMS 0x0000000097f00000, 0x0000000097f00000| Untracked 
| 148|0x0000000098000000, 0x0000000098000000, 0x0000000098100000|  0%| F|  |TAMS 0x0000000098000000, 0x0000000098000000| Untracked 
| 149|0x0000000098100000, 0x0000000098100000, 0x0000000098200000|  0%| F|  |TAMS 0x0000000098100000, 0x0000000098100000| Untracked 
| 150|0x0000000098200000, 0x0000000098200000, 0x0000000098300000|  0%| F|  |TAMS 0x0000000098200000, 0x0000000098200000| Untracked 
| 151|0x0000000098300000, 0x0000000098300000, 0x0000000098400000|  0%| F|  |TAMS 0x0000000098300000, 0x0000000098300000| Untracked 
| 152|0x0000000098400000, 0x0000000098400000, 0x0000000098500000|  0%| F|  |TAMS 0x0000000098400000, 0x0000000098400000| Untracked 
| 153|0x0000000098500000, 0x0000000098500000, 0x0000000098600000|  0%| F|  |TAMS 0x0000000098500000, 0x0000000098500000| Untracked 
| 154|0x0000000098600000, 0x0000000098600000, 0x0000000098700000|  0%| F|  |TAMS 0x0000000098600000, 0x0000000098600000| Untracked 
| 155|0x0000000098700000, 0x0000000098700000, 0x0000000098800000|  0%| F|  |TAMS 0x0000000098700000, 0x0000000098700000| Untracked 
| 156|0x0000000098800000, 0x0000000098800000, 0x0000000098900000|  0%| F|  |TAMS 0x0000000098800000, 0x0000000098800000| Untracked 
| 157|0x0000000098900000, 0x0000000098900000, 0x0000000098a00000|  0%| F|  |TAMS 0x0000000098900000, 0x0000000098900000| Untracked 
| 158|0x0000000098a00000, 0x0000000098a00000, 0x0000000098b00000|  0%| F|  |TAMS 0x0000000098a00000, 0x0000000098a00000| Untracked 
| 159|0x0000000098b00000, 0x0000000098b00000, 0x0000000098c00000|  0%| F|  |TAMS 0x0000000098b00000, 0x0000000098b00000| Untracked 
| 160|0x0000000098c00000, 0x0000000098c00000, 0x0000000098d00000|  0%| F|  |TAMS 0x0000000098c00000, 0x0000000098c00000| Untracked 
| 161|0x0000000098d00000, 0x0000000098d00000, 0x0000000098e00000|  0%| F|  |TAMS 0x0000000098d00000, 0x0000000098d00000| Untracked 
| 162|0x0000000098e00000, 0x0000000098e00000, 0x0000000098f00000|  0%| F|  |TAMS 0x0000000098e00000, 0x0000000098e00000| Untracked 
| 163|0x0000000098f00000, 0x0000000098f00000, 0x0000000099000000|  0%| F|  |TAMS 0x0000000098f00000, 0x0000000098f00000| Untracked 
| 164|0x0000000099000000, 0x0000000099000000, 0x0000000099100000|  0%| F|  |TAMS 0x0000000099000000, 0x0000000099000000| Untracked 
| 165|0x0000000099100000, 0x0000000099100000, 0x0000000099200000|  0%| F|  |TAMS 0x0000000099100000, 0x0000000099100000| Untracked 
| 166|0x0000000099200000, 0x0000000099200000, 0x0000000099300000|  0%| F|  |TAMS 0x0000000099200000, 0x0000000099200000| Untracked 
| 167|0x0000000099300000, 0x0000000099300000, 0x0000000099400000|  0%| F|  |TAMS 0x0000000099300000, 0x0000000099300000| Untracked 
| 168|0x0000000099400000, 0x0000000099400000, 0x0000000099500000|  0%| F|  |TAMS 0x0000000099400000, 0x0000000099400000| Untracked 
| 169|0x0000000099500000, 0x0000000099500000, 0x0000000099600000|  0%| F|  |TAMS 0x0000000099500000, 0x0000000099500000| Untracked 
| 170|0x0000000099600000, 0x0000000099600000, 0x0000000099700000|  0%| F|  |TAMS 0x0000000099600000, 0x0000000099600000| Untracked 
| 171|0x0000000099700000, 0x0000000099773420, 0x0000000099800000| 45%| E|  |TAMS 0x0000000099700000, 0x0000000099700000| Complete 
| 172|0x0000000099800000, 0x0000000099900000, 0x0000000099900000|100%| E|CS|TAMS 0x0000000099800000, 0x0000000099800000| Complete 
| 173|0x0000000099900000, 0x0000000099a00000, 0x0000000099a00000|100%| E|CS|TAMS 0x0000000099900000, 0x0000000099900000| Complete 
| 174|0x0000000099a00000, 0x0000000099b00000, 0x0000000099b00000|100%| E|CS|TAMS 0x0000000099a00000, 0x0000000099a00000| Complete 
| 175|0x0000000099b00000, 0x0000000099c00000, 0x0000000099c00000|100%| E|CS|TAMS 0x0000000099b00000, 0x0000000099b00000| Complete 
| 176|0x0000000099c00000, 0x0000000099d00000, 0x0000000099d00000|100%| E|CS|TAMS 0x0000000099c00000, 0x0000000099c00000| Complete 
| 177|0x0000000099d00000, 0x0000000099e00000, 0x0000000099e00000|100%| E|CS|TAMS 0x0000000099d00000, 0x0000000099d00000| Complete 
| 178|0x0000000099e00000, 0x0000000099f00000, 0x0000000099f00000|100%| E|CS|TAMS 0x0000000099e00000, 0x0000000099e00000| Complete 
| 179|0x0000000099f00000, 0x000000009a000000, 0x000000009a000000|100%| E|CS|TAMS 0x0000000099f00000, 0x0000000099f00000| Complete 
| 180|0x000000009a000000, 0x000000009a100000, 0x000000009a100000|100%| E|CS|TAMS 0x000000009a000000, 0x000000009a000000| Complete 
| 181|0x000000009a100000, 0x000000009a200000, 0x000000009a200000|100%| E|CS|TAMS 0x000000009a100000, 0x000000009a100000| Complete 
| 182|0x000000009a200000, 0x000000009a300000, 0x000000009a300000|100%| E|CS|TAMS 0x000000009a200000, 0x000000009a200000| Complete 
| 183|0x000000009a300000, 0x000000009a400000, 0x000000009a400000|100%| E|CS|TAMS 0x000000009a300000, 0x000000009a300000| Complete 
| 184|0x000000009a400000, 0x000000009a500000, 0x000000009a500000|100%| E|CS|TAMS 0x000000009a400000, 0x000000009a400000| Complete 
| 185|0x000000009a500000, 0x000000009a600000, 0x000000009a600000|100%| E|CS|TAMS 0x000000009a500000, 0x000000009a500000| Complete 
| 186|0x000000009a600000, 0x000000009a700000, 0x000000009a700000|100%| E|CS|TAMS 0x000000009a600000, 0x000000009a600000| Complete 
| 187|0x000000009a700000, 0x000000009a800000, 0x000000009a800000|100%| E|CS|TAMS 0x000000009a700000, 0x000000009a700000| Complete 
| 188|0x000000009a800000, 0x000000009a900000, 0x000000009a900000|100%| E|CS|TAMS 0x000000009a800000, 0x000000009a800000| Complete 
| 189|0x000000009a900000, 0x000000009aa00000, 0x000000009aa00000|100%| E|CS|TAMS 0x000000009a900000, 0x000000009a900000| Complete 
| 190|0x000000009aa00000, 0x000000009ab00000, 0x000000009ab00000|100%| E|CS|TAMS 0x000000009aa00000, 0x000000009aa00000| Complete 
| 191|0x000000009ab00000, 0x000000009ac00000, 0x000000009ac00000|100%| E|CS|TAMS 0x000000009ab00000, 0x000000009ab00000| Complete 
| 192|0x000000009ac00000, 0x000000009ad00000, 0x000000009ad00000|100%| E|CS|TAMS 0x000000009ac00000, 0x000000009ac00000| Complete 
| 193|0x000000009ad00000, 0x000000009ae00000, 0x000000009ae00000|100%| E|CS|TAMS 0x000000009ad00000, 0x000000009ad00000| Complete 
| 194|0x000000009ae00000, 0x000000009af00000, 0x000000009af00000|100%| E|CS|TAMS 0x000000009ae00000, 0x000000009ae00000| Complete 
| 195|0x000000009af00000, 0x000000009b000000, 0x000000009b000000|100%| E|CS|TAMS 0x000000009af00000, 0x000000009af00000| Complete 
| 196|0x000000009b000000, 0x000000009b100000, 0x000000009b100000|100%| E|CS|TAMS 0x000000009b000000, 0x000000009b000000| Complete 
| 197|0x000000009b100000, 0x000000009b200000, 0x000000009b200000|100%| E|CS|TAMS 0x000000009b100000, 0x000000009b100000| Complete 
| 198|0x000000009b200000, 0x000000009b300000, 0x000000009b300000|100%| E|CS|TAMS 0x000000009b200000, 0x000000009b200000| Complete 
| 199|0x000000009b300000, 0x000000009b400000, 0x000000009b400000|100%| E|CS|TAMS 0x000000009b300000, 0x000000009b300000| Complete 
| 200|0x000000009b400000, 0x000000009b500000, 0x000000009b500000|100%| E|CS|TAMS 0x000000009b400000, 0x000000009b400000| Complete 
| 201|0x000000009b500000, 0x000000009b600000, 0x000000009b600000|100%| E|CS|TAMS 0x000000009b500000, 0x000000009b500000| Complete 
| 202|0x000000009b600000, 0x000000009b700000, 0x000000009b700000|100%| E|CS|TAMS 0x000000009b600000, 0x000000009b600000| Complete 
| 203|0x000000009b700000, 0x000000009b800000, 0x000000009b800000|100%| E|CS|TAMS 0x000000009b700000, 0x000000009b700000| Complete 
| 204|0x000000009b800000, 0x000000009b900000, 0x000000009b900000|100%| E|CS|TAMS 0x000000009b800000, 0x000000009b800000| Complete 
| 205|0x000000009b900000, 0x000000009ba00000, 0x000000009ba00000|100%| E|CS|TAMS 0x000000009b900000, 0x000000009b900000| Complete 
| 206|0x000000009ba00000, 0x000000009bb00000, 0x000000009bb00000|100%| E|CS|TAMS 0x000000009ba00000, 0x000000009ba00000| Complete 
| 207|0x000000009bb00000, 0x000000009bc00000, 0x000000009bc00000|100%| E|CS|TAMS 0x000000009bb00000, 0x000000009bb00000| Complete 
| 208|0x000000009bc00000, 0x000000009bd00000, 0x000000009bd00000|100%| E|CS|TAMS 0x000000009bc00000, 0x000000009bc00000| Complete 
| 209|0x000000009bd00000, 0x000000009be00000, 0x000000009be00000|100%| E|CS|TAMS 0x000000009bd00000, 0x000000009bd00000| Complete 
| 210|0x000000009be00000, 0x000000009bf00000, 0x000000009bf00000|100%| E|CS|TAMS 0x000000009be00000, 0x000000009be00000| Complete 
| 211|0x000000009bf00000, 0x000000009c000000, 0x000000009c000000|100%| E|CS|TAMS 0x000000009bf00000, 0x000000009bf00000| Complete 
| 212|0x000000009c000000, 0x000000009c100000, 0x000000009c100000|100%| E|CS|TAMS 0x000000009c000000, 0x000000009c000000| Complete 
| 213|0x000000009c100000, 0x000000009c200000, 0x000000009c200000|100%| E|CS|TAMS 0x000000009c100000, 0x000000009c100000| Complete 
| 214|0x000000009c200000, 0x000000009c300000, 0x000000009c300000|100%| E|CS|TAMS 0x000000009c200000, 0x000000009c200000| Complete 
| 215|0x000000009c300000, 0x000000009c400000, 0x000000009c400000|100%| E|CS|TAMS 0x000000009c300000, 0x000000009c300000| Complete 
| 216|0x000000009c400000, 0x000000009c500000, 0x000000009c500000|100%| E|CS|TAMS 0x000000009c400000, 0x000000009c400000| Complete 
| 217|0x000000009c500000, 0x000000009c600000, 0x000000009c600000|100%| E|CS|TAMS 0x000000009c500000, 0x000000009c500000| Complete 
| 218|0x000000009c600000, 0x000000009c700000, 0x000000009c700000|100%| E|CS|TAMS 0x000000009c600000, 0x000000009c600000| Complete 
| 219|0x000000009c700000, 0x000000009c800000, 0x000000009c800000|100%| E|CS|TAMS 0x000000009c700000, 0x000000009c700000| Complete 
|1810|0x00000000ffe00000, 0x00000000ffe75000, 0x00000000fff00000| 45%|OA|  |TAMS 0x00000000ffe75000, 0x00000000ffe00000| Untracked 
|1811|0x00000000fff00000, 0x00000000fff78000, 0x0000000100000000| 46%|CA|  |TAMS 0x00000000fff78000, 0x00000000fff00000| Untracked 

Card table byte_map: [0x00007cd6607e7000,0x00007cd660b71000] _byte_map_base: 0x00007cd660371000

Marking Bits (Prev, Next): (CMBitMap*) 0x00007cd678074bb0, (CMBitMap*) 0x00007cd678074b70
 Prev Bits: [0x00007cd65cbbd000, 0x00007cd65e80d000)
 Next Bits: [0x00007cd65e80d000, 0x00007cd66045d000)

Polling page: 0x00007cd67e18d000

Metaspace:

Usage:
  Non-class:     92.50 MB used.
      Class:     15.01 MB used.
       Both:    107.51 MB used.

Virtual space:
  Non-class space:      128.00 MB reserved,      92.88 MB ( 73%) committed,  2 nodes.
      Class space:        1.00 GB reserved,      15.38 MB (  2%) committed,  1 nodes.
             Both:        1.12 GB reserved,     108.25 MB (  9%) committed. 

Chunk freelists:
   Non-Class:  2.58 MB
       Class:  585.00 KB
        Both:  3.15 MB

MaxMetaspaceSize: unlimited
CompressedClassSpaceSize: 1.00 GB
Initial GC threshold: 21.00 MB
Current GC threshold: 169.50 MB
CDS: on
MetaspaceReclaimPolicy: balanced
 - commit_granule_bytes: 65536.
 - commit_granule_words: 8192.
 - virtual_space_node_default_size: 8388608.
 - enlarge_chunks_in_place: 1.
 - new_chunks_are_fully_committed: 0.
 - uncommit_free_chunks: 1.
 - use_allocation_guard: 0.
 - handle_deallocations: 1.


Internal statistics:

num_allocs_failed_limit: 11.
num_arena_births: 1256.
num_arena_deaths: 0.
num_vsnodes_births: 3.
num_vsnodes_deaths: 0.
num_space_committed: 1732.
num_space_uncommitted: 0.
num_chunks_returned_to_freelist: 11.
num_chunks_taken_from_freelist: 5204.
num_chunk_merges: 11.
num_chunk_splits: 3803.
num_chunks_enlarged: 2976.
num_inconsistent_stats: 0.

CodeHeap 'non-profiled nmethods': size=120028Kb used=5215Kb max_used=5215Kb free=114812Kb
 bounds [0x00007cd668ec9000, 0x00007cd6693e9000, 0x00007cd670400000]
CodeHeap 'profiled nmethods': size=120028Kb used=17881Kb max_used=17881Kb free=102146Kb
 bounds [0x00007cd661400000, 0x00007cd662580000, 0x00007cd668937000]
CodeHeap 'non-nmethods': size=5704Kb used=1643Kb max_used=1691Kb free=4060Kb
 bounds [0x00007cd668937000, 0x00007cd668ba7000, 0x00007cd668ec9000]
 total_blobs=11705 nmethods=10657 adapters=960
 compilation: enabled
              stopped_count=0, restarted_count=0
 full_count=0

Compilation events (20 events):
Event: 22.225 Thread 0x00007cd678137cc0 12791       3       java.lang.reflect.Field::get (29 bytes)
Event: 22.226 Thread 0x00007cd678137cc0 nmethod 12791 0x00007cd662567690 code [0x00007cd662567880, 0x00007cd662567c30]
Event: 22.241 Thread 0x00007cd678137cc0 12793       3       org.hibernate.query.sqm.sql.BaseSqmToSqlAstConverter::getSqlAstCreationState (2 bytes)
Event: 22.241 Thread 0x00007cd678137cc0 nmethod 12793 0x00007cd662567d90 code [0x00007cd662567f20, 0x00007cd662568030]
Event: 22.241 Thread 0x00007cd678137cc0 12798       3       java.lang.String::trim (35 bytes)
Event: 22.242 Thread 0x00007cd5e044f100 nmethod 12606 0x00007cd6693d3c10 code [0x00007cd6693d4100, 0x00007cd6693d8710]
Event: 22.242 Thread 0x00007cd678137cc0 nmethod 12798 0x00007cd662568110 code [0x00007cd6625682e0, 0x00007cd6625685b0]
Event: 22.242 Thread 0x00007cd678137cc0 12794       3       org.hibernate.sql.ast.spi.SqlExpressionResolver::resolveSqlExpression (19 bytes)
Event: 22.242 Thread 0x00007cd5e044f100 12746       4       java.util.HashSet::<init> (16 bytes)
Event: 22.242 Thread 0x00007cd678137cc0 nmethod 12794 0x00007cd662568690 code [0x00007cd6625688a0, 0x00007cd662568fe0]
Event: 22.242 Thread 0x00007cd678137cc0 12795       3       org.hibernate.sql.ast.spi.SqlExpressionResolver$$Lambda$1164/0x00007cd6008aa6d8::<init> (15 bytes)
Event: 22.242 Thread 0x00007cd678137cc0 nmethod 12795 0x00007cd662569290 code [0x00007cd662569440, 0x00007cd662569650]
Event: 22.243 Thread 0x00007cd678137cc0 12796       3       org.hibernate.query.sqm.sql.internal.SqlAstProcessingStateImpl::resolveSqlExpression (52 bytes)
Event: 22.243 Thread 0x00007cd678137cc0 nmethod 12796 0x00007cd662569710 code [0x00007cd662569900, 0x00007cd662569f00]
Event: 22.243 Thread 0x00007cd678137cc0 12797       3       org.hibernate.sql.ast.spi.SqlExpressionResolver::createColumnReferenceKey (76 bytes)
Event: 22.243 Thread 0x00007cd678137cc0 nmethod 12797 0x00007cd66256a090 code [0x00007cd66256a260, 0x00007cd66256a520]
Event: 22.243 Thread 0x00007cd678137cc0 12792       1       org.hibernate.query.spi.AbstractCommonQueryContract::getQueryOptions (5 bytes)
Event: 22.243 Thread 0x00007cd678137cc0 nmethod 12792 0x00007cd6693da210 code [0x00007cd6693da3a0, 0x00007cd6693da470]
Event: 22.243 Thread 0x00007cd5e044f100 nmethod 12746 0x00007cd6693da510 code [0x00007cd6693da6a0, 0x00007cd6693da838]
Event: 22.243 Thread 0x00007cd5e044f100 12740       4       java.lang.StringUTF16::putChar (54 bytes)

GC Heap History (20 events):
Event: 6.678 GC heap before
{Heap before GC invocations=18 (full 0):
 garbage-first heap   total 98304K, used 77792K [0x000000008ec00000, 0x0000000100000000)
  region size 1024K, 38 young (38912K), 2 survivors (2048K)
 Metaspace       used 74992K, committed 75520K, reserved 1179648K
  class space    used 10367K, committed 10624K, reserved 1048576K
}
Event: 6.680 GC heap after
{Heap after GC invocations=19 (full 0):
 garbage-first heap   total 98304K, used 42519K [0x000000008ec00000, 0x0000000100000000)
  region size 1024K, 3 young (3072K), 3 survivors (3072K)
 Metaspace       used 74992K, committed 75520K, reserved 1179648K
  class space    used 10367K, committed 10624K, reserved 1048576K
}
Event: 6.778 GC heap before
{Heap before GC invocations=19 (full 0):
 garbage-first heap   total 98304K, used 79383K [0x000000008ec00000, 0x0000000100000000)
  region size 1024K, 39 young (39936K), 3 survivors (3072K)
 Metaspace       used 75059K, committed 75584K, reserved 1179648K
  class space    used 10374K, committed 10624K, reserved 1048576K
}
Event: 6.780 GC heap after
{Heap after GC invocations=20 (full 0):
 garbage-first heap   total 98304K, used 43849K [0x000000008ec00000, 0x0000000100000000)
  region size 1024K, 4 young (4096K), 4 survivors (4096K)
 Metaspace       used 75059K, committed 75584K, reserved 1179648K
  class space    used 10374K, committed 10624K, reserved 1048576K
}
Event: 6.886 GC heap before
{Heap before GC invocations=20 (full 0):
 garbage-first heap   total 98304K, used 79689K [0x000000008ec00000, 0x0000000100000000)
  region size 1024K, 39 young (39936K), 4 survivors (4096K)
 Metaspace       used 75412K, committed 75968K, reserved 1179648K
  class space    used 10484K, committed 10752K, reserved 1048576K
}
Event: 6.889 GC heap after
{Heap after GC invocations=21 (full 0):
 garbage-first heap   total 118784K, used 45150K [0x000000008ec00000, 0x0000000100000000)
  region size 1024K, 4 young (4096K), 4 survivors (4096K)
 Metaspace       used 75412K, committed 75968K, reserved 1179648K
  class space    used 10484K, committed 10752K, reserved 1048576K
}
Event: 10.869 GC heap before
{Heap before GC invocations=21 (full 0):
 garbage-first heap   total 118784K, used 96350K [0x000000008ec00000, 0x0000000100000000)
  region size 1024K, 54 young (55296K), 4 survivors (4096K)
 Metaspace       used 81737K, committed 82304K, reserved 1179648K
  class space    used 11061K, committed 11328K, reserved 1048576K
}
Event: 10.873 GC heap after
{Heap after GC invocations=22 (full 0):
 garbage-first heap   total 118784K, used 48252K [0x000000008ec00000, 0x0000000100000000)
  region size 1024K, 7 young (7168K), 7 survivors (7168K)
 Metaspace       used 81737K, committed 82304K, reserved 1179648K
  class space    used 11061K, committed 11328K, reserved 1048576K
}
Event: 11.859 GC heap before
{Heap before GC invocations=22 (full 0):
 garbage-first heap   total 118784K, used 95356K [0x000000008ec00000, 0x0000000100000000)
  region size 1024K, 53 young (54272K), 7 survivors (7168K)
 Metaspace       used 88386K, committed 88960K, reserved 1179648K
  class space    used 11913K, committed 12160K, reserved 1048576K
}
Event: 11.864 GC heap after
{Heap after GC invocations=23 (full 0):
 garbage-first heap   total 118784K, used 51959K [0x000000008ec00000, 0x0000000100000000)
  region size 1024K, 7 young (7168K), 7 survivors (7168K)
 Metaspace       used 88386K, committed 88960K, reserved 1179648K
  class space    used 11913K, committed 12160K, reserved 1048576K
}
Event: 12.377 GC heap before
{Heap before GC invocations=23 (full 0):
 garbage-first heap   total 118784K, used 94967K [0x000000008ec00000, 0x0000000100000000)
  region size 1024K, 49 young (50176K), 7 survivors (7168K)
 Metaspace       used 92914K, committed 93504K, reserved 1179648K
  class space    used 12521K, committed 12800K, reserved 1048576K
}
Event: 12.384 GC heap after
{Heap after GC invocations=24 (full 0):
 garbage-first heap   total 118784K, used 56337K [0x000000008ec00000, 0x0000000100000000)
  region size 1024K, 5 young (5120K), 5 survivors (5120K)
 Metaspace       used 92914K, committed 93504K, reserved 1179648K
  class space    used 12521K, committed 12800K, reserved 1048576K
}
Event: 12.490 GC heap before
{Heap before GC invocations=24 (full 0):
 garbage-first heap   total 118784K, used 69649K [0x000000008ec00000, 0x0000000100000000)
  region size 1024K, 19 young (19456K), 5 survivors (5120K)
 Metaspace       used 94389K, committed 95040K, reserved 1179648K
  class space    used 12747K, committed 13056K, reserved 1048576K
}
Event: 12.494 GC heap after
{Heap after GC invocations=25 (full 0):
 garbage-first heap   total 118784K, used 57501K [0x000000008ec00000, 0x0000000100000000)
  region size 1024K, 2 young (2048K), 2 survivors (2048K)
 Metaspace       used 94389K, committed 95040K, reserved 1179648K
  class space    used 12747K, committed 13056K, reserved 1048576K
}
Event: 13.001 GC heap before
{Heap before GC invocations=26 (full 0):
 garbage-first heap   total 118784K, used 108701K [0x000000008ec00000, 0x0000000100000000)
  region size 1024K, 28 young (28672K), 2 survivors (2048K)
 Metaspace       used 99997K, committed 100608K, reserved 1179648K
  class space    used 13844K, committed 14144K, reserved 1048576K
}
Event: 13.007 GC heap after
{Heap after GC invocations=27 (full 0):
 garbage-first heap   total 118784K, used 82131K [0x000000008ec00000, 0x0000000100000000)
  region size 1024K, 4 young (4096K), 4 survivors (4096K)
 Metaspace       used 99997K, committed 100608K, reserved 1179648K
  class space    used 13844K, committed 14144K, reserved 1048576K
}
Event: 13.016 GC heap before
{Heap before GC invocations=27 (full 0):
 garbage-first heap   total 118784K, used 83155K [0x000000008ec00000, 0x0000000100000000)
  region size 1024K, 5 young (5120K), 4 survivors (4096K)
 Metaspace       used 100201K, committed 100864K, reserved 1179648K
  class space    used 13863K, committed 14208K, reserved 1048576K
}
Event: 13.019 GC heap after
{Heap after GC invocations=28 (full 0):
 garbage-first heap   total 118784K, used 82026K [0x000000008ec00000, 0x0000000100000000)
  region size 1024K, 1 young (1024K), 1 survivors (1024K)
 Metaspace       used 100201K, committed 100864K, reserved 1179648K
  class space    used 13863K, committed 14208K, reserved 1048576K
}
Event: 21.148 GC heap before
{Heap before GC invocations=28 (full 0):
 garbage-first heap   total 118784K, used 97386K [0x000000008ec00000, 0x0000000100000000)
  region size 1024K, 17 young (17408K), 1 survivors (1024K)
 Metaspace       used 103242K, committed 103872K, reserved 1179648K
  class space    used 14231K, committed 14528K, reserved 1048576K
}
Event: 21.152 GC heap after
{Heap after GC invocations=29 (full 0):
 garbage-first heap   total 227328K, used 82810K [0x000000008ec00000, 0x0000000100000000)
  region size 1024K, 2 young (2048K), 2 survivors (2048K)
 Metaspace       used 103242K, committed 103872K, reserved 1179648K
  class space    used 14231K, committed 14528K, reserved 1048576K
}

Dll operation events (20 events):
Event: 0.036 Loaded shared library /usr/lib/jvm/java-17-openjdk-amd64/lib/libjsvml.so
Event: 0.045 Loaded shared library /usr/lib/jvm/java-17-openjdk-amd64/lib/libnio.so
Event: 0.076 Loaded shared library /usr/lib/jvm/java-17-openjdk-amd64/lib/libzip.so
Event: 0.250 Loaded shared library /home/olimjon/Downloads/openjfx-17.0.17_linux-x64_bin-sdk/javafx-sdk-17.0.17/lib/libprism_es2.so
Event: 0.545 Loaded shared library /home/olimjon/Downloads/openjfx-17.0.17_linux-x64_bin-sdk/javafx-sdk-17.0.17/lib/libprism_sw.so
Event: 0.711 Loaded shared library /home/olimjon/Downloads/openjfx-17.0.17_linux-x64_bin-sdk/javafx-sdk-17.0.17/lib/libglass.so
Event: 0.742 Loaded shared library /home/olimjon/Downloads/openjfx-17.0.17_linux-x64_bin-sdk/javafx-sdk-17.0.17/lib/libglassgtk3.so
Event: 0.868 Loaded shared library /usr/lib/jvm/java-17-openjdk-amd64/lib/libverify.so
Event: 0.871 Loaded shared library /usr/lib/jvm/java-17-openjdk-amd64/lib/libjimage.so
Event: 0.913 Loaded shared library /usr/lib/jvm/java-17-openjdk-amd64/lib/libnet.so
Event: 3.433 Loaded shared library /usr/lib/jvm/java-17-openjdk-amd64/lib/libmanagement.so
Event: 3.436 Loaded shared library /usr/lib/jvm/java-17-openjdk-amd64/lib/libmanagement_ext.so
Event: 4.096 Loaded shared library /usr/lib/jvm/java-17-openjdk-amd64/lib/libextnet.so
Event: 11.817 Loaded shared library /home/olimjon/Downloads/openjfx-17.0.17_linux-x64_bin-sdk/javafx-sdk-17.0.17/lib/libjavafx_font.so
Event: 12.488 Loaded shared library /home/olimjon/Downloads/openjfx-17.0.17_linux-x64_bin-sdk/javafx-sdk-17.0.17/lib/libjavafx_iio.so
Event: 12.539 Loaded shared library /home/olimjon/Downloads/openjfx-17.0.17_linux-x64_bin-sdk/javafx-sdk-17.0.17/lib/libjavafx_font_freetype.so
Event: 12.791 Loaded shared library /home/olimjon/Downloads/openjfx-17.0.17_linux-x64_bin-sdk/javafx-sdk-17.0.17/lib/libjavafx_font_pango.so
Event: 22.049 Loaded shared library /tmp/jSerialComm/1763468444776-libjSerialComm.so
Event: 22.071 Loaded shared library /usr/lib/jvm/java-17-openjdk-amd64/lib/libawt.so
Event: 22.073 Loaded shared library /usr/lib/jvm/java-17-openjdk-amd64/lib/libawt_headless.so

Deoptimization events (20 events):
Event: 22.163 Thread 0x00007cd58082dfa0 DEOPT PACKING pc=0x00007cd668fbc264 sp=0x00007cd4841ff5e0
Event: 22.163 Thread 0x00007cd58082dfa0 DEOPT UNPACKING pc=0x00007cd66898d699 sp=0x00007cd4841ff4e8 mode 2
Event: 22.172 Thread 0x00007cd58082dfa0 Uncommon trap: trap_request=0xffffff45 fr.pc=0x00007cd668fbc8f8 relative=0x0000000000000058
Event: 22.172 Thread 0x00007cd58082dfa0 Uncommon trap: reason=unstable_if action=reinterpret pc=0x00007cd668fbc8f8 method=sun.net.util.IPAddressUtil.scan(Ljava/lang/String;JJ[C)I @ 14 c2
Event: 22.172 Thread 0x00007cd58082dfa0 DEOPT PACKING pc=0x00007cd668fbc8f8 sp=0x00007cd4841ff5c0
Event: 22.172 Thread 0x00007cd58082dfa0 DEOPT UNPACKING pc=0x00007cd66898d699 sp=0x00007cd4841ff568 mode 2
Event: 22.186 Thread 0x00007cd5806e2030 DEOPT PACKING pc=0x00007cd66229acfc sp=0x00007cd5005b00a0
Event: 22.186 Thread 0x00007cd5806e2030 DEOPT UNPACKING pc=0x00007cd66898de2f sp=0x00007cd5005af5d8 mode 0
Event: 22.186 Thread 0x00007cd5806e2030 DEOPT PACKING pc=0x00007cd6615a1d8c sp=0x00007cd5005b0170
Event: 22.186 Thread 0x00007cd5806e2030 DEOPT UNPACKING pc=0x00007cd66898de2f sp=0x00007cd5005af668 mode 0
Event: 22.186 Thread 0x00007cd5806e2030 DEOPT PACKING pc=0x00007cd6615a1094 sp=0x00007cd5005b0210
Event: 22.186 Thread 0x00007cd5806e2030 DEOPT UNPACKING pc=0x00007cd66898de2f sp=0x00007cd5005af720 mode 0
Event: 22.187 Thread 0x00007cd5806e2030 Uncommon trap: trap_request=0xffffff45 fr.pc=0x00007cd668fdcac4 relative=0x00000000000004a4
Event: 22.187 Thread 0x00007cd5806e2030 Uncommon trap: reason=unstable_if action=reinterpret pc=0x00007cd668fdcac4 method=java.lang.AbstractStringBuilder.putStringAt(ILjava/lang/String;II)V @ 8 c2
Event: 22.187 Thread 0x00007cd5806e2030 DEOPT PACKING pc=0x00007cd668fdcac4 sp=0x00007cd5005b0310
Event: 22.187 Thread 0x00007cd5806e2030 DEOPT UNPACKING pc=0x00007cd66898d699 sp=0x00007cd5005b0130 mode 2
Event: 22.216 Thread 0x00007cd5806e2030 Uncommon trap: trap_request=0xffffff45 fr.pc=0x00007cd6690abec4 relative=0x00000000000001a4
Event: 22.216 Thread 0x00007cd5806e2030 Uncommon trap: reason=unstable_if action=reinterpret pc=0x00007cd6690abec4 method=java.lang.String.trim()Ljava/lang/String; @ 4 c2
Event: 22.216 Thread 0x00007cd5806e2030 DEOPT PACKING pc=0x00007cd6690abec4 sp=0x00007cd5005af980
Event: 22.216 Thread 0x00007cd5806e2030 DEOPT UNPACKING pc=0x00007cd66898d699 sp=0x00007cd5005af948 mode 2

Classes loaded (20 events):
Event: 22.164 Loading class sun/net/www/http/HttpCapture$1
Event: 22.164 Loading class sun/net/www/http/HttpCapture$1 done
Event: 22.165 Loading class sun/net/www/http/PosterOutputStream
Event: 22.165 Loading class sun/net/www/http/PosterOutputStream done
Event: 22.166 Loading class sun/print/AttributeClass
Event: 22.167 Loading class sun/print/AttributeClass done
Event: 22.168 Loading class sun/net/www/http/KeepAliveStream
Event: 22.168 Loading class sun/net/www/MeteredStream
Event: 22.168 Loading class sun/net/www/MeteredStream done
Event: 22.170 Loading class sun/net/www/http/KeepAliveStream done
Event: 22.170 Loading class sun/net/www/http/KeepAliveStreamCleaner
Event: 22.170 Loading class sun/net/www/http/KeepAliveStreamCleaner done
Event: 22.171 Loading class sun/net/www/http/KeepAliveStreamCleaner$1
Event: 22.171 Loading class sun/net/www/http/KeepAliveStreamCleaner$1 done
Event: 22.171 Loading class sun/net/www/http/KeepAliveStreamCleaner$2
Event: 22.171 Loading class sun/net/www/http/KeepAliveStreamCleaner$2 done
Event: 22.172 Loading class sun/print/CUPSPrinter$3
Event: 22.172 Loading class sun/print/CUPSPrinter$3 done
Event: 22.186 Loading class java/io/BufferedReader$1
Event: 22.186 Loading class java/io/BufferedReader$1 done

Classes unloaded (0 events):
No events

Classes redefined (0 events):
No events

Internal exceptions (20 events):
Event: 12.756 Thread 0x00007cd67890ae70 Exception <a 'java/lang/ClassNotFoundException'{0x00000000950d2920}: com/sun/javafx/scene/control/skin/resources/controls_en_US> (0x00000000950d2920) 
thrown [./src/hotspot/share/prims/jni.cpp, line 535]
Event: 12.955 Thread 0x00007cd67890ae70 Exception <a 'java/lang/NoSuchMethodError'{0x00000000944e1498}: 'long java.lang.invoke.DirectMethodHandle$Holder.invokeStatic(java.lang.Object, java.lang.Object, java.lang.Object)'> (0x00000000944e1498) 
thrown [./src/hotspot/share/interpreter/linkResolver.cpp, line 758]
Event: 12.956 Thread 0x00007cd67890ae70 Exception <a 'java/lang/NoSuchMethodError'{0x00000000944e4bf8}: 'long java.lang.invoke.DirectMethodHandle$Holder.invokeStaticInit(java.lang.Object, java.lang.Object, java.lang.Object)'> (0x00000000944e4bf8) 
thrown [./src/hotspot/share/interpreter/linkResolver.cpp, line 758]
Event: 13.027 Thread 0x00007cd51c0336b0 Exception <a 'java/lang/NoSuchMethodError'{0x0000000095dc09b8}: 'int java.lang.invoke.DirectMethodHandle$Holder.invokeStatic(java.lang.Object, java.lang.Object, int, int)'> (0x0000000095dc09b8) 
thrown [./src/hotspot/share/interpreter/linkResolver.cpp, line 758]
Event: 21.138 Thread 0x00007cd67890ae70 Exception <a 'java/lang/NoSuchMethodError'{0x0000000094d8a7a8}: 'void java.lang.invoke.DirectMethodHandle$Holder.invokeSpecialIFC(java.lang.Object, java.lang.Object, int, java.lang.Object, java.lang.Object, java.lang.Object, java.lang.Object)'> (0x0000000094d8a7a8) 
thrown [./src/hotspot/share/interpreter/linkResolver.cpp, line 758]
Event: 21.206 Thread 0x00007cd67890ae70 Exception <a 'java/lang/NoSuchMethodError'{0x000000009c6ccbf8}: 'java.lang.Object java.lang.invoke.DelegatingMethodHandle$Holder.reinvoke_L(java.lang.Object, java.lang.Object, long, java.lang.Object, java.lang.Object, java.lang.Object, java.lang.Object, java.lang.Object, java.lang.Object, java.lang.Object, java.lang.Object, java.lang.Object, java.lang.Object, java.lang.Object, java.lang.Object, java.lang.Object, java.lang.Object, java.lang.Object, java.lang.Object, java.lang.Object, java.lang.Object, java.
Event: 21.213 Thread 0x00007cd67890ae70 Exception <a 'java/lang/NoSuchMethodError'{0x000000009c4166d0}: 'java.lang.Object java.lang.invoke.DirectMethodHandle$Holder.invokeSpecial(java.lang.Object, java.lang.Object, long, java.lang.Object, java.lang.Object, java.lang.Object, java.lang.Object, java.lang.Object, java.lang.Object, java.lang.Object, java.lang.Object, java.lang.Object, java.lang.Object, java.lang.Object, java.lang.Object, java.lang.Object, java.lang.Object, java.lang.Object, java.lang.Object, java.lang.Object, java.lang.Object, java.l
Event: 21.213 Thread 0x00007cd67890ae70 Exception <a 'java/lang/NoSuchMethodError'{0x000000009c41efd0}: 'java.lang.Object java.lang.invoke.DelegatingMethodHandle$Holder.reinvoke_L(java.lang.Object, long, java.lang.Object, java.lang.Object, java.lang.Object, java.lang.Object, java.lang.Object, java.lang.Object, java.lang.Object, java.lang.Object, java.lang.Object, java.lang.Object, java.lang.Object, java.lang.Object, java.lang.Object, java.lang.Object, java.lang.Object, java.lang.Object, java.lang.Object, java.lang.Object, java.lang.Object, java.
Event: 21.222 Thread 0x00007cd67890ae70 Exception <a 'java/lang/NoSuchMethodError'{0x000000009c3c9248}: 'java.lang.Object java.lang.invoke.Invokers$Holder.linkToTargetMethod(java.lang.Object, java.lang.Object, java.lang.Object, java.lang.Object, java.lang.Object, java.lang.Object, java.lang.Object, java.lang.Object, java.lang.Object, java.lang.Object, java.lang.Object, java.lang.Object, java.lang.Object, java.lang.Object, java.lang.Object, java.lang.Object, java.lang.Object, java.lang.Object, java.lang.Object, java.lang.Object, java.lang.Object,
Event: 21.541 Thread 0x00007cd67890ae70 Exception <a 'java/lang/ClassNotFoundException'{0x000000009b4fa4a0}: com/sun/javafx/scene/control/skin/resources/controls-nt> (0x000000009b4fa4a0) 
thrown [./src/hotspot/share/prims/jni.cpp, line 535]
Event: 21.542 Thread 0x00007cd67890ae70 Exception <a 'java/lang/ClassNotFoundException'{0x000000009b304778}: com/sun/javafx/scene/control/skin/resources/controls-nt_en> (0x000000009b304778) 
thrown [./src/hotspot/share/prims/jni.cpp, line 535]
Event: 21.542 Thread 0x00007cd67890ae70 Exception <a 'java/lang/ClassNotFoundException'{0x000000009b307c88}: com/sun/javafx/scene/control/skin/resources/controls-nt_en_US> (0x000000009b307c88) 
thrown [./src/hotspot/share/prims/jni.cpp, line 535]
Event: 21.544 Thread 0x00007cd67890ae70 Exception <a 'java/io/FileNotFoundException'{0x000000009b31c458}> (0x000000009b31c458) 
thrown [./src/hotspot/share/prims/jni.cpp, line 516]
Event: 21.548 Thread 0x00007cd67890ae70 Exception <a 'java/io/FileNotFoundException'{0x000000009b330e20}> (0x000000009b330e20) 
thrown [./src/hotspot/share/prims/jni.cpp, line 516]
Event: 21.754 Thread 0x00007cd67890ae70 Exception <a 'java/lang/NoSuchMethodError'{0x000000009a96f030}: 'void java.lang.invoke.DirectMethodHandle$Holder.invokeSpecialIFC(java.lang.Object, java.lang.Object, java.lang.Object, java.lang.Object)'> (0x000000009a96f030) 
thrown [./src/hotspot/share/interpreter/linkResolver.cpp, line 758]
Event: 22.060 Thread 0x00007cd580822640 Exception <a 'java/lang/NoSuchMethodError'{0x0000000099ba0ac8}: 'java.lang.Object java.lang.invoke.DirectMethodHandle$Holder.newInvokeSpecial(java.lang.Object, java.lang.Object, double, double)'> (0x0000000099ba0ac8) 
thrown [./src/hotspot/share/interpreter/linkResolver.cpp, line 758]
Event: 22.066 Thread 0x00007cd67890ae70 Exception <a 'java/lang/ClassNotFoundException'{0x0000000099cb55d0}: sun/awt/resources/spi/awtProvider> (0x0000000099cb55d0) 
thrown [./src/hotspot/share/classfile/systemDictionary.cpp, line 256]
Event: 22.074 Thread 0x00007cd67890ae70 Exception <a 'java/io/FileNotFoundException'{0x0000000099cbb0b8}> (0x0000000099cbb0b8) 
thrown [./src/hotspot/share/prims/jni.cpp, line 516]
Event: 22.086 Thread 0x00007cd58081b620 Exception <a 'java/lang/IncompatibleClassChangeError'{0x0000000099a76e88}: Found class java.lang.Object, but interface was expected> (0x0000000099a76e88) 
thrown [./src/hotspot/share/interpreter/linkResolver.cpp, line 826]
Event: 22.207 Thread 0x00007cd5806e2030 Exception <a 'java/lang/IncompatibleClassChangeError'{0x00000000998196f0}: Found class java.lang.Object, but interface was expected> (0x00000000998196f0) 
thrown [./src/hotspot/share/interpreter/linkResolver.cpp, line 826]

VM Operations (20 events):
Event: 21.747 Executing VM operation: HandshakeAllThreads
Event: 21.747 Executing VM operation: HandshakeAllThreads done
Event: 21.912 Executing VM operation: ICBufferFull
Event: 21.912 Executing VM operation: ICBufferFull done
Event: 21.977 Executing VM operation: HandshakeAllThreads
Event: 21.977 Executing VM operation: HandshakeAllThreads done
Event: 21.979 Executing VM operation: HandshakeAllThreads
Event: 21.979 Executing VM operation: HandshakeAllThreads done
Event: 22.095 Executing VM operation: ICBufferFull
Event: 22.095 Executing VM operation: ICBufferFull done
Event: 22.166 Executing VM operation: HandshakeAllThreads
Event: 22.166 Executing VM operation: HandshakeAllThreads done
Event: 22.169 Executing VM operation: HandshakeAllThreads
Event: 22.170 Executing VM operation: HandshakeAllThreads done
Event: 22.171 Executing VM operation: HandshakeAllThreads
Event: 22.171 Executing VM operation: HandshakeAllThreads done
Event: 22.199 Executing VM operation: HandshakeAllThreads
Event: 22.200 Executing VM operation: HandshakeAllThreads done
Event: 22.239 Executing VM operation: ICBufferFull
Event: 22.240 Executing VM operation: ICBufferFull done

Memory protections (20 events):
Event: 12.596 Protecting memory [0x00007cd502740000,0x00007cd502744000] with protection modes 0
Event: 12.628 Protecting memory [0x00007cd502a00000,0x00007cd502a04000] with protection modes 0
Event: 12.633 Protecting memory [0x00007cd502640000,0x00007cd502644000] with protection modes 0
Event: 12.856 Protecting memory [0x00007cd501cc1000,0x00007cd501cc5000] with protection modes 0
Event: 12.857 Protecting memory [0x00007cd501bc1000,0x00007cd501bc5000] with protection modes 0
Event: 12.984 Protecting memory [0x00007cd500f7a000,0x00007cd500f7e000] with protection modes 0
Event: 17.456 Protecting memory [0x00007cd500e7a000,0x00007cd500e7e000] with protection modes 0
Event: 21.077 Protecting memory [0x00007cd590c69000,0x00007cd590c6d000] with protection modes 0
Event: 21.431 Protecting memory [0x00007cd5004b2000,0x00007cd5004b6000] with protection modes 0
Event: 21.975 Protecting memory [0x00007cd485300000,0x00007cd485304000] with protection modes 0
Event: 21.980 Protecting memory [0x00007cd485dcb000,0x00007cd485dcf000] with protection modes 0
Event: 22.056 Protecting memory [0x00007cd485300000,0x00007cd485304000] with protection modes 0
Event: 22.057 Protecting memory [0x00007cd484700000,0x00007cd484704000] with protection modes 0
Event: 22.057 Protecting memory [0x00007cd484600000,0x00007cd484604000] with protection modes 0
Event: 22.058 Protecting memory [0x00007cd484500000,0x00007cd484504000] with protection modes 0
Event: 22.058 Protecting memory [0x00007cd484400000,0x00007cd484404000] with protection modes 0
Event: 22.059 Protecting memory [0x00007cd484300000,0x00007cd484304000] with protection modes 0
Event: 22.082 Protecting memory [0x00007cd484101000,0x00007cd484105000] with protection modes 0
Event: 22.172 Protecting memory [0x00007cd4778e9000,0x00007cd4778ed000] with protection modes 0
Event: 22.243 Protecting memory [0x00007cd4777e9000,0x00007cd4777ed000] with protection modes 0

Nmethod flushes (20 events):
Event: 14.051 Thread 0x00007cd678141130 flushing  nmethod 0x00007cd66231f390
Event: 14.051 Thread 0x00007cd678141130 flushing  nmethod 0x00007cd66231fb90
Event: 14.051 Thread 0x00007cd678141130 flushing  nmethod 0x00007cd66232c410
Event: 14.051 Thread 0x00007cd678141130 flushing  nmethod 0x00007cd66232d790
Event: 14.051 Thread 0x00007cd678141130 flushing  nmethod 0x00007cd66236fe10
Event: 14.051 Thread 0x00007cd678141130 flushing  nmethod 0x00007cd662370e10
Event: 14.051 Thread 0x00007cd678141130 flushing  nmethod 0x00007cd662371e90
Event: 14.051 Thread 0x00007cd678141130 flushing  nmethod 0x00007cd662372a90
Event: 14.051 Thread 0x00007cd678141130 flushing  nmethod 0x00007cd662373190
Event: 14.051 Thread 0x00007cd678141130 flushing  nmethod 0x00007cd662375510
Event: 14.051 Thread 0x00007cd678141130 flushing  nmethod 0x00007cd662376610
Event: 14.051 Thread 0x00007cd678141130 flushing  nmethod 0x00007cd662376a10
Event: 14.051 Thread 0x00007cd678141130 flushing  nmethod 0x00007cd662377110
Event: 14.051 Thread 0x00007cd678141130 flushing  nmethod 0x00007cd662377610
Event: 22.204 Thread 0x00007cd678141130 flushing  nmethod 0x00007cd66144c890
Event: 22.204 Thread 0x00007cd678141130 flushing  nmethod 0x00007cd6614e3610
Event: 22.205 Thread 0x00007cd678141130 flushing  nmethod 0x00007cd661545a90
Event: 22.205 Thread 0x00007cd678141130 flushing  nmethod 0x00007cd66158ae90
Event: 22.206 Thread 0x00007cd678141130 flushing  nmethod 0x00007cd6616bd690
Event: 22.217 Thread 0x00007cd678141130 flushing  nmethod 0x00007cd662156b90

Events (20 events):
Event: 12.633 Thread 0x00007cd57a187f20 Thread added: 0x00007cd51c03f7e0
Event: 12.856 Thread 0x00007cd57a187f20 Thread added: 0x00007cd51c04da50
Event: 12.857 Thread 0x00007cd57a187f20 Thread added: 0x00007cd51c04e9a0
Event: 12.984 Thread 0x00007cd678262870 Thread added: 0x00007cd5c42ea450
Event: 17.456 Thread 0x00007cd57a1a8a30 Thread added: 0x00007cd4e8001120
Event: 20.713 Thread 0x00007cd5782f3a20 Thread exited: 0x00007cd5782f3a20
Event: 21.077 Thread 0x00007cd678137cc0 Thread added: 0x00007cd5e044f100
Event: 21.431 Thread 0x00007cd67890ae70 Thread added: 0x00007cd5806e2030
Event: 21.975 Thread 0x00007cd5806e2030 Thread added: 0x00007cd47800b470
Event: 21.975 Thread 0x00007cd47800b470 Thread exited: 0x00007cd47800b470
Event: 21.979 Thread 0x00007cd67890ae70 Thread added: 0x00007cd5807c4180
Event: 22.056 Thread 0x00007cd67890ae70 Thread added: 0x00007cd5808163d0
Event: 22.057 Thread 0x00007cd67890ae70 Thread added: 0x00007cd5808170f0
Event: 22.057 Thread 0x00007cd67890ae70 Thread added: 0x00007cd58081b620
Event: 22.058 Thread 0x00007cd67890ae70 Thread added: 0x00007cd58081c720
Event: 22.058 Thread 0x00007cd67890ae70 Thread added: 0x00007cd5808211b0
Event: 22.059 Thread 0x00007cd67890ae70 Thread added: 0x00007cd580822640
Event: 22.082 Thread 0x00007cd67890ae70 Thread added: 0x00007cd58082dfa0
Event: 22.172 Thread 0x00007cd58082dfa0 Thread added: 0x00007cd48c03ea20
Event: 22.243 Thread 0x00007cd67890ae70 Thread added: 0x00007cd5805a8020


Dynamic libraries:
8ec00000-9c800000 rw-p 00000000 00:00 0 
9c800000-ffe00000 ---p 00000000 00:00 0 
ffe00000-ffe75000 rw-p 00c7a000 103:02 14432683                          /usr/lib/jvm/java-17-openjdk-amd64/lib/server/classes.jsa
ffe75000-fff00000 rw-p 00000000 00:00 0 
fff00000-fff78000 rw-p 00c02000 103:02 14432683                          /usr/lib/jvm/java-17-openjdk-amd64/lib/server/classes.jsa
fff78000-100000000 rw-p 00000000 00:00 0 
63ebd6ac6000-63ebd6ac7000 r--p 00000000 103:02 14432529                  /usr/lib/jvm/java-17-openjdk-amd64/bin/java
63ebd6ac7000-63ebd6ac8000 r-xp 00001000 103:02 14432529                  /usr/lib/jvm/java-17-openjdk-amd64/bin/java
63ebd6ac8000-63ebd6ac9000 r--p 00002000 103:02 14432529                  /usr/lib/jvm/java-17-openjdk-amd64/bin/java
63ebd6ac9000-63ebd6aca000 r--p 00002000 103:02 14432529                  /usr/lib/jvm/java-17-openjdk-amd64/bin/java
63ebd6aca000-63ebd6acb000 rw-p 00003000 103:02 14432529                  /usr/lib/jvm/java-17-openjdk-amd64/bin/java
63ebe2e5c000-63ebe2ea9000 rw-p 00000000 00:00 0                          [heap]
7cd470000000-7cd470021000 rw-p 00000000 00:00 0 
7cd470021000-7cd474000000 ---p 00000000 00:00 0 
7cd4777e9000-7cd4777ed000 ---p 00000000 00:00 0 
7cd4777ed000-7cd4778e9000 rw-p 00000000 00:00 0 
7cd4778e9000-7cd4778ed000 ---p 00000000 00:00 0 
7cd4778ed000-7cd4779e9000 rw-p 00000000 00:00 0 
7cd4779e9000-7cd4779f3000 r--p 00000000 103:02 13905288                  /usr/lib/x86_64-linux-gnu/libgmp.so.10.5.0
7cd4779f3000-7cd477a56000 r-xp 0000a000 103:02 13905288                  /usr/lib/x86_64-linux-gnu/libgmp.so.10.5.0
7cd477a56000-7cd477a6b000 r--p 0006d000 103:02 13905288                  /usr/lib/x86_64-linux-gnu/libgmp.so.10.5.0
7cd477a6b000-7cd477a6c000 r--p 00081000 103:02 13905288                  /usr/lib/x86_64-linux-gnu/libgmp.so.10.5.0
7cd477a6c000-7cd477a6d000 rw-p 00082000 103:02 13905288                  /usr/lib/x86_64-linux-gnu/libgmp.so.10.5.0
7cd477a6d000-7cd477a75000 r--p 00000000 103:02 13905357                  /usr/lib/x86_64-linux-gnu/libhogweed.so.6.8
7cd477a75000-7cd477a89000 r-xp 00008000 103:02 13905357                  /usr/lib/x86_64-linux-gnu/libhogweed.so.6.8
7cd477a89000-7cd477ab2000 r--p 0001c000 103:02 13905357                  /usr/lib/x86_64-linux-gnu/libhogweed.so.6.8
7cd477ab2000-7cd477ab4000 r--p 00044000 103:02 13905357                  /usr/lib/x86_64-linux-gnu/libhogweed.so.6.8
7cd477ab4000-7cd477ab5000 rw-p 00046000 103:02 13905357                  /usr/lib/x86_64-linux-gnu/libhogweed.so.6.8
7cd477ab5000-7cd477ac6000 r--p 00000000 103:02 13905696                  /usr/lib/x86_64-linux-gnu/libunistring.so.5.0.0
7cd477ac6000-7cd477afd000 r-xp 00011000 103:02 13905696                  /usr/lib/x86_64-linux-gnu/libunistring.so.5.0.0
7cd477afd000-7cd477c5d000 r--p 00048000 103:02 13905696                  /usr/lib/x86_64-linux-gnu/libunistring.so.5.0.0
7cd477c5d000-7cd477c61000 r--p 001a8000 103:02 13905696                  /usr/lib/x86_64-linux-gnu/libunistring.so.5.0.0
7cd477c61000-7cd477c62000 rw-p 001ac000 103:02 13905696                  /usr/lib/x86_64-linux-gnu/libunistring.so.5.0.0
7cd477c62000-7cd477c9a000 r--p 00000000 103:02 13905526                  /usr/lib/x86_64-linux-gnu/libp11-kit.so.0.3.1
7cd477c9a000-7cd477d6c000 r-xp 00038000 103:02 13905526                  /usr/lib/x86_64-linux-gnu/libp11-kit.so.0.3.1
7cd477d6c000-7cd477deb000 r--p 0010a000 103:02 13905526                  /usr/lib/x86_64-linux-gnu/libp11-kit.so.0.3.1
7cd477deb000-7cd477df8000 r--p 00188000 103:02 13905526                  /usr/lib/x86_64-linux-gnu/libp11-kit.so.0.3.1
7cd477df8000-7cd477e05000 rw-p 00195000 103:02 13905526                  /usr/lib/x86_64-linux-gnu/libp11-kit.so.0.3.1
7cd477e05000-7cd477e06000 rw-p 00000000 00:00 0 
7cd477e06000-7cd477e39000 r--p 00000000 103:02 13905299                  /usr/lib/x86_64-linux-gnu/libgnutls.so.30.37.1
7cd477e39000-7cd477f72000 r-xp 00033000 103:02 13905299                  /usr/lib/x86_64-linux-gnu/libgnutls.so.30.37.1
7cd477f72000-7cd477feb000 r--p 0016c000 103:02 13905299                  /usr/lib/x86_64-linux-gnu/libgnutls.so.30.37.1
7cd477feb000-7cd477ffb000 r--p 001e4000 103:02 13905299                  /usr/lib/x86_64-linux-gnu/libgnutls.so.30.37.1
7cd477ffb000-7cd477ffd000 rw-p 001f4000 103:02 13905299                  /usr/lib/x86_64-linux-gnu/libgnutls.so.30.37.1
7cd477ffd000-7cd478021000 rw-p 00000000 00:00 0 
7cd478021000-7cd47c000000 ---p 00000000 00:00 0 
7cd47c000000-7cd47c021000 rw-p 00000000 00:00 0 
7cd47c021000-7cd480000000 ---p 00000000 00:00 0 
7cd480000000-7cd480021000 rw-p 00000000 00:00 0 
7cd480021000-7cd484000000 ---p 00000000 00:00 0 
7cd484038000-7cd484058000 r--p 00000000 103:02 13905412                  /usr/lib/x86_64-linux-gnu/libkrb5.so.3.3
7cd484058000-7cd4840b9000 r-xp 00020000 103:02 13905412                  /usr/lib/x86_64-linux-gnu/libkrb5.so.3.3
7cd4840b9000-7cd4840f2000 r--p 00081000 103:02 13905412                  /usr/lib/x86_64-linux-gnu/libkrb5.so.3.3
7cd4840f2000-7cd4840ff000 r--p 000ba000 103:02 13905412                  /usr/lib/x86_64-linux-gnu/libkrb5.so.3.3
7cd4840ff000-7cd484101000 rw-p 000c7000 103:02 13905412                  /usr/lib/x86_64-linux-gnu/libkrb5.so.3.3
7cd484101000-7cd484105000 ---p 00000000 00:00 0 
7cd484105000-7cd484201000 rw-p 00000000 00:00 0 
7cd484201000-7cd48422b000 r--p 00000000 103:02 14432648                  /usr/lib/jvm/java-17-openjdk-amd64/lib/libawt.so
7cd48422b000-7cd4842c2000 r-xp 0002a000 103:02 14432648                  /usr/lib/jvm/java-17-openjdk-amd64/lib/libawt.so
7cd4842c2000-7cd4842cf000 r--p 000c1000 103:02 14432648                  /usr/lib/jvm/java-17-openjdk-amd64/lib/libawt.so
7cd4842cf000-7cd4842d0000 r--p 000cd000 103:02 14432648                  /usr/lib/jvm/java-17-openjdk-amd64/lib/libawt.so
7cd4842d0000-7cd4842db000 rw-p 000ce000 103:02 14432648                  /usr/lib/jvm/java-17-openjdk-amd64/lib/libawt.so
7cd4842db000-7cd484300000 rw-p 00000000 00:00 0 
7cd484300000-7cd484304000 ---p 00000000 00:00 0 
7cd484304000-7cd484400000 rw-p 00000000 00:00 0 
7cd484400000-7cd484404000 ---p 00000000 00:00 0 
7cd484404000-7cd484500000 rw-p 00000000 00:00 0 
7cd484500000-7cd484504000 ---p 00000000 00:00 0 
7cd484504000-7cd484600000 rw-p 00000000 00:00 0 
7cd484600000-7cd484604000 ---p 00000000 00:00 0 
7cd484604000-7cd484700000 rw-p 00000000 00:00 0 
7cd484700000-7cd484704000 ---p 00000000 00:00 0 
7cd484704000-7cd484800000 rw-p 00000000 00:00 0 
7cd484800000-7cd48524a000 r--p 00000000 103:02 13923196                  /usr/share/fonts/truetype/noto/NotoColorEmoji.ttf
7cd485260000-7cd485263000 r--p 00000000 103:02 13896109                  /usr/lib/x86_64-linux-gnu/libresolv.so.2
7cd485263000-7cd48526d000 r-xp 00003000 103:02 13896109                  /usr/lib/x86_64-linux-gnu/libresolv.so.2
7cd48526d000-7cd48526f000 r--p 0000d000 103:02 13896109                  /usr/lib/x86_64-linux-gnu/libresolv.so.2
7cd48526f000-7cd485270000 r--p 0000f000 103:02 13896109                  /usr/lib/x86_64-linux-gnu/libresolv.so.2
7cd485270000-7cd485271000 rw-p 00010000 103:02 13896109                  /usr/lib/x86_64-linux-gnu/libresolv.so.2
7cd485271000-7cd485273000 rw-p 00000000 00:00 0 
7cd485273000-7cd48527f000 r--p 00000000 103:02 13905478                  /usr/lib/x86_64-linux-gnu/libnettle.so.8.8
7cd48527f000-7cd4852ae000 r-xp 0000c000 103:02 13905478                  /usr/lib/x86_64-linux-gnu/libnettle.so.8.8
7cd4852ae000-7cd4852c5000 r--p 0003b000 103:02 13905478                  /usr/lib/x86_64-linux-gnu/libnettle.so.8.8
7cd4852c5000-7cd4852c7000 r--p 00051000 103:02 13905478                  /usr/lib/x86_64-linux-gnu/libnettle.so.8.8
7cd4852c7000-7cd4852c8000 rw-p 00053000 103:02 13905478                  /usr/lib/x86_64-linux-gnu/libnettle.so.8.8
7cd4852c8000-7cd4852cb000 r--p 00000000 103:02 13905661                  /usr/lib/x86_64-linux-gnu/libtasn1.so.6.6.3
7cd4852cb000-7cd4852d9000 r-xp 00003000 103:02 13905661                  /usr/lib/x86_64-linux-gnu/libtasn1.so.6.6.3
7cd4852d9000-7cd4852dc000 r--p 00011000 103:02 13905661                  /usr/lib/x86_64-linux-gnu/libtasn1.so.6.6.3
7cd4852dc000-7cd4852dd000 r--p 00014000 103:02 13905661                  /usr/lib/x86_64-linux-gnu/libtasn1.so.6.6.3
7cd4852dd000-7cd4852de000 rw-p 00015000 103:02 13905661                  /usr/lib/x86_64-linux-gnu/libtasn1.so.6.6.3
7cd4852de000-7cd4852e0000 r--p 00000000 103:02 13905379                  /usr/lib/x86_64-linux-gnu/libidn2.so.0.4.0
7cd4852e0000-7cd4852e4000 r-xp 00002000 103:02 13905379                  /usr/lib/x86_64-linux-gnu/libidn2.so.0.4.0
7cd4852e4000-7cd4852fe000 r--p 00006000 103:02 13905379                  /usr/lib/x86_64-linux-gnu/libidn2.so.0.4.0
7cd4852fe000-7cd4852ff000 r--p 0001f000 103:02 13905379                  /usr/lib/x86_64-linux-gnu/libidn2.so.0.4.0
7cd4852ff000-7cd485300000 rw-p 00020000 103:02 13905379                  /usr/lib/x86_64-linux-gnu/libidn2.so.0.4.0
7cd485300000-7cd485304000 ---p 00000000 00:00 0 
7cd485304000-7cd485400000 rw-p 00000000 00:00 0 
7cd485400000-7cd485743000 r--p 00000000 103:02 13923495                  /usr/share/fonts/truetype/noto/NotoSerifTangut-Regular.ttf
7cd48574b000-7cd48574d000 r--p 00000000 103:02 13905409                  /usr/lib/x86_64-linux-gnu/libkeyutils.so.1.10
7cd48574d000-7cd48574f000 r-xp 00002000 103:02 13905409                  /usr/lib/x86_64-linux-gnu/libkeyutils.so.1.10
7cd48574f000-7cd485750000 r--p 00004000 103:02 13905409                  /usr/lib/x86_64-linux-gnu/libkeyutils.so.1.10
7cd485750000-7cd485751000 r--p 00004000 103:02 13905409                  /usr/lib/x86_64-linux-gnu/libkeyutils.so.1.10
7cd485751000-7cd485752000 rw-p 00005000 103:02 13905409                  /usr/lib/x86_64-linux-gnu/libkeyutils.so.1.10
7cd485752000-7cd485755000 r--p 00000000 103:02 13905413                  /usr/lib/x86_64-linux-gnu/libkrb5support.so.0.1
7cd485755000-7cd48575b000 r-xp 00003000 103:02 13905413                  /usr/lib/x86_64-linux-gnu/libkrb5support.so.0.1
7cd48575b000-7cd48575d000 r--p 00009000 103:02 13905413                  /usr/lib/x86_64-linux-gnu/libkrb5support.so.0.1
7cd48575d000-7cd48575e000 r--p 0000a000 103:02 13905413                  /usr/lib/x86_64-linux-gnu/libkrb5support.so.0.1
7cd48575e000-7cd48575f000 rw-p 0000b000 103:02 13905413                  /usr/lib/x86_64-linux-gnu/libkrb5support.so.0.1
7cd48575f000-7cd485763000 r--p 00000000 103:02 13905408                  /usr/lib/x86_64-linux-gnu/libk5crypto.so.3.1
7cd485763000-7cd48577e000 r-xp 00004000 103:02 13905408                  /usr/lib/x86_64-linux-gnu/libk5crypto.so.3.1
7cd48577e000-7cd485789000 r--p 0001f000 103:02 13905408                  /usr/lib/x86_64-linux-gnu/libk5crypto.so.3.1
7cd485789000-7cd48578a000 r--p 0002a000 103:02 13905408                  /usr/lib/x86_64-linux-gnu/libk5crypto.so.3.1
7cd48578a000-7cd48578b000 rw-p 0002b000 103:02 13905408                  /usr/lib/x86_64-linux-gnu/libk5crypto.so.3.1
7cd48578b000-7cd48578f000 r--p 00000000 103:02 13905091                  /usr/lib/x86_64-linux-gnu/libavahi-client.so.3.2.9
7cd48578f000-7cd485798000 r-xp 00004000 103:02 13905091                  /usr/lib/x86_64-linux-gnu/libavahi-client.so.3.2.9
7cd485798000-7cd48579c000 r--p 0000d000 103:02 13905091                  /usr/lib/x86_64-linux-gnu/libavahi-client.so.3.2.9
7cd48579c000-7cd48579d000 r--p 00010000 103:02 13905091                  /usr/lib/x86_64-linux-gnu/libavahi-client.so.3.2.9
7cd48579d000-7cd48579e000 rw-p 00011000 103:02 13905091                  /usr/lib/x86_64-linux-gnu/libavahi-client.so.3.2.9
7cd48579e000-7cd4857a1000 r--p 00000000 103:02 13905092                  /usr/lib/x86_64-linux-gnu/libavahi-common.so.3.5.4
7cd4857a1000-7cd4857a7000 r-xp 00003000 103:02 13905092                  /usr/lib/x86_64-linux-gnu/libavahi-common.so.3.5.4
7cd4857a7000-7cd4857aa000 r--p 00009000 103:02 13905092                  /usr/lib/x86_64-linux-gnu/libavahi-common.so.3.5.4
7cd4857aa000-7cd4857ab000 r--p 0000b000 103:02 13905092                  /usr/lib/x86_64-linux-gnu/libavahi-common.so.3.5.4
7cd4857ab000-7cd4857ac000 rw-p 0000c000 103:02 13905092                  /usr/lib/x86_64-linux-gnu/libavahi-common.so.3.5.4
7cd4857ac000-7cd4857b8000 r--p 00000000 103:02 13905315                  /usr/lib/x86_64-linux-gnu/libgssapi_krb5.so.2.2
7cd4857b8000-7cd4857f2000 r-xp 0000c000 103:02 13905315                  /usr/lib/x86_64-linux-gnu/libgssapi_krb5.so.2.2
7cd4857f2000-7cd4857fc000 r--p 00046000 103:02 13905315                  /usr/lib/x86_64-linux-gnu/libgssapi_krb5.so.2.2
7cd4857fc000-7cd4857fe000 r--p 0004f000 103:02 13905315                  /usr/lib/x86_64-linux-gnu/libgssapi_krb5.so.2.2
7cd4857fe000-7cd485800000 rw-p 00051000 103:02 13905315                  /usr/lib/x86_64-linux-gnu/libgssapi_krb5.so.2.2
7cd485800000-7cd485cf9000 r--p 00000000 103:02 13923398                  /usr/share/fonts/truetype/noto/NotoSansSignWriting-Regular.ttf
7cd485cfd000-7cd485cff000 r--p 00000000 103:02 13905152                  /usr/lib/x86_64-linux-gnu/libcom_err.so.2.1
7cd485cff000-7cd485d00000 r-xp 00002000 103:02 13905152                  /usr/lib/x86_64-linux-gnu/libcom_err.so.2.1
7cd485d00000-7cd485d01000 r--p 00003000 103:02 13905152                  /usr/lib/x86_64-linux-gnu/libcom_err.so.2.1
7cd485d01000-7cd485d02000 r--p 00003000 103:02 13905152                  /usr/lib/x86_64-linux-gnu/libcom_err.so.2.1
7cd485d02000-7cd485d03000 rw-p 00004000 103:02 13905152                  /usr/lib/x86_64-linux-gnu/libcom_err.so.2.1
7cd485d03000-7cd485d20000 r--p 00000000 103:02 13895807                  /usr/lib/x86_64-linux-gnu/libcups.so.2
7cd485d20000-7cd485d7e000 r-xp 0001d000 103:02 13895807                  /usr/lib/x86_64-linux-gnu/libcups.so.2
7cd485d7e000-7cd485d99000 r--p 0007b000 103:02 13895807                  /usr/lib/x86_64-linux-gnu/libcups.so.2
7cd485d99000-7cd485da2000 r--p 00096000 103:02 13895807                  /usr/lib/x86_64-linux-gnu/libcups.so.2
7cd485da2000-7cd485da3000 rw-p 0009f000 103:02 13895807                  /usr/lib/x86_64-linux-gnu/libcups.so.2
7cd485db3000-7cd485db6000 r--p 00000000 103:02 14432649                  /usr/lib/jvm/java-17-openjdk-amd64/lib/libawt_headless.so
7cd485db6000-7cd485dba000 r-xp 00003000 103:02 14432649                  /usr/lib/jvm/java-17-openjdk-amd64/lib/libawt_headless.so
7cd485dba000-7cd485dbc000 r--p 00007000 103:02 14432649                  /usr/lib/jvm/java-17-openjdk-amd64/lib/libawt_headless.so
7cd485dbc000-7cd485dbd000 r--p 00008000 103:02 14432649                  /usr/lib/jvm/java-17-openjdk-amd64/lib/libawt_headless.so
7cd485dbd000-7cd485dbe000 rw-p 00009000 103:02 14432649                  /usr/lib/jvm/java-17-openjdk-amd64/lib/libawt_headless.so
7cd485dbe000-7cd485dc2000 r--p 00000000 103:02 17564395                  /tmp/jSerialComm/1763468444776-libjSerialComm.so
7cd485dc2000-7cd485dc7000 r-xp 00004000 103:02 17564395                  /tmp/jSerialComm/1763468444776-libjSerialComm.so
7cd485dc7000-7cd485dc9000 r--p 00009000 103:02 17564395                  /tmp/jSerialComm/1763468444776-libjSerialComm.so
7cd485dc9000-7cd485dca000 r--p 0000a000 103:02 17564395                  /tmp/jSerialComm/1763468444776-libjSerialComm.so
7cd485dca000-7cd485dcb000 rw-p 0000b000 103:02 17564395                  /tmp/jSerialComm/1763468444776-libjSerialComm.so
7cd485dcb000-7cd485dcf000 ---p 00000000 00:00 0 
7cd485dcf000-7cd485ded000 rw-p 00000000 00:00 0 
7cd485ded000-7cd485df4000 r--p 00000000 103:02 13923463                  /usr/share/fonts/truetype/noto/NotoSerifDogra-Regular.ttf
7cd485df4000-7cd485e83000 r--p 00000000 103:02 13923294                  /usr/share/fonts/truetype/noto/NotoSansEgyptianHieroglyphs-Regular.ttf
7cd485e83000-7cd485ebb000 r--p 00000000 103:02 13923256                  /usr/share/fonts/truetype/noto/NotoSansAnatolianHieroglyphs-Regular.ttf
7cd485ebb000-7cd485ecf000 r--p 00000000 103:02 13923241                  /usr/share/fonts/truetype/noto/NotoMusic-Regular.ttf
7cd485ecf000-7cd485f70000 r--p 00000000 103:02 13923410                  /usr/share/fonts/truetype/noto/NotoSansSymbols2-Regular.ttf
7cd485f70000-7cd486000000 r--p 00000000 103:02 13923500                  /usr/share/fonts/truetype/noto/NotoSerifTibetan-Bold.ttf
7cd486000000-7cd488000000 rw-s 00000000 00:01 294933                     /SYSV00000000 (deleted)
7cd488000000-7cd488021000 rw-p 00000000 00:00 0 
7cd488021000-7cd48c000000 ---p 00000000 00:00 0 
7cd48c000000-7cd48c04a000 rw-p 00000000 00:00 0 
7cd48c04a000-7cd490000000 ---p 00000000 00:00 0 
7cd490000000-7cd494000000 rw-s 00000000 00:01 11845                      /memfd:pulseaudio (deleted)
7cd494000000-7cd494021000 rw-p 00000000 00:00 0 
7cd494021000-7cd498000000 ---p 00000000 00:00 0 
7cd498000000-7cd498021000 rw-p 00000000 00:00 0 
7cd498021000-7cd49c000000 ---p 00000000 00:00 0 
7cd49c000000-7cd49c021000 rw-p 00000000 00:00 0 
7cd49c021000-7cd4a0000000 ---p 00000000 00:00 0 
7cd4a0000000-7cd4a0021000 rw-p 00000000 00:00 0 
7cd4a0021000-7cd4a4000000 ---p 00000000 00:00 0 
7cd4a4000000-7cd4a4062000 rw-p 00000000 00:00 0 
7cd4a4062000-7cd4a8000000 ---p 00000000 00:00 0 
7cd4a8000000-7cd4a8021000 rw-p 00000000 00:00 0 
7cd4a8021000-7cd4ac000000 ---p 00000000 00:00 0 
7cd4ac000000-7cd4ac021000 rw-p 00000000 00:00 0 
7cd4ac021000-7cd4b0000000 ---p 00000000 00:00 0 
7cd4b0000000-7cd4b0021000 rw-p 00000000 00:00 0 
7cd4b0021000-7cd4b4000000 ---p 00000000 00:00 0 
7cd4b4000000-7cd4b4021000 rw-p 00000000 00:00 0 
7cd4b4021000-7cd4b8000000 ---p 00000000 00:00 0 
7cd4b8000000-7cd4b8021000 rw-p 00000000 00:00 0 
7cd4b8021000-7cd4bc000000 ---p 00000000 00:00 0 
7cd4bc000000-7cd4bc021000 rw-p 00000000 00:00 0 
7cd4bc021000-7cd4c0000000 ---p 00000000 00:00 0 
7cd4c0000000-7cd4c0021000 rw-p 00000000 00:00 0 
7cd4c0021000-7cd4c4000000 ---p 00000000 00:00 0 
7cd4c4000000-7cd4c4021000 rw-p 00000000 00:00 0 
7cd4c4021000-7cd4c8000000 ---p 00000000 00:00 0 
7cd4c8000000-7cd4c8021000 rw-p 00000000 00:00 0 
7cd4c8021000-7cd4cc000000 ---p 00000000 00:00 0 
7cd4cc000000-7cd4cc021000 rw-p 00000000 00:00 0 
7cd4cc021000-7cd4d0000000 ---p 00000000 00:00 0 
7cd4d0000000-7cd4d0021000 rw-p 00000000 00:00 0 
7cd4d0021000-7cd4d4000000 ---p 00000000 00:00 0 
7cd4d4000000-7cd4d4021000 rw-p 00000000 00:00 0 
7cd4d4021000-7cd4d8000000 ---p 00000000 00:00 0 
7cd4d8000000-7cd4d8021000 rw-p 00000000 00:00 0 
7cd4d8021000-7cd4dc000000 ---p 00000000 00:00 0 
7cd4dc000000-7cd4dc021000 rw-p 00000000 00:00 0 
7cd4dc021000-7cd4e0000000 ---p 00000000 00:00 0 
7cd4e0000000-7cd4e0021000 rw-p 00000000 00:00 0 
7cd4e0021000-7cd4e4000000 ---p 00000000 00:00 0 
7cd4e4000000-7cd4e4021000 rw-p 00000000 00:00 0 
7cd4e4021000-7cd4e8000000 ---p 00000000 00:00 0 
7cd4e8000000-7cd4e8021000 rw-p 00000000 00:00 0 
7cd4e8021000-7cd4ec000000 ---p 00000000 00:00 0 
7cd4ec000000-7cd4ec021000 rw-p 00000000 00:00 0 
7cd4ec021000-7cd4f0000000 ---p 00000000 00:00 0 
7cd4f0000000-7cd4f0021000 rw-p 00000000 00:00 0 
7cd4f0021000-7cd4f4000000 ---p 00000000 00:00 0 
7cd4f4000000-7cd4f4021000 rw-p 00000000 00:00 0 
7cd4f4021000-7cd4f8000000 ---p 00000000 00:00 0 
7cd4f8000000-7cd4f8021000 rw-p 00000000 00:00 0 
7cd4f8021000-7cd4fc000000 ---p 00000000 00:00 0 
7cd4fc000000-7cd4fc021000 rw-p 00000000 00:00 0 
7cd4fc021000-7cd500000000 ---p 00000000 00:00 0 
7cd500002000-7cd500006000 r--p 00000000 103:02 13923421                  /usr/share/fonts/truetype/noto/NotoSansTamilSupplement-Regular.ttf
7cd500006000-7cd50000a000 r--p 00000000 103:02 13923380                  /usr/share/fonts/truetype/noto/NotoSansOldTurkic-Regular.ttf
7cd50000a000-7cd500012000 r--p 00000000 103:02 13923316                  /usr/share/fonts/truetype/noto/NotoSansIndicSiyaqNumbers-Regular.ttf
7cd500012000-7cd500020000 r--p 00000000 103:02 13923373                  /usr/share/fonts/truetype/noto/NotoSansOldHungarian-Regular.ttf
7cd500020000-7cd500025000 r--p 00000000 103:02 13923451                  /usr/share/fonts/truetype/noto/NotoSerifAhom-Regular.ttf
7cd500025000-7cd500029000 r--p 00000000 103:02 13923487                  /usr/share/fonts/truetype/noto/NotoSerifNyiakengPuachueHmong-Bold.ttf
7cd500029000-7cd500069000 r--p 00000000 103:02 13923408                  /usr/share/fonts/truetype/noto/NotoSansSymbols-Bold.ttf
7cd500069000-7cd500117000 r--p 00000000 103:02 13923163                  /usr/share/fonts/truetype/dejavu/DejaVuSans-Bold.ttf
7cd500117000-7cd500121000 r--p 00000000 103:02 13923426                  /usr/share/fonts/truetype/noto/NotoSansThai-Bold.ttf
7cd500121000-7cd500153000 r--p 00000000 103:02 13923422                  /usr/share/fonts/truetype/noto/NotoSansTelugu-Bold.ttf
7cd500153000-7cd500166000 r--p 00000000 103:02 13923419                  /usr/share/fonts/truetype/noto/NotoSansTamil-Bold.ttf
7cd500166000-7cd50017e000 r--p 00000000 103:02 13923415                  /usr/share/fonts/truetype/noto/NotoSansTaiTham-Bold.ttf
7cd50017e000-7cd500184000 r--p 00000000 103:02 13923405                  /usr/share/fonts/truetype/noto/NotoSansSundanese-Bold.ttf
7cd500184000-7cd5001d7000 r--p 00000000 103:02 13923399                  /usr/share/fonts/truetype/noto/NotoSansSinhala-Bold.ttf
7cd5001d7000-7cd5001ee000 r--p 00000000 103:02 13923381                  /usr/share/fonts/truetype/noto/NotoSansOriya-Bold.ttf
7cd5001ee000-7cd500222000 r--p 00000000 103:02 13923363                  /usr/share/fonts/truetype/noto/NotoSansMyanmar-Bold.ttf
7cd500222000-7cd500227000 r--p 00000000 103:02 13923352                  /usr/share/fonts/truetype/noto/NotoSansMeeteiMayek-Bold.ttf
7cd500227000-7cd50022f000 r--p 00000000 103:02 13923350                  /usr/share/fonts/truetype/noto/NotoSansMedefaidrin-Bold.ttf
7cd50022f000-7cd50024c000 r--p 00000000 103:02 13923342                  /usr/share/fonts/truetype/noto/NotoSansMalayalam-Bold.ttf
7cd50024c000-7cd500254000 r--p 00000000 103:02 13923331                  /usr/share/fonts/truetype/noto/NotoSansLao-Bold.ttf
7cd500254000-7cd500270000 r--p 00000000 103:02 13923327                  /usr/share/fonts/truetype/noto/NotoSansKhmer-Bold.ttf
7cd500270000-7cd500297000 r--p 00000000 103:02 13923322                  /usr/share/fonts/truetype/noto/NotoSansKannada-Bold.ttf
7cd500297000-7cd5002b5000 r--p 00000000 103:02 13923319                  /usr/share/fonts/truetype/noto/NotoSansJavanese-Bold.ttf
7cd5002b5000-7cd5002bc000 r--p 00000000 103:02 13923313                  /usr/share/fonts/truetype/noto/NotoSansHebrew-Bold.ttf
7cd5002bc000-7cd5002c9000 r--p 00000000 103:02 13923307                  /usr/share/fonts/truetype/noto/NotoSansGurmukhi-Bold.ttf
7cd5002c9000-7cd5002fb000 r--p 00000000 103:02 13923304                  /usr/share/fonts/truetype/noto/NotoSansGujarati-Bold.ttf
7cd5002fb000-7cd500309000 r--p 00000000 103:02 13923299                  /usr/share/fonts/truetype/noto/NotoSansGeorgian-Bold.ttf
7cd500309000-7cd50035d000 r--p 00000000 103:02 13923297                  /usr/share/fonts/truetype/noto/NotoSansEthiopic-Bold.ttf
7cd50035d000-7cd500398000 r--p 00000000 103:02 13923287                  /usr/share/fonts/truetype/noto/NotoSansDevanagari-Bold.ttf
7cd500398000-7cd5003b3000 r--p 00000000 103:02 13923281                  /usr/share/fonts/truetype/noto/NotoSansCherokee-Bold.ttf
7cd5003b3000-7cd5003bb000 r--p 00000000 103:02 13923279                  /usr/share/fonts/truetype/noto/NotoSansCham-Bold.ttf
7cd5003bb000-7cd5003d1000 r--p 00000000 103:02 13923274                  /usr/share/fonts/truetype/noto/NotoSansCanadianAboriginal-Bold.ttf
7cd5003d1000-7cd500405000 r--p 00000000 103:02 13923268                  /usr/share/fonts/truetype/noto/NotoSansBengali-Bold.ttf
7cd500405000-7cd50043d000 r--p 00000000 103:02 13923264                  /usr/share/fonts/truetype/noto/NotoSansBamum-Bold.ttf
7cd50043d000-7cd500454000 r--p 00000000 103:02 13923262                  /usr/share/fonts/truetype/noto/NotoSansBalinese-Bold.ttf
7cd500454000-7cd50045c000 r--p 00000000 103:02 13923259                  /usr/share/fonts/truetype/noto/NotoSansArmenian-Bold.ttf
7cd50045c000-7cd50049a000 r--p 00000000 103:02 13923257                  /usr/share/fonts/truetype/noto/NotoSansArabic-Bold.ttf
7cd50049a000-7cd5004b2000 r--p 00000000 103:02 13923252                  /usr/share/fonts/truetype/noto/NotoSansAdlam-Bold.ttf
7cd5004b2000-7cd5004b6000 ---p 00000000 00:00 0 
7cd5004b6000-7cd5005b2000 rw-p 00000000 00:00 0 
7cd5005b2000-7cd50066c000 r--p 00000000 103:02 13923164                  /usr/share/fonts/truetype/dejavu/DejaVuSans.ttf
7cd50066c000-7cd5006fd000 r--p 00000000 103:02 13923348                  /usr/share/fonts/truetype/noto/NotoSansMath-Regular.ttf
7cd5006fd000-7cd500702000 r--p 00000000 103:02 13923446                  /usr/share/fonts/truetype/noto/NotoSansZanabazarSquare-Regular.ttf
7cd500702000-7cd50072f000 r--p 00000000 103:02 13923445                  /usr/share/fonts/truetype/noto/NotoSansYi-Regular.ttf
7cd50072f000-7cd500736000 r--p 00000000 103:02 13923444                  /usr/share/fonts/truetype/noto/NotoSansWarangCiti-Regular.ttf
7cd500736000-7cd50073b000 r--p 00000000 103:02 13923443                  /usr/share/fonts/truetype/noto/NotoSansWancho-Regular.ttf
7cd50073b000-7cd500752000 r--p 00000000 103:02 13923442                  /usr/share/fonts/truetype/noto/NotoSansVai-Regular.ttf
7cd500752000-7cd50076a000 r--p 00000000 103:02 13923440                  /usr/share/fonts/truetype/noto/NotoSansTirhuta-Regular.ttf
7cd50076a000-7cd500774000 r--p 00000000 103:02 13923428                  /usr/share/fonts/truetype/noto/NotoSansTifinagh-Regular.ttf
7cd500774000-7cd50077e000 r--p 00000000 103:02 13923427                  /usr/share/fonts/truetype/noto/NotoSansThai-Regular.ttf
7cd50077e000-7cd5007ae000 r--p 00000000 103:02 13923423                  /usr/share/fonts/truetype/noto/NotoSansTelugu-Regular.ttf
7cd5007ae000-7cd5007b4000 r--p 00000000 103:02 13923418                  /usr/share/fonts/truetype/noto/NotoSansTakri-Regular.ttf
7cd5007b4000-7cd5007c6000 r--p 00000000 103:02 13923420                  /usr/share/fonts/truetype/noto/NotoSansTamil-Regular.ttf
7cd5007c6000-7cd5007ce000 r--p 00000000 103:02 13923417                  /usr/share/fonts/truetype/noto/NotoSansTaiViet-Regular.ttf
7cd5007ce000-7cd5007e6000 r--p 00000000 103:02 13923416                  /usr/share/fonts/truetype/noto/NotoSansTaiTham-Regular.ttf
7cd5007e6000-7cd500820000 r--p 00000000 103:02 13923411                  /usr/share/fonts/truetype/noto/NotoSansSyriac-Regular.ttf
7cd500820000-7cd500826000 r--p 00000000 103:02 13923406                  /usr/share/fonts/truetype/noto/NotoSansSundanese-Regular.ttf
7cd500826000-7cd500837000 r--p 00000000 103:02 13923404                  /usr/share/fonts/truetype/noto/NotoSansSoyombo-Regular.ttf
7cd500837000-7cd500883000 r--p 00000000 103:02 13923400                  /usr/share/fonts/truetype/noto/NotoSansSinhala-Regular.ttf
7cd500883000-7cd5008a6000 r--p 00000000 103:02 13923397                  /usr/share/fonts/truetype/noto/NotoSansSiddham-Regular.ttf
7cd5008a6000-7cd5008b3000 r--p 00000000 103:02 13923395                  /usr/share/fonts/truetype/noto/NotoSansSharada-Regular.ttf
7cd5008b3000-7cd5008bc000 r--p 00000000 103:02 13923394                  /usr/share/fonts/truetype/noto/NotoSansSaurashtra-Regular.ttf
7cd5008bc000-7cd5008c6000 r--p 00000000 103:02 13923388                  /usr/share/fonts/truetype/noto/NotoSansPhagsPa-Regular.ttf
7cd5008c6000-7cd5008cb000 r--p 00000000 103:02 13923385                  /usr/share/fonts/truetype/noto/NotoSansPahawhHmong-Regular.ttf
7cd5008cb000-7cd5008d1000 r--p 00000000 103:02 13923383                  /usr/share/fonts/truetype/noto/NotoSansOsage-Regular.ttf
7cd5008d1000-7cd5008e9000 r--p 00000000 103:02 13923382                  /usr/share/fonts/truetype/noto/NotoSansOriya-Regular.ttf
7cd5008e9000-7cd500906000 r--p 00000000 103:02 13923369                  /usr/share/fonts/truetype/noto/NotoSansNushu-Regular.ttf
7cd500906000-7cd50092b000 r--p 00000000 103:02 13923368                  /usr/share/fonts/truetype/noto/NotoSansNewa-Regular.ttf
7cd50092b000-7cd500930000 r--p 00000000 103:02 13923367                  /usr/share/fonts/truetype/noto/NotoSansNewTaiLue-Regular.ttf
7cd500930000-7cd50093a000 r--p 00000000 103:02 13923365                  /usr/share/fonts/truetype/noto/NotoSansNKo-Regular.ttf
7cd50093a000-7cd50096a000 r--p 00000000 103:02 13923364                  /usr/share/fonts/truetype/noto/NotoSansMyanmar-Regular.ttf
7cd50096a000-7cd5009a6000 r--p 00000000 103:02 13923358                  /usr/share/fonts/truetype/noto/NotoSansMongolian-Regular.ttf
7cd5009a6000-7cd5009b1000 r--p 00000000 103:02 13923357                  /usr/share/fonts/truetype/noto/NotoSansModi-Regular.ttf
7cd5009b1000-7cd5009ba000 r--p 00000000 103:02 13923356                  /usr/share/fonts/truetype/noto/NotoSansMiao-Regular.ttf
7cd5009ba000-7cd5009c3000 r--p 00000000 103:02 13923355                  /usr/share/fonts/truetype/noto/NotoSansMeroitic-Regular.ttf
7cd5009c3000-7cd5009cc000 r--p 00000000 103:02 13923354                  /usr/share/fonts/truetype/noto/NotoSansMendeKikakui-Regular.ttf
7cd5009cc000-7cd5009d1000 r--p 00000000 103:02 13923353                  /usr/share/fonts/truetype/noto/NotoSansMeeteiMayek-Regular.ttf
7cd5009d1000-7cd5009d9000 r--p 00000000 103:02 13923351                  /usr/share/fonts/truetype/noto/NotoSansMedefaidrin-Regular.ttf
7cd5009d9000-7cd5009e1000 r--p 00000000 103:02 13923347                  /usr/share/fonts/truetype/noto/NotoSansMasaramGondi-Regular.ttf
7cd5009e1000-7cd500a02000 r--p 00000000 103:02 13923346                  /usr/share/fonts/truetype/noto/NotoSansMarchen-Regular.ttf
7cd500a02000-7cd500a0f000 r--p 00000000 103:02 13923345                  /usr/share/fonts/truetype/noto/NotoSansManichaean-Regular.ttf
7cd500a0f000-7cd500a2a000 r--p 00000000 103:02 13923343                  /usr/share/fonts/truetype/noto/NotoSansMalayalam-Regular.ttf
7cd500a2a000-7cd500a3a000 r--p 00000000 103:02 13923336                  /usr/share/fonts/truetype/noto/NotoSansLinearB-Regular.ttf
7cd500a3a000-7cd500a49000 r--p 00000000 103:02 13923335                  /usr/share/fonts/truetype/noto/NotoSansLinearA-Regular.ttf
7cd500a49000-7cd500a4d000 r--p 00000000 103:02 13923334                  /usr/share/fonts/truetype/noto/NotoSansLimbu-Regular.ttf
7cd500a4d000-7cd500a53000 r--p 00000000 103:02 13923333                  /usr/share/fonts/truetype/noto/NotoSansLepcha-Regular.ttf
7cd500a53000-7cd500a5b000 r--p 00000000 103:02 13923332                  /usr/share/fonts/truetype/noto/NotoSansLao-Regular.ttf
7cd500a5b000-7cd500a60000 r--p 00000000 103:02 13923330                  /usr/share/fonts/truetype/noto/NotoSansKhudawadi-Regular.ttf
7cd500a60000-7cd500a70000 r--p 00000000 103:02 13923329                  /usr/share/fonts/truetype/noto/NotoSansKhojki-Regular.ttf
7cd500a70000-7cd500a8c000 r--p 00000000 103:02 13923328                  /usr/share/fonts/truetype/noto/NotoSansKhmer-Regular.ttf
7cd500a8c000-7cd500a95000 r--p 00000000 103:02 13923326                  /usr/share/fonts/truetype/noto/NotoSansKharoshthi-Regular.ttf
7cd500a95000-7cd500abb000 r--p 00000000 103:02 13923323                  /usr/share/fonts/truetype/noto/NotoSansKannada-Regular.ttf
7cd500abb000-7cd500ad2000 r--p 00000000 103:02 13923321                  /usr/share/fonts/truetype/noto/NotoSansKaithi-Regular.ttf
7cd500ad2000-7cd500af2000 r--p 00000000 103:02 13923320                  /usr/share/fonts/truetype/noto/NotoSansJavanese-Regular.ttf
7cd500af2000-7cd500af9000 r--p 00000000 103:02 13923314                  /usr/share/fonts/truetype/noto/NotoSansHebrew-Regular.ttf
7cd500af9000-7cd500b06000 r--p 00000000 103:02 13923308                  /usr/share/fonts/truetype/noto/NotoSansGurmukhi-Regular.ttf
7cd500b06000-7cd500b16000 r--p 00000000 103:02 13923306                  /usr/share/fonts/truetype/noto/NotoSansGunjalaGondi-Regular.ttf
7cd500b16000-7cd500b49000 r--p 00000000 103:02 13923305                  /usr/share/fonts/truetype/noto/NotoSansGujarati-Regular.ttf
7cd500b49000-7cd500bb8000 r--p 00000000 103:02 13923303                  /usr/share/fonts/truetype/noto/NotoSansGrantha-Regular.ttf
7cd500bb8000-7cd500bc2000 r--p 00000000 103:02 13923301                  /usr/share/fonts/truetype/noto/NotoSansGlagolitic-Regular.ttf
7cd500bc2000-7cd500bcf000 r--p 00000000 103:02 13923300                  /usr/share/fonts/truetype/noto/NotoSansGeorgian-Regular.ttf
7cd500bcf000-7cd500c23000 r--p 00000000 103:02 13923298                  /usr/share/fonts/truetype/noto/NotoSansEthiopic-Regular.ttf
7cd500c23000-7cd500c28000 r--p 00000000 103:02 13923293                  /usr/share/fonts/truetype/noto/NotoSansDuployan-Regular.ttf
7cd500c28000-7cd500c60000 r--p 00000000 103:02 13923288                  /usr/share/fonts/truetype/noto/NotoSansDevanagari-Regular.ttf
7cd500c60000-7cd500d29000 r--p 00000000 103:02 13923284                  /usr/share/fonts/truetype/noto/NotoSansCuneiform-Regular.ttf
7cd500d29000-7cd500d34000 r--p 00000000 103:02 13923283                  /usr/share/fonts/truetype/noto/NotoSansCoptic-Regular.ttf
7cd500d34000-7cd500d4c000 r--p 00000000 103:02 13923282                  /usr/share/fonts/truetype/noto/NotoSansCherokee-Regular.ttf
7cd500d4c000-7cd500d54000 r--p 00000000 103:02 13923280                  /usr/share/fonts/truetype/noto/NotoSansCham-Regular.ttf
7cd500d54000-7cd500d63000 r--p 00000000 103:02 13923278                  /usr/share/fonts/truetype/noto/NotoSansChakma-Regular.ttf
7cd500d63000-7cd500d6a000 r--p 00000000 103:02 13923277                  /usr/share/fonts/truetype/noto/NotoSansCaucasianAlbanian-Regular.ttf
7cd500d6a000-7cd500d80000 r--p 00000000 103:02 13923275                  /usr/share/fonts/truetype/noto/NotoSansCanadianAboriginal-Regular.ttf
7cd500d80000-7cd500dbd000 r--p 00000000 103:02 13923270                  /usr/share/fonts/truetype/noto/NotoSansBhaiksuki-Regular.ttf
7cd500dbd000-7cd500def000 r--p 00000000 103:02 13923269                  /usr/share/fonts/truetype/noto/NotoSansBengali-Regular.ttf
7cd500def000-7cd500e27000 r--p 00000000 103:02 13923265                  /usr/share/fonts/truetype/noto/NotoSansBamum-Regular.ttf
7cd500e27000-7cd500e3e000 r--p 00000000 103:02 13923263                  /usr/share/fonts/truetype/noto/NotoSansBalinese-Regular.ttf
7cd500e3e000-7cd500e7a000 r--p 00000000 103:02 13923258                  /usr/share/fonts/truetype/noto/NotoSansArabic-Regular.ttf
7cd500e7a000-7cd500e7e000 ---p 00000000 00:00 0 
7cd500e7e000-7cd500f7a000 rw-p 00000000 00:00 0 
7cd500f7a000-7cd500f7e000 ---p 00000000 00:00 0 
7cd500f7e000-7cd50107a000 rw-p 00000000 00:00 0 
7cd50107a000-7cd50107b000 ---p 00000000 00:00 0 
7cd50107b000-7cd50187b000 rw-p 00000000 00:00 0 
7cd50187b000-7cd501881000 r--p 00000000 103:02 13905454                  /usr/lib/x86_64-linux-gnu/libmp3lame.so.0.0.0
7cd501881000-7cd5018b2000 r-xp 00006000 103:02 13905454                  /usr/lib/x86_64-linux-gnu/libmp3lame.so.0.0.0
7cd5018b2000-7cd5018c2000 r--p 00037000 103:02 13905454                  /usr/lib/x86_64-linux-gnu/libmp3lame.so.0.0.0
7cd5018c2000-7cd5018c3000 r--p 00047000 103:02 13905454                  /usr/lib/x86_64-linux-gnu/libmp3lame.so.0.0.0
7cd5018c3000-7cd5018c4000 rw-p 00048000 103:02 13905454                  /usr/lib/x86_64-linux-gnu/libmp3lame.so.0.0.0
7cd5018c4000-7cd5018f1000 rw-p 00000000 00:00 0 
7cd5018f1000-7cd5018f6000 r--p 00000000 103:02 13905457                  /usr/lib/x86_64-linux-gnu/libmpg123.so.0.48.2
7cd5018f6000-7cd501931000 r-xp 00005000 103:02 13905457                  /usr/lib/x86_64-linux-gnu/libmpg123.so.0.48.2
7cd501931000-7cd50194b000 r--p 00040000 103:02 13905457                  /usr/lib/x86_64-linux-gnu/libmpg123.so.0.48.2
7cd50194b000-7cd50194c000 r--p 0005a000 103:02 13905457                  /usr/lib/x86_64-linux-gnu/libmpg123.so.0.48.2
7cd50194c000-7cd50194d000 rw-p 0005b000 103:02 13905457                  /usr/lib/x86_64-linux-gnu/libmpg123.so.0.48.2
7cd50194d000-7cd501950000 r--p 00000000 103:02 13905522                  /usr/lib/x86_64-linux-gnu/libopus.so.0.9.0
7cd501950000-7cd50199a000 r-xp 00003000 103:02 13905522                  /usr/lib/x86_64-linux-gnu/libopus.so.0.9.0
7cd50199a000-7cd5019aa000 r--p 0004d000 103:02 13905522                  /usr/lib/x86_64-linux-gnu/libopus.so.0.9.0
7cd5019aa000-7cd5019ab000 r--p 0005d000 103:02 13905522                  /usr/lib/x86_64-linux-gnu/libopus.so.0.9.0
7cd5019ab000-7cd5019ac000 rw-p 0005e000 103:02 13905522                  /usr/lib/x86_64-linux-gnu/libopus.so.0.9.0
7cd5019ac000-7cd5019c0000 r--p 00000000 103:02 13905715                  /usr/lib/x86_64-linux-gnu/libvorbisenc.so.2.0.12
7cd5019c0000-7cd5019c3000 r-xp 00014000 103:02 13905715                  /usr/lib/x86_64-linux-gnu/libvorbisenc.so.2.0.12
7cd5019c3000-7cd501a3a000 r--p 00017000 103:02 13905715                  /usr/lib/x86_64-linux-gnu/libvorbisenc.so.2.0.12
7cd501a3a000-7cd501a56000 r--p 0008d000 103:02 13905715                  /usr/lib/x86_64-linux-gnu/libvorbisenc.so.2.0.12
7cd501a56000-7cd501a57000 rw-p 000a9000 103:02 13905715                  /usr/lib/x86_64-linux-gnu/libvorbisenc.so.2.0.12
7cd501a57000-7cd501a5f000 r--p 00000000 103:02 13904956                  /usr/lib/x86_64-linux-gnu/libFLAC.so.12.1.0
7cd501a5f000-7cd501ab1000 r-xp 00008000 103:02 13904956                  /usr/lib/x86_64-linux-gnu/libFLAC.so.12.1.0
7cd501ab1000-7cd501ab9000 r--p 0005a000 103:02 13904956                  /usr/lib/x86_64-linux-gnu/libFLAC.so.12.1.0
7cd501ab9000-7cd501aba000 r--p 00062000 103:02 13904956                  /usr/lib/x86_64-linux-gnu/libFLAC.so.12.1.0
7cd501aba000-7cd501abb000 rw-p 00063000 103:02 13904956                  /usr/lib/x86_64-linux-gnu/libFLAC.so.12.1.0
7cd501abb000-7cd501ac3000 r--p 00000000 103:02 13905632                  /usr/lib/x86_64-linux-gnu/libsndfile.so.1.0.37
7cd501ac3000-7cd501b24000 r-xp 00008000 103:02 13905632                  /usr/lib/x86_64-linux-gnu/libsndfile.so.1.0.37
7cd501b24000-7cd501b3d000 r--p 00069000 103:02 13905632                  /usr/lib/x86_64-linux-gnu/libsndfile.so.1.0.37
7cd501b3d000-7cd501b40000 r--p 00081000 103:02 13905632                  /usr/lib/x86_64-linux-gnu/libsndfile.so.1.0.37
7cd501b40000-7cd501b41000 rw-p 00084000 103:02 13905632                  /usr/lib/x86_64-linux-gnu/libsndfile.so.1.0.37
7cd501b41000-7cd501b43000 rw-p 00000000 00:00 0 
7cd501b43000-7cd501b55000 r--p 00000000 103:02 13908846                  /usr/lib/x86_64-linux-gnu/pulseaudio/libpulsecommon-16.1.so
7cd501b55000-7cd501b9f000 r-xp 00012000 103:02 13908846                  /usr/lib/x86_64-linux-gnu/pulseaudio/libpulsecommon-16.1.so
7cd501b9f000-7cd501bbe000 r--p 0005c000 103:02 13908846                  /usr/lib/x86_64-linux-gnu/pulseaudio/libpulsecommon-16.1.so
7cd501bbe000-7cd501bc0000 r--p 0007a000 103:02 13908846                  /usr/lib/x86_64-linux-gnu/pulseaudio/libpulsecommon-16.1.so
7cd501bc0000-7cd501bc1000 rw-p 0007c000 103:02 13908846                  /usr/lib/x86_64-linux-gnu/pulseaudio/libpulsecommon-16.1.so
7cd501bc1000-7cd501bc5000 ---p 00000000 00:00 0 
7cd501bc5000-7cd501cc1000 rw-p 00000000 00:00 0 
7cd501cc1000-7cd501cc5000 ---p 00000000 00:00 0 
7cd501cc5000-7cd501dc1000 rw-p 00000000 00:00 0 
7cd501dc1000-7cd501dc2000 ---p 00000000 00:00 0 
7cd501dc2000-7cd5025c2000 rw-p 00000000 00:00 0 
7cd5025c2000-7cd502640000 r--p 00000000 103:02 13923248                  /usr/share/fonts/truetype/noto/NotoSans-Bold.ttf
7cd502640000-7cd502644000 ---p 00000000 00:00 0 
7cd502644000-7cd502740000 rw-p 00000000 00:00 0 
7cd502740000-7cd502744000 ---p 00000000 00:00 0 
7cd502744000-7cd502840000 rw-p 00000000 00:00 0 
7cd502840000-7cd5028be000 r--p 00000000 103:02 13923251                  /usr/share/fonts/truetype/noto/NotoSans-Regular.ttf
7cd5028be000-7cd502919000 r--s 00000000 103:02 19174286                  /home/olimjon/.cache/fontconfig/2300eef321c393bfd76478a5c0e95b23-le64.cache-9
7cd502919000-7cd50298b000 r--s 00000000 103:02 19174285                  /home/olimjon/.cache/fontconfig/0bd3dc0958fa2205aaaa8ebb13e2872b-le64.cache-9
7cd50298c000-7cd502997000 r--p 00000000 103:02 13923271                  /usr/share/fonts/truetype/noto/NotoSansBrahmi-Regular.ttf
7cd502997000-7cd5029af000 r--p 00000000 103:02 13923253                  /usr/share/fonts/truetype/noto/NotoSansAdlam-Regular.ttf
7cd5029af000-7cd5029bb000 r--p 00000000 103:02 13905585                  /usr/lib/x86_64-linux-gnu/libpulse.so.0.24.2
7cd5029bb000-7cd5029ec000 r-xp 0000c000 103:02 13905585                  /usr/lib/x86_64-linux-gnu/libpulse.so.0.24.2
7cd5029ec000-7cd5029fd000 r--p 0003d000 103:02 13905585                  /usr/lib/x86_64-linux-gnu/libpulse.so.0.24.2
7cd5029fd000-7cd5029ff000 r--p 0004d000 103:02 13905585                  /usr/lib/x86_64-linux-gnu/libpulse.so.0.24.2
7cd5029ff000-7cd502a00000 rw-p 0004f000 103:02 13905585                  /usr/lib/x86_64-linux-gnu/libpulse.so.0.24.2
7cd502a00000-7cd502a04000 ---p 00000000 00:00 0 
7cd502a04000-7cd502b00000 rw-p 00000000 00:00 0 
7cd502b00000-7cd502b04000 ---p 00000000 00:00 0 
7cd502b04000-7cd502c00000 rw-p 00000000 00:00 0 
7cd502c00000-7cd502c04000 ---p 00000000 00:00 0 
7cd502c04000-7cd502d00000 rw-p 00000000 00:00 0 
7cd502d00000-7cd502d04000 ---p 00000000 00:00 0 
7cd502d04000-7cd502e00000 rw-p 00000000 00:00 0 
7cd502e00000-7cd502e04000 ---p 00000000 00:00 0 
7cd502e04000-7cd502f00000 rw-p 00000000 00:00 0 
7cd502f00000-7cd502f04000 ---p 00000000 00:00 0 
7cd502f04000-7cd503000000 rw-p 00000000 00:00 0 
7cd503000000-7cd503004000 ---p 00000000 00:00 0 
7cd503004000-7cd503100000 rw-p 00000000 00:00 0 
7cd503100000-7cd503104000 ---p 00000000 00:00 0 
7cd503104000-7cd503200000 rw-p 00000000 00:00 0 
7cd503200000-7cd503204000 ---p 00000000 00:00 0 
7cd503204000-7cd503300000 rw-p 00000000 00:00 0 
7cd503300000-7cd503304000 ---p 00000000 00:00 0 
7cd503304000-7cd503400000 rw-p 00000000 00:00 0 
7cd503400000-7cd503404000 ---p 00000000 00:00 0 
7cd503404000-7cd503500000 rw-p 00000000 00:00 0 
7cd503500000-7cd503504000 ---p 00000000 00:00 0 
7cd503504000-7cd503600000 rw-p 00000000 00:00 0 
7cd503600000-7cd503604000 ---p 00000000 00:00 0 
7cd503604000-7cd503700000 rw-p 00000000 00:00 0 
7cd503700000-7cd503704000 ---p 00000000 00:00 0 
7cd503704000-7cd503800000 rw-p 00000000 00:00 0 
7cd503800000-7cd503804000 ---p 00000000 00:00 0 
7cd503804000-7cd503900000 rw-p 00000000 00:00 0 
7cd503900000-7cd503904000 ---p 00000000 00:00 0 
7cd503904000-7cd503a00000 rw-p 00000000 00:00 0 
7cd503a00000-7cd503a04000 ---p 00000000 00:00 0 
7cd503a04000-7cd503b00000 rw-p 00000000 00:00 0 
7cd503b00000-7cd503b04000 ---p 00000000 00:00 0 
7cd503b04000-7cd503c00000 rw-p 00000000 00:00 0 
7cd503c00000-7cd503c04000 ---p 00000000 00:00 0 
7cd503c04000-7cd503d00000 rw-p 00000000 00:00 0 
7cd503d00000-7cd503d04000 ---p 00000000 00:00 0 
7cd503d04000-7cd503e00000 rw-p 00000000 00:00 0 
7cd503e00000-7cd503e04000 ---p 00000000 00:00 0 
7cd503e04000-7cd503f00000 rw-p 00000000 00:00 0 
7cd503f00000-7cd503f04000 ---p 00000000 00:00 0 
7cd503f04000-7cd504000000 rw-p 00000000 00:00 0 
7cd504000000-7cd504021000 rw-p 00000000 00:00 0 
7cd504021000-7cd508000000 ---p 00000000 00:00 0 
7cd508000000-7cd508021000 rw-p 00000000 00:00 0 
7cd508021000-7cd50c000000 ---p 00000000 00:00 0 
7cd50c000000-7cd50c021000 rw-p 00000000 00:00 0 
7cd50c021000-7cd510000000 ---p 00000000 00:00 0 
7cd510000000-7cd510021000 rw-p 00000000 00:00 0 
7cd510021000-7cd514000000 ---p 00000000 00:00 0 
7cd514000000-7cd514021000 rw-p 00000000 00:00 0 
7cd514021000-7cd518000000 ---p 00000000 00:00 0 
7cd518000000-7cd518021000 rw-p 00000000 00:00 0 
7cd518021000-7cd51c000000 ---p 00000000 00:00 0 
7cd51c000000-7cd51c056000 rw-p 00000000 00:00 0 
7cd51c056000-7cd520000000 ---p 00000000 00:00 0 
7cd520000000-7cd520021000 rw-p 00000000 00:00 0 
7cd520021000-7cd524000000 ---p 00000000 00:00 0 
7cd524000000-7cd524021000 rw-p 00000000 00:00 0 
7cd524021000-7cd528000000 ---p 00000000 00:00 0 
7cd528000000-7cd528021000 rw-p 00000000 00:00 0 
7cd528021000-7cd52c000000 ---p 00000000 00:00 0 
7cd52c000000-7cd52c08a000 rw-p 00000000 00:00 0 
7cd52c08a000-7cd530000000 ---p 00000000 00:00 0 
7cd530000000-7cd530021000 rw-p 00000000 00:00 0 
7cd530021000-7cd534000000 ---p 00000000 00:00 0 
7cd534000000-7cd534200000 rw-p 00000000 00:00 0 
7cd534200000-7cd534700000 rw-p 00000000 00:00 0 
7cd534700000-7cd534800000 rw-p 00000000 00:00 0 
7cd534800000-7cd535100000 rw-p 00000000 00:00 0 
7cd535100000-7cd535200000 rw-p 00000000 00:00 0 
7cd535200000-7cd535c70000 rw-p 00000000 00:00 0 
7cd535c70000-7cd535d00000 ---p 00000000 00:00 0 
7cd535d00000-7cd535d70000 rw-p 00000000 00:00 0 
7cd535d70000-7cd538000000 ---p 00000000 00:00 0 
7cd538000000-7cd538021000 rw-p 00000000 00:00 0 
7cd538021000-7cd53c000000 ---p 00000000 00:00 0 
7cd53c000000-7cd53d005000 rw-p 00000000 00:00 0 
7cd53d005000-7cd540000000 ---p 00000000 00:00 0 
7cd540000000-7cd540021000 rw-p 00000000 00:00 0 
7cd540021000-7cd544000000 ---p 00000000 00:00 0 
7cd544000000-7cd544021000 rw-p 00000000 00:00 0 
7cd544021000-7cd548000000 ---p 00000000 00:00 0 
7cd548000000-7cd548021000 rw-p 00000000 00:00 0 
7cd548021000-7cd54c000000 ---p 00000000 00:00 0 
7cd54c000000-7cd54c021000 rw-p 00000000 00:00 0 
7cd54c021000-7cd550000000 ---p 00000000 00:00 0 
7cd550000000-7cd550021000 rw-p 00000000 00:00 0 
7cd550021000-7cd554000000 ---p 00000000 00:00 0 
7cd554000000-7cd554021000 rw-p 00000000 00:00 0 
7cd554021000-7cd558000000 ---p 00000000 00:00 0 
7cd558000000-7cd558021000 rw-p 00000000 00:00 0 
7cd558021000-7cd55c000000 ---p 00000000 00:00 0 
7cd55c000000-7cd55c021000 rw-p 00000000 00:00 0 
7cd55c021000-7cd560000000 ---p 00000000 00:00 0 
7cd560000000-7cd56031c000 rw-p 00000000 00:00 0 
7cd56031c000-7cd564000000 ---p 00000000 00:00 0 
7cd564000000-7cd564021000 rw-p 00000000 00:00 0 
7cd564021000-7cd568000000 ---p 00000000 00:00 0 
7cd568000000-7cd568021000 rw-p 00000000 00:00 0 
7cd568021000-7cd56c000000 ---p 00000000 00:00 0 
7cd56c000000-7cd56c021000 rw-p 00000000 00:00 0 
7cd56c021000-7cd570000000 ---p 00000000 00:00 0 
7cd570000000-7cd570021000 rw-p 00000000 00:00 0 
7cd570021000-7cd574000000 ---p 00000000 00:00 0 
7cd574000000-7cd574021000 rw-p 00000000 00:00 0 
7cd574021000-7cd578000000 ---p 00000000 00:00 0 
7cd578000000-7cd57aa92000 rw-p 00000000 00:00 0 
7cd57aa92000-7cd57c000000 ---p 00000000 00:00 0 
7cd57c000000-7cd57c036000 rw-p 00000000 00:00 0 
7cd57c036000-7cd580000000 ---p 00000000 00:00 0 
7cd580000000-7cd580c99000 rw-p 00000000 00:00 0 
7cd580c99000-7cd584000000 ---p 00000000 00:00 0 
7cd584000000-7cd584021000 rw-p 00000000 00:00 0 
7cd584021000-7cd588000000 ---p 00000000 00:00 0 
7cd588000000-7cd588021000 rw-p 00000000 00:00 0 
7cd588021000-7cd58c000000 ---p 00000000 00:00 0 
7cd58c000000-7cd58c021000 rw-p 00000000 00:00 0 
7cd58c021000-7cd590000000 ---p 00000000 00:00 0 
7cd590002000-7cd590005000 r--p 00000000 103:02 13905072                  /usr/lib/x86_64-linux-gnu/libapparmor.so.1.17.1
7cd590005000-7cd59000e000 r-xp 00003000 103:02 13905072                  /usr/lib/x86_64-linux-gnu/libapparmor.so.1.17.1
7cd59000e000-7cd590014000 r--p 0000c000 103:02 13905072                  /usr/lib/x86_64-linux-gnu/libapparmor.so.1.17.1
7cd590014000-7cd590015000 r--p 00012000 103:02 13905072                  /usr/lib/x86_64-linux-gnu/libapparmor.so.1.17.1
7cd590015000-7cd590016000 rw-p 00013000 103:02 13905072                  /usr/lib/x86_64-linux-gnu/libapparmor.so.1.17.1
7cd590016000-7cd590018000 r--p 00000000 103:02 13905081                  /usr/lib/x86_64-linux-gnu/libasyncns.so.0.3.1
7cd590018000-7cd59001b000 r-xp 00002000 103:02 13905081                  /usr/lib/x86_64-linux-gnu/libasyncns.so.0.3.1
7cd59001b000-7cd59001c000 r--p 00005000 103:02 13905081                  /usr/lib/x86_64-linux-gnu/libasyncns.so.0.3.1
7cd59001c000-7cd59001d000 r--p 00005000 103:02 13905081                  /usr/lib/x86_64-linux-gnu/libasyncns.so.0.3.1
7cd59001d000-7cd59001e000 rw-p 00006000 103:02 13905081                  /usr/lib/x86_64-linux-gnu/libasyncns.so.0.3.1
7cd590020000-7cd590026000 r--p 00000000 103:02 13923261                  /usr/share/fonts/truetype/noto/NotoSansAvestan-Regular.ttf
7cd590026000-7cd59002e000 r--p 00000000 103:02 13923260                  /usr/share/fonts/truetype/noto/NotoSansArmenian-Regular.ttf
7cd59002e000-7cd59003c000 r--s 00000000 103:02 19174287                  /home/olimjon/.cache/fontconfig/a4e60e8d1e10d2fdff3fe3037a1845fb-le64.cache-9
7cd59003c000-7cd590041000 r--p 00000000 103:02 13923286                  /usr/share/fonts/truetype/noto/NotoSansDeseret-Regular.ttf
7cd590041000-7cd590043000 r--p 00000000 103:02 13907129                  /usr/lib/x86_64-linux-gnu/libcanberra-0.30/libcanberra-pulse.so
7cd590043000-7cd590047000 r-xp 00002000 103:02 13907129                  /usr/lib/x86_64-linux-gnu/libcanberra-0.30/libcanberra-pulse.so
7cd590047000-7cd590048000 r--p 00006000 103:02 13907129                  /usr/lib/x86_64-linux-gnu/libcanberra-0.30/libcanberra-pulse.so
7cd590048000-7cd590049000 r--p 00006000 103:02 13907129                  /usr/lib/x86_64-linux-gnu/libcanberra-0.30/libcanberra-pulse.so
7cd590049000-7cd59004a000 rw-p 00007000 103:02 13907129                  /usr/lib/x86_64-linux-gnu/libcanberra-0.30/libcanberra-pulse.so
7cd59004a000-7cd590052000 r--s 00000000 103:02 19174281                  /home/olimjon/.cache/fontconfig/3047814df9a2f067bd2d96a2b9c36e5a-le64.cache-9
7cd590054000-7cd590058000 r-xp 00000000 103:02 19402233                  /home/olimjon/Downloads/openjfx-17.0.17_linux-x64_bin-sdk/javafx-sdk-17.0.17/lib/libjavafx_font_pango.so
7cd590058000-7cd590059000 r--p 00003000 103:02 19402233                  /home/olimjon/Downloads/openjfx-17.0.17_linux-x64_bin-sdk/javafx-sdk-17.0.17/lib/libjavafx_font_pango.so
7cd590059000-7cd59005a000 rw-p 00004000 103:02 19402233                  /home/olimjon/Downloads/openjfx-17.0.17_linux-x64_bin-sdk/javafx-sdk-17.0.17/lib/libjavafx_font_pango.so
7cd59005a000-7cd590069000 r--s 00000000 103:02 19174279                  /home/olimjon/.cache/fontconfig/6cc790b63b123a6a96ee260fcdad32a9-le64.cache-9
7cd590069000-7cd59006d000 ---p 00000000 00:00 0 
7cd59006d000-7cd590169000 rw-p 00000000 00:00 0 
7cd590169000-7cd59016d000 ---p 00000000 00:00 0 
7cd59016d000-7cd590269000 rw-p 00000000 00:00 0 
7cd590269000-7cd59026d000 ---p 00000000 00:00 0 
7cd59026d000-7cd590369000 rw-p 00000000 00:00 0 
7cd590369000-7cd59036d000 ---p 00000000 00:00 0 
7cd59036d000-7cd590469000 rw-p 00000000 00:00 0 
7cd590469000-7cd59046d000 ---p 00000000 00:00 0 
7cd59046d000-7cd590569000 rw-p 00000000 00:00 0 
7cd590569000-7cd59056d000 ---p 00000000 00:00 0 
7cd59056d000-7cd590669000 rw-p 00000000 00:00 0 
7cd590669000-7cd59066d000 ---p 00000000 00:00 0 
7cd59066d000-7cd590769000 rw-p 00000000 00:00 0 
7cd590769000-7cd59076d000 ---p 00000000 00:00 0 
7cd59076d000-7cd590869000 rw-p 00000000 00:00 0 
7cd590869000-7cd59086d000 ---p 00000000 00:00 0 
7cd59086d000-7cd590969000 rw-p 00000000 00:00 0 
7cd590969000-7cd59096d000 ---p 00000000 00:00 0 
7cd59096d000-7cd590a69000 rw-p 00000000 00:00 0 
7cd590a69000-7cd590a6d000 ---p 00000000 00:00 0 
7cd590a6d000-7cd590b69000 rw-p 00000000 00:00 0 
7cd590b69000-7cd590b6d000 ---p 00000000 00:00 0 
7cd590b6d000-7cd590c69000 rw-p 00000000 00:00 0 
7cd590c69000-7cd590c6d000 ---p 00000000 00:00 0 
7cd590c6d000-7cd590d69000 rw-p 00000000 00:00 0 
7cd590d69000-7cd590d6d000 ---p 00000000 00:00 0 
7cd590d6d000-7cd590e69000 rw-p 00000000 00:00 0 
7cd590e69000-7cd590e6d000 ---p 00000000 00:00 0 
7cd590e6d000-7cd590f69000 rw-p 00000000 00:00 0 
7cd590f69000-7cd590f6d000 ---p 00000000 00:00 0 
7cd590f6d000-7cd591069000 rw-p 00000000 00:00 0 
7cd591069000-7cd59106d000 ---p 00000000 00:00 0 
7cd59106d000-7cd591169000 rw-p 00000000 00:00 0 
7cd591169000-7cd59116a000 ---p 00000000 00:00 0 
7cd59116a000-7cd59126a000 rw-p 00000000 00:00 0 
7cd59126a000-7cd59126b000 ---p 00000000 00:00 0 
7cd59126b000-7cd59136b000 rw-p 00000000 00:00 0 
7cd59136b000-7cd59136c000 ---p 00000000 00:00 0 
7cd59136c000-7cd59146c000 rw-p 00000000 00:00 0 
7cd59146c000-7cd59146d000 ---p 00000000 00:00 0 
7cd59146d000-7cd59156d000 rw-p 00000000 00:00 0 
7cd59156d000-7cd591571000 ---p 00000000 00:00 0 
7cd591571000-7cd59166d000 rw-p 00000000 00:00 0 
7cd59166e000-7cd59167f000 r--s 00000000 103:02 19174278                  /home/olimjon/.cache/fontconfig/9b89f8e3dae116d678bbf48e5f21f69b-le64.cache-9
7cd59167f000-7cd591690000 r--s 00000000 103:02 19174269                  /home/olimjon/.cache/fontconfig/e13b20fdb08344e0e664864cc2ede53d-le64.cache-9
7cd591690000-7cd591694000 r--p 00000000 103:02 13923285                  /usr/share/fonts/truetype/noto/NotoSansCypriot-Regular.ttf
7cd591694000-7cd5916a1000 r--s 00000000 103:02 15741927                  /var/cache/fontconfig/d589a48862398ed80a3d6066f4f56f4c-le64.cache-9
7cd5916a1000-7cd5916c3000 r-xp 00000000 103:02 19402260                  /home/olimjon/Downloads/openjfx-17.0.17_linux-x64_bin-sdk/javafx-sdk-17.0.17/lib/libjavafx_iio.so
7cd5916c3000-7cd5916c4000 r--p 00021000 103:02 19402260                  /home/olimjon/Downloads/openjfx-17.0.17_linux-x64_bin-sdk/javafx-sdk-17.0.17/lib/libjavafx_iio.so
7cd5916c4000-7cd5916c5000 rw-p 00022000 103:02 19402260                  /home/olimjon/Downloads/openjfx-17.0.17_linux-x64_bin-sdk/javafx-sdk-17.0.17/lib/libjavafx_iio.so
7cd5916c5000-7cd5916c6000 r--p 00000000 103:02 13905504                  /usr/lib/x86_64-linux-gnu/libnss_mdns4_minimal.so.2
7cd5916c6000-7cd5916c8000 r-xp 00001000 103:02 13905504                  /usr/lib/x86_64-linux-gnu/libnss_mdns4_minimal.so.2
7cd5916c8000-7cd5916c9000 r--p 00003000 103:02 13905504                  /usr/lib/x86_64-linux-gnu/libnss_mdns4_minimal.so.2
7cd5916c9000-7cd5916ca000 r--p 00003000 103:02 13905504                  /usr/lib/x86_64-linux-gnu/libnss_mdns4_minimal.so.2
7cd5916ca000-7cd5916cb000 rw-p 00004000 103:02 13905504                  /usr/lib/x86_64-linux-gnu/libnss_mdns4_minimal.so.2
7cd5916cb000-7cd5916cf000 r--p 00000000 103:02 13923267                  /usr/share/fonts/truetype/noto/NotoSansBatak-Regular.ttf
7cd5916cf000-7cd5916d4000 r-xp 00000000 103:02 19402236                  /home/olimjon/Downloads/openjfx-17.0.17_linux-x64_bin-sdk/javafx-sdk-17.0.17/lib/libjavafx_font_freetype.so
7cd5916d4000-7cd5916d5000 r--p 00004000 103:02 19402236                  /home/olimjon/Downloads/openjfx-17.0.17_linux-x64_bin-sdk/javafx-sdk-17.0.17/lib/libjavafx_font_freetype.so
7cd5916d5000-7cd5916d6000 rw-p 00005000 103:02 19402236                  /home/olimjon/Downloads/openjfx-17.0.17_linux-x64_bin-sdk/javafx-sdk-17.0.17/lib/libjavafx_font_freetype.so
7cd5916d6000-7cd5916d9000 r-xp 00000000 103:02 19402258                  /home/olimjon/Downloads/openjfx-17.0.17_linux-x64_bin-sdk/javafx-sdk-17.0.17/lib/libjavafx_font.so
7cd5916d9000-7cd5916da000 r--p 00002000 103:02 19402258                  /home/olimjon/Downloads/openjfx-17.0.17_linux-x64_bin-sdk/javafx-sdk-17.0.17/lib/libjavafx_font.so
7cd5916da000-7cd5916db000 rw-p 00003000 103:02 19402258                  /home/olimjon/Downloads/openjfx-17.0.17_linux-x64_bin-sdk/javafx-sdk-17.0.17/lib/libjavafx_font.so
7cd5916db000-7cd5916dc000 r--p 00000000 103:02 14432651                  /usr/lib/jvm/java-17-openjdk-amd64/lib/libextnet.so
7cd5916dc000-7cd5916dd000 r-xp 00001000 103:02 14432651                  /usr/lib/jvm/java-17-openjdk-amd64/lib/libextnet.so
7cd5916dd000-7cd5916de000 r--p 00002000 103:02 14432651                  /usr/lib/jvm/java-17-openjdk-amd64/lib/libextnet.so
7cd5916de000-7cd5916df000 r--p 00002000 103:02 14432651                  /usr/lib/jvm/java-17-openjdk-amd64/lib/libextnet.so
7cd5916df000-7cd5916e0000 rw-p 00003000 103:02 14432651                  /usr/lib/jvm/java-17-openjdk-amd64/lib/libextnet.so
7cd5916e0000-7cd5916e2000 r--p 00000000 103:02 14432669                  /usr/lib/jvm/java-17-openjdk-amd64/lib/libmanagement_ext.so
7cd5916e2000-7cd5916e5000 r-xp 00002000 103:02 14432669                  /usr/lib/jvm/java-17-openjdk-amd64/lib/libmanagement_ext.so
7cd5916e5000-7cd5916e7000 r--p 00005000 103:02 14432669                  /usr/lib/jvm/java-17-openjdk-amd64/lib/libmanagement_ext.so
7cd5916e7000-7cd5916e8000 r--p 00006000 103:02 14432669                  /usr/lib/jvm/java-17-openjdk-amd64/lib/libmanagement_ext.so
7cd5916e8000-7cd5916e9000 rw-p 00007000 103:02 14432669                  /usr/lib/jvm/java-17-openjdk-amd64/lib/libmanagement_ext.so
7cd5916e9000-7cd5916eb000 r--p 00000000 103:02 14432667                  /usr/lib/jvm/java-17-openjdk-amd64/lib/libmanagement.so
7cd5916eb000-7cd5916ec000 r-xp 00002000 103:02 14432667                  /usr/lib/jvm/java-17-openjdk-amd64/lib/libmanagement.so
7cd5916ec000-7cd5916ed000 r--p 00003000 103:02 14432667                  /usr/lib/jvm/java-17-openjdk-amd64/lib/libmanagement.so
7cd5916ed000-7cd5916ee000 r--p 00003000 103:02 14432667                  /usr/lib/jvm/java-17-openjdk-amd64/lib/libmanagement.so
7cd5916ee000-7cd5916ef000 rw-p 00004000 103:02 14432667                  /usr/lib/jvm/java-17-openjdk-amd64/lib/libmanagement.so
7cd5916ef000-7cd5916f0000 ---p 00000000 00:00 0 
7cd5916f0000-7cd5917f0000 rw-p 00000000 00:00 0 
7cd5917f0000-7cd5917f1000 ---p 00000000 00:00 0 
7cd5917f1000-7cd5918f1000 rw-p 00000000 00:00 0 
7cd5918f1000-7cd5918f5000 r--p 00000000 103:02 14432678                  /usr/lib/jvm/java-17-openjdk-amd64/lib/libverify.so
7cd5918f5000-7cd5918fc000 r-xp 00004000 103:02 14432678                  /usr/lib/jvm/java-17-openjdk-amd64/lib/libverify.so
7cd5918fc000-7cd5918fe000 r--p 0000b000 103:02 14432678                  /usr/lib/jvm/java-17-openjdk-amd64/lib/libverify.so
7cd5918fe000-7cd591900000 r--p 0000c000 103:02 14432678                  /usr/lib/jvm/java-17-openjdk-amd64/lib/libverify.so
7cd591900000-7cd591901000 rw-p 0000e000 103:02 14432678                  /usr/lib/jvm/java-17-openjdk-amd64/lib/libverify.so
7cd591901000-7cd591902000 ---p 00000000 00:00 0 
7cd591902000-7cd591a02000 rw-p 00000000 00:00 0 
7cd591a02000-7cd591a03000 ---p 00000000 00:00 0 
7cd591a03000-7cd591b03000 rw-p 00000000 00:00 0 
7cd591b03000-7cd591b04000 ---p 00000000 00:00 0 
7cd591b04000-7cd591c04000 rw-p 00000000 00:00 0 
7cd591c04000-7cd591c05000 ---p 00000000 00:00 0 
7cd591c05000-7cd591d05000 rw-p 00000000 00:00 0 
7cd591d05000-7cd591d06000 ---p 00000000 00:00 0 
7cd591d06000-7cd591e06000 rw-p 00000000 00:00 0 
7cd591e06000-7cd591e0a000 ---p 00000000 00:00 0 
7cd591e0a000-7cd591f06000 rw-p 00000000 00:00 0 
7cd591f06000-7cd591f07000 ---p 00000000 00:00 0 
7cd591f07000-7cd592707000 rw-p 00000000 00:00 0 
7cd592707000-7cd59272f000 r--p 00000000 103:02 13898861                  /usr/share/glib-2.0/schemas/gschemas.compiled
7cd59272f000-7cd592733000 ---p 00000000 00:00 0 
7cd592733000-7cd59282f000 rw-p 00000000 00:00 0 
7cd59282f000-7cd592833000 ---p 00000000 00:00 0 
7cd592833000-7cd59292f000 rw-p 00000000 00:00 0 
7cd59292f000-7cd592931000 r--p 00000000 103:02 13905518                  /usr/lib/x86_64-linux-gnu/libogg.so.0.8.5
7cd592931000-7cd592934000 r-xp 00002000 103:02 13905518                  /usr/lib/x86_64-linux-gnu/libogg.so.0.8.5
7cd592934000-7cd592937000 r--p 00005000 103:02 13905518                  /usr/lib/x86_64-linux-gnu/libogg.so.0.8.5
7cd592937000-7cd592938000 r--p 00007000 103:02 13905518                  /usr/lib/x86_64-linux-gnu/libogg.so.0.8.5
7cd592938000-7cd592939000 rw-p 00008000 103:02 13905518                  /usr/lib/x86_64-linux-gnu/libogg.so.0.8.5
7cd592939000-7cd59293c000 r--p 00000000 103:02 13905714                  /usr/lib/x86_64-linux-gnu/libvorbis.so.0.4.9
7cd59293c000-7cd592954000 r-xp 00003000 103:02 13905714                  /usr/lib/x86_64-linux-gnu/libvorbis.so.0.4.9
7cd592954000-7cd592965000 r--p 0001b000 103:02 13905714                  /usr/lib/x86_64-linux-gnu/libvorbis.so.0.4.9
7cd592965000-7cd592966000 r--p 0002b000 103:02 13905714                  /usr/lib/x86_64-linux-gnu/libvorbis.so.0.4.9
7cd592966000-7cd592967000 rw-p 0002c000 103:02 13905714                  /usr/lib/x86_64-linux-gnu/libvorbis.so.0.4.9
7cd592967000-7cd592969000 r--p 00000000 103:02 13905425                  /usr/lib/x86_64-linux-gnu/libltdl.so.7.3.2
7cd592969000-7cd59296e000 r-xp 00002000 103:02 13905425                  /usr/lib/x86_64-linux-gnu/libltdl.so.7.3.2
7cd59296e000-7cd592970000 r--p 00007000 103:02 13905425                  /usr/lib/x86_64-linux-gnu/libltdl.so.7.3.2
7cd592970000-7cd592971000 r--p 00008000 103:02 13905425                  /usr/lib/x86_64-linux-gnu/libltdl.so.7.3.2
7cd592971000-7cd592972000 rw-p 00009000 103:02 13905425                  /usr/lib/x86_64-linux-gnu/libltdl.so.7.3.2
7cd592972000-7cd592976000 r--p 00000000 103:02 13905663                  /usr/lib/x86_64-linux-gnu/libtdb.so.1.4.10
7cd592976000-7cd592984000 r-xp 00004000 103:02 13905663                  /usr/lib/x86_64-linux-gnu/libtdb.so.1.4.10
7cd592984000-7cd592989000 r--p 00012000 103:02 13905663                  /usr/lib/x86_64-linux-gnu/libtdb.so.1.4.10
7cd592989000-7cd59298a000 r--p 00016000 103:02 13905663                  /usr/lib/x86_64-linux-gnu/libtdb.so.1.4.10
7cd59298a000-7cd59298b000 rw-p 00017000 103:02 13905663                  /usr/lib/x86_64-linux-gnu/libtdb.so.1.4.10
7cd59298b000-7cd59298d000 r--p 00000000 103:02 13905716                  /usr/lib/x86_64-linux-gnu/libvorbisfile.so.3.3.8
7cd59298d000-7cd592992000 r-xp 00002000 103:02 13905716                  /usr/lib/x86_64-linux-gnu/libvorbisfile.so.3.3.8
7cd592992000-7cd592993000 r--p 00007000 103:02 13905716                  /usr/lib/x86_64-linux-gnu/libvorbisfile.so.3.3.8
7cd592993000-7cd592994000 r--p 00007000 103:02 13905716                  /usr/lib/x86_64-linux-gnu/libvorbisfile.so.3.3.8
7cd592994000-7cd592995000 rw-p 00008000 103:02 13905716                  /usr/lib/x86_64-linux-gnu/libvorbisfile.so.3.3.8
7cd592995000-7cd592998000 r--p 00000000 103:02 13905136                  /usr/lib/x86_64-linux-gnu/libcanberra.so.0.2.5
7cd592998000-7cd5929a3000 r-xp 00003000 103:02 13905136                  /usr/lib/x86_64-linux-gnu/libcanberra.so.0.2.5
7cd5929a3000-7cd5929a6000 r--p 0000e000 103:02 13905136                  /usr/lib/x86_64-linux-gnu/libcanberra.so.0.2.5
7cd5929a6000-7cd5929a7000 r--p 00010000 103:02 13905136                  /usr/lib/x86_64-linux-gnu/libcanberra.so.0.2.5
7cd5929a7000-7cd5929a8000 rw-p 00011000 103:02 13905136                  /usr/lib/x86_64-linux-gnu/libcanberra.so.0.2.5
7cd5929a9000-7cd5929ad000 r--p 00000000 103:02 13903105                  /usr/lib/x86_64-linux-gnu/gio/modules/libdconfsettings.so
7cd5929ad000-7cd5929b4000 r-xp 00004000 103:02 13903105                  /usr/lib/x86_64-linux-gnu/gio/modules/libdconfsettings.so
7cd5929b4000-7cd5929b6000 r--p 0000b000 103:02 13903105                  /usr/lib/x86_64-linux-gnu/gio/modules/libdconfsettings.so
7cd5929b6000-7cd5929b7000 r--p 0000d000 103:02 13903105                  /usr/lib/x86_64-linux-gnu/gio/modules/libdconfsettings.so
7cd5929b7000-7cd5929b8000 rw-p 0000e000 103:02 13903105                  /usr/lib/x86_64-linux-gnu/gio/modules/libdconfsettings.so
7cd5929b8000-7cd5929ca000 r--p 00000000 103:02 13907123                  /usr/lib/x86_64-linux-gnu/gvfs/libgvfscommon.so
7cd5929ca000-7cd5929e6000 r-xp 00012000 103:02 13907123                  /usr/lib/x86_64-linux-gnu/gvfs/libgvfscommon.so
7cd5929e6000-7cd5929f2000 r--p 0002e000 103:02 13907123                  /usr/lib/x86_64-linux-gnu/gvfs/libgvfscommon.so
7cd5929f2000-7cd5929f8000 r--p 00039000 103:02 13907123                  /usr/lib/x86_64-linux-gnu/gvfs/libgvfscommon.so
7cd5929f8000-7cd5929f9000 rw-p 0003f000 103:02 13907123                  /usr/lib/x86_64-linux-gnu/gvfs/libgvfscommon.so
7cd5929f9000-7cd592a03000 r--p 00000000 103:02 13906837                  /usr/lib/x86_64-linux-gnu/gio/modules/libgvfsdbus.so
7cd592a03000-7cd592a21000 r-xp 0000a000 103:02 13906837                  /usr/lib/x86_64-linux-gnu/gio/modules/libgvfsdbus.so
7cd592a21000-7cd592a29000 r--p 00028000 103:02 13906837                  /usr/lib/x86_64-linux-gnu/gio/modules/libgvfsdbus.so
7cd592a29000-7cd592a2b000 r--p 00030000 103:02 13906837                  /usr/lib/x86_64-linux-gnu/gio/modules/libgvfsdbus.so
7cd592a2b000-7cd592a2c000 rw-p 00032000 103:02 13906837                  /usr/lib/x86_64-linux-gnu/gio/modules/libgvfsdbus.so
7cd592a2c000-7cd592ae0000 r--p 00000000 103:02 14184373                  /usr/share/themes/Yaru-olive-dark/gtk-3.0/gtk.gresource
7cd592ae0000-7cd592ae1000 r--p 00000000 103:02 13896108                  /usr/lib/x86_64-linux-gnu/libpthread.so.0
7cd592ae1000-7cd592ae2000 r-xp 00001000 103:02 13896108                  /usr/lib/x86_64-linux-gnu/libpthread.so.0
7cd592ae2000-7cd592ae3000 r--p 00002000 103:02 13896108                  /usr/lib/x86_64-linux-gnu/libpthread.so.0
7cd592ae3000-7cd592ae4000 r--p 00002000 103:02 13896108                  /usr/lib/x86_64-linux-gnu/libpthread.so.0
7cd592ae4000-7cd592ae5000 rw-p 00003000 103:02 13896108                  /usr/lib/x86_64-linux-gnu/libpthread.so.0
7cd592ae5000-7cd592ae7000 r--p 00000000 103:02 13904995                  /usr/lib/x86_64-linux-gnu/libXtst.so.6.1.0
7cd592ae7000-7cd592aea000 r-xp 00002000 103:02 13904995                  /usr/lib/x86_64-linux-gnu/libXtst.so.6.1.0
7cd592aea000-7cd592aeb000 r--p 00005000 103:02 13904995                  /usr/lib/x86_64-linux-gnu/libXtst.so.6.1.0
7cd592aeb000-7cd592aec000 r--p 00005000 103:02 13904995                  /usr/lib/x86_64-linux-gnu/libXtst.so.6.1.0
7cd592aec000-7cd592aed000 rw-p 00006000 103:02 13904995                  /usr/lib/x86_64-linux-gnu/libXtst.so.6.1.0
7cd592aed000-7cd592aee000 r--p 00000000 103:02 13905336                  /usr/lib/x86_64-linux-gnu/libgthread-2.0.so.0.8000.0
7cd592aee000-7cd592aef000 r-xp 00001000 103:02 13905336                  /usr/lib/x86_64-linux-gnu/libgthread-2.0.so.0.8000.0
7cd592aef000-7cd592af0000 r--p 00002000 103:02 13905336                  /usr/lib/x86_64-linux-gnu/libgthread-2.0.so.0.8000.0
7cd592af0000-7cd592af1000 r--p 00002000 103:02 13905336                  /usr/lib/x86_64-linux-gnu/libgthread-2.0.so.0.8000.0
7cd592af1000-7cd592af2000 rw-p 00003000 103:02 13905336                  /usr/lib/x86_64-linux-gnu/libgthread-2.0.so.0.8000.0
7cd592af2000-7cd592b35000 r-xp 00000000 103:02 19402234                  /home/olimjon/Downloads/openjfx-17.0.17_linux-x64_bin-sdk/javafx-sdk-17.0.17/lib/libglassgtk3.so
7cd592b35000-7cd592b37000 r--p 00042000 103:02 19402234                  /home/olimjon/Downloads/openjfx-17.0.17_linux-x64_bin-sdk/javafx-sdk-17.0.17/lib/libglassgtk3.so
7cd592b37000-7cd592b39000 rw-p 00044000 103:02 19402234                  /home/olimjon/Downloads/openjfx-17.0.17_linux-x64_bin-sdk/javafx-sdk-17.0.17/lib/libglassgtk3.so
7cd592b39000-7cd592b3d000 r--p 00000000 103:02 13905304                  /usr/lib/x86_64-linux-gnu/libgpg-error.so.0.34.0
7cd592b3d000-7cd592b53000 r-xp 00004000 103:02 13905304                  /usr/lib/x86_64-linux-gnu/libgpg-error.so.0.34.0
7cd592b53000-7cd592b5c000 r--p 0001a000 103:02 13905304                  /usr/lib/x86_64-linux-gnu/libgpg-error.so.0.34.0
7cd592b5c000-7cd592b5d000 r--p 00023000 103:02 13905304                  /usr/lib/x86_64-linux-gnu/libgpg-error.so.0.34.0
7cd592b5d000-7cd592b5e000 rw-p 00024000 103:02 13905304                  /usr/lib/x86_64-linux-gnu/libgpg-error.so.0.34.0
7cd592b5e000-7cd592b61000 r--p 00000000 103:02 13905428                  /usr/lib/x86_64-linux-gnu/liblz4.so.1.9.4
7cd592b61000-7cd592b7c000 r-xp 00003000 103:02 13905428                  /usr/lib/x86_64-linux-gnu/liblz4.so.1.9.4
7cd592b7c000-7cd592b7e000 r--p 0001e000 103:02 13905428                  /usr/lib/x86_64-linux-gnu/liblz4.so.1.9.4
7cd592b7e000-7cd592b7f000 r--p 00020000 103:02 13905428                  /usr/lib/x86_64-linux-gnu/liblz4.so.1.9.4
7cd592b7f000-7cd592b80000 rw-p 00021000 103:02 13905428                  /usr/lib/x86_64-linux-gnu/liblz4.so.1.9.4
7cd592b80000-7cd592b8f000 r--p 00000000 103:02 13905266                  /usr/lib/x86_64-linux-gnu/libgcrypt.so.20.4.3
7cd592b8f000-7cd592c83000 r-xp 0000f000 103:02 13905266                  /usr/lib/x86_64-linux-gnu/libgcrypt.so.20.4.3
7cd592c83000-7cd592cbe000 r--p 00103000 103:02 13905266                  /usr/lib/x86_64-linux-gnu/libgcrypt.so.20.4.3
7cd592cbe000-7cd592cc3000 r--p 0013e000 103:02 13905266                  /usr/lib/x86_64-linux-gnu/libgcrypt.so.20.4.3
7cd592cc3000-7cd592cc7000 rw-p 00143000 103:02 13905266                  /usr/lib/x86_64-linux-gnu/libgcrypt.so.20.4.3
7cd592cc7000-7cd592cc8000 rw-p 00000000 00:00 0 
7cd592cc8000-7cd592ccb000 r--p 00000000 103:02 13905138                  /usr/lib/x86_64-linux-gnu/libcap.so.2.66
7cd592ccb000-7cd592cd1000 r-xp 00003000 103:02 13905138                  /usr/lib/x86_64-linux-gnu/libcap.so.2.66
7cd592cd1000-7cd592cd3000 r--p 00009000 103:02 13905138                  /usr/lib/x86_64-linux-gnu/libcap.so.2.66
7cd592cd3000-7cd592cd4000 r--p 0000b000 103:02 13905138                  /usr/lib/x86_64-linux-gnu/libcap.so.2.66
7cd592cd4000-7cd592cd5000 rw-p 0000c000 103:02 13905138                  /usr/lib/x86_64-linux-gnu/libcap.so.2.66
7cd592cd5000-7cd592cd6000 r--p 00000000 103:02 13905120                  /usr/lib/x86_64-linux-gnu/libbrotlicommon.so.1.1.0
7cd592cd6000-7cd592cd7000 r-xp 00001000 103:02 13905120                  /usr/lib/x86_64-linux-gnu/libbrotlicommon.so.1.1.0
7cd592cd7000-7cd592cf6000 r--p 00002000 103:02 13905120                  /usr/lib/x86_64-linux-gnu/libbrotlicommon.so.1.1.0
7cd592cf6000-7cd592cf7000 r--p 00021000 103:02 13905120                  /usr/lib/x86_64-linux-gnu/libbrotlicommon.so.1.1.0
7cd592cf7000-7cd592cf8000 rw-p 00022000 103:02 13905120                  /usr/lib/x86_64-linux-gnu/libbrotlicommon.so.1.1.0
7cd592cf8000-7cd592d0e000 r--p 00000000 103:02 13895063                  /usr/lib/x86_64-linux-gnu/libsystemd.so.0.38.0
7cd592d0e000-7cd592d9d000 r-xp 00016000 103:02 13895063                  /usr/lib/x86_64-linux-gnu/libsystemd.so.0.38.0
7cd592d9d000-7cd592dcb000 r--p 000a5000 103:02 13895063                  /usr/lib/x86_64-linux-gnu/libsystemd.so.0.38.0
7cd592dcb000-7cd592dd6000 r--p 000d2000 103:02 13895063                  /usr/lib/x86_64-linux-gnu/libsystemd.so.0.38.0
7cd592dd6000-7cd592dd7000 rw-p 000dd000 103:02 13895063                  /usr/lib/x86_64-linux-gnu/libsystemd.so.0.38.0
7cd592dd7000-7cd592dd8000 rw-p 00000000 00:00 0 
7cd592dd8000-7cd592dd9000 r--p 00000000 103:02 13905121                  /usr/lib/x86_64-linux-gnu/libbrotlidec.so.1.1.0
7cd592dd9000-7cd592de1000 r-xp 00001000 103:02 13905121                  /usr/lib/x86_64-linux-gnu/libbrotlidec.so.1.1.0
7cd592de1000-7cd592de4000 r--p 00009000 103:02 13905121                  /usr/lib/x86_64-linux-gnu/libbrotlidec.so.1.1.0
7cd592de4000-7cd592de5000 r--p 0000b000 103:02 13905121                  /usr/lib/x86_64-linux-gnu/libbrotlidec.so.1.1.0
7cd592de5000-7cd592de6000 rw-p 0000c000 103:02 13905121                  /usr/lib/x86_64-linux-gnu/libbrotlidec.so.1.1.0
7cd592de6000-7cd592de8000 r--p 00000000 103:02 13905125                  /usr/lib/x86_64-linux-gnu/libbz2.so.1.0.4
7cd592de8000-7cd592df6000 r-xp 00002000 103:02 13905125                  /usr/lib/x86_64-linux-gnu/libbz2.so.1.0.4
7cd592df6000-7cd592df8000 r--p 00010000 103:02 13905125                  /usr/lib/x86_64-linux-gnu/libbz2.so.1.0.4
7cd592df8000-7cd592df9000 r--p 00011000 103:02 13905125                  /usr/lib/x86_64-linux-gnu/libbz2.so.1.0.4
7cd592df9000-7cd592dfa000 rw-p 00012000 103:02 13905125                  /usr/lib/x86_64-linux-gnu/libbz2.so.1.0.4
7cd592dfa000-7cd592dfc000 r--p 00000000 103:02 13905164                  /usr/lib/x86_64-linux-gnu/libdatrie.so.1.4.0
7cd592dfc000-7cd592e00000 r-xp 00002000 103:02 13905164                  /usr/lib/x86_64-linux-gnu/libdatrie.so.1.4.0
7cd592e00000-7cd592e01000 r--p 00006000 103:02 13905164                  /usr/lib/x86_64-linux-gnu/libdatrie.so.1.4.0
7cd592e01000-7cd592e02000 r--p 00006000 103:02 13905164                  /usr/lib/x86_64-linux-gnu/libdatrie.so.1.4.0
7cd592e02000-7cd592e03000 rw-p 00007000 103:02 13905164                  /usr/lib/x86_64-linux-gnu/libdatrie.so.1.4.0
7cd592e03000-7cd592e0a000 r--p 00000000 103:02 13905115                  /usr/lib/x86_64-linux-gnu/libblkid.so.1.1.0
7cd592e0a000-7cd592e2e000 r-xp 00007000 103:02 13905115                  /usr/lib/x86_64-linux-gnu/libblkid.so.1.1.0
7cd592e2e000-7cd592e37000 r--p 0002b000 103:02 13905115                  /usr/lib/x86_64-linux-gnu/libblkid.so.1.1.0
7cd592e37000-7cd592e3d000 r--p 00033000 103:02 13905115                  /usr/lib/x86_64-linux-gnu/libblkid.so.1.1.0
7cd592e3d000-7cd592e3e000 rw-p 00039000 103:02 13905115                  /usr/lib/x86_64-linux-gnu/libblkid.so.1.1.0
7cd592e3e000-7cd592e4a000 r--p 00000000 103:02 13905166                  /usr/lib/x86_64-linux-gnu/libdbus-1.so.3.32.4
7cd592e4a000-7cd592e7a000 r-xp 0000c000 103:02 13905166                  /usr/lib/x86_64-linux-gnu/libdbus-1.so.3.32.4
7cd592e7a000-7cd592e8b000 r--p 0003c000 103:02 13905166                  /usr/lib/x86_64-linux-gnu/libdbus-1.so.3.32.4
7cd592e8b000-7cd592e8c000 r--p 0004c000 103:02 13905166                  /usr/lib/x86_64-linux-gnu/libdbus-1.so.3.32.4
7cd592e8c000-7cd592e8d000 rw-p 0004d000 103:02 13905166                  /usr/lib/x86_64-linux-gnu/libdbus-1.so.3.32.4
7cd592e8d000-7cd592e9d000 r--p 00000000 103:02 13905088                  /usr/lib/x86_64-linux-gnu/libatspi.so.0.0.1
7cd592e9d000-7cd592eb6000 r-xp 00010000 103:02 13905088                  /usr/lib/x86_64-linux-gnu/libatspi.so.0.0.1
7cd592eb6000-7cd592ec3000 r--p 00029000 103:02 13905088                  /usr/lib/x86_64-linux-gnu/libatspi.so.0.0.1
7cd592ec3000-7cd592ec6000 r--p 00036000 103:02 13905088                  /usr/lib/x86_64-linux-gnu/libatspi.so.0.0.1
7cd592ec6000-7cd592ec7000 rw-p 00039000 103:02 13905088                  /usr/lib/x86_64-linux-gnu/libatspi.so.0.0.1
7cd592ec7000-7cd592ecb000 r--p 00000000 103:02 13905404                  /usr/lib/x86_64-linux-gnu/libjpeg.so.8.2.2
7cd592ecb000-7cd592f18000 r-xp 00004000 103:02 13905404                  /usr/lib/x86_64-linux-gnu/libjpeg.so.8.2.2
7cd592f18000-7cd592f48000 r--p 00051000 103:02 13905404                  /usr/lib/x86_64-linux-gnu/libjpeg.so.8.2.2
7cd592f48000-7cd592f49000 r--p 00081000 103:02 13905404                  /usr/lib/x86_64-linux-gnu/libjpeg.so.8.2.2
7cd592f49000-7cd592f4a000 rw-p 00082000 103:02 13905404                  /usr/lib/x86_64-linux-gnu/libjpeg.so.8.2.2
7cd592f4a000-7cd592f54000 r--p 00000000 103:02 13905556                  /usr/lib/x86_64-linux-gnu/libpixman-1.so.0.42.2
7cd592f54000-7cd592fe1000 r-xp 0000a000 103:02 13905556                  /usr/lib/x86_64-linux-gnu/libpixman-1.so.0.42.2
7cd592fe1000-7cd592ff0000 r--p 00097000 103:02 13905556                  /usr/lib/x86_64-linux-gnu/libpixman-1.so.0.42.2
7cd592ff0000-7cd592ff8000 r--p 000a5000 103:02 13905556                  /usr/lib/x86_64-linux-gnu/libpixman-1.so.0.42.2
7cd592ff8000-7cd592ff9000 rw-p 000ad000 103:02 13905556                  /usr/lib/x86_64-linux-gnu/libpixman-1.so.0.42.2
7cd592ff9000-7cd592ffe000 r--p 00000000 103:02 13905565                  /usr/lib/x86_64-linux-gnu/libpng16.so.16.43.0
7cd592ffe000-7cd593026000 r-xp 00005000 103:02 13905565                  /usr/lib/x86_64-linux-gnu/libpng16.so.16.43.0
7cd593026000-7cd59302f000 r--p 0002d000 103:02 13905565                  /usr/lib/x86_64-linux-gnu/libpng16.so.16.43.0
7cd59302f000-7cd593030000 r--p 00035000 103:02 13905565                  /usr/lib/x86_64-linux-gnu/libpng16.so.16.43.0
7cd593030000-7cd593031000 rw-p 00036000 103:02 13905565                  /usr/lib/x86_64-linux-gnu/libpng16.so.16.43.0
7cd593031000-7cd593034000 r--p 00000000 103:02 13905310                  /usr/lib/x86_64-linux-gnu/libgraphite2.so.3.2.1
7cd593034000-7cd593051000 r-xp 00003000 103:02 13905310                  /usr/lib/x86_64-linux-gnu/libgraphite2.so.3.2.1
7cd593051000-7cd593054000 r--p 00020000 103:02 13905310                  /usr/lib/x86_64-linux-gnu/libgraphite2.so.3.2.1
7cd593054000-7cd593056000 r--p 00022000 103:02 13905310                  /usr/lib/x86_64-linux-gnu/libgraphite2.so.3.2.1
7cd593056000-7cd593057000 rw-p 00024000 103:02 13905310                  /usr/lib/x86_64-linux-gnu/libgraphite2.so.3.2.1
7cd593057000-7cd593064000 r--p 00000000 103:02 13905250                  /usr/lib/x86_64-linux-gnu/libfreetype.so.6.20.1
7cd593064000-7cd5930f5000 r-xp 0000d000 103:02 13905250                  /usr/lib/x86_64-linux-gnu/libfreetype.so.6.20.1
7cd5930f5000-7cd59311b000 r--p 0009e000 103:02 13905250                  /usr/lib/x86_64-linux-gnu/libfreetype.so.6.20.1
7cd59311b000-7cd593122000 r--p 000c4000 103:02 13905250                  /usr/lib/x86_64-linux-gnu/libfreetype.so.6.20.1
7cd593122000-7cd593123000 rw-p 000cb000 103:02 13905250                  /usr/lib/x86_64-linux-gnu/libfreetype.so.6.20.1
7cd593123000-7cd593129000 r--p 00000000 103:02 13905618                  /usr/lib/x86_64-linux-gnu/libselinux.so.1
7cd593129000-7cd593146000 r-xp 00006000 103:02 13905618                  /usr/lib/x86_64-linux-gnu/libselinux.so.1
7cd593146000-7cd59314c000 r--p 00023000 103:02 13905618                  /usr/lib/x86_64-linux-gnu/libselinux.so.1
7cd59314c000-7cd59314d000 r--p 00029000 103:02 13905618                  /usr/lib/x86_64-linux-gnu/libselinux.so.1
7cd59314d000-7cd59314e000 rw-p 0002a000 103:02 13905618                  /usr/lib/x86_64-linux-gnu/libselinux.so.1
7cd59314e000-7cd593150000 rw-p 00000000 00:00 0 
7cd593150000-7cd593159000 r--p 00000000 103:02 13905452                  /usr/lib/x86_64-linux-gnu/libmount.so.1.1.0
7cd593159000-7cd59318d000 r-xp 00009000 103:02 13905452                  /usr/lib/x86_64-linux-gnu/libmount.so.1.1.0
7cd59318d000-7cd59319a000 r--p 0003d000 103:02 13905452                  /usr/lib/x86_64-linux-gnu/libmount.so.1.1.0
7cd59319a000-7cd59319c000 r--p 00049000 103:02 13905452                  /usr/lib/x86_64-linux-gnu/libmount.so.1.1.0
7cd59319c000-7cd59319d000 rw-p 0004b000 103:02 13905452                  /usr/lib/x86_64-linux-gnu/libmount.so.1.1.0
7cd59319d000-7cd59319f000 r--p 00000000 103:02 13905547                  /usr/lib/x86_64-linux-gnu/libpcre2-8.so.0.11.2
7cd59319f000-7cd59320d000 r-xp 00002000 103:02 13905547                  /usr/lib/x86_64-linux-gnu/libpcre2-8.so.0.11.2
7cd59320d000-7cd593235000 r--p 00070000 103:02 13905547                  /usr/lib/x86_64-linux-gnu/libpcre2-8.so.0.11.2
7cd593235000-7cd593236000 r--p 00097000 103:02 13905547                  /usr/lib/x86_64-linux-gnu/libpcre2-8.so.0.11.2
7cd593236000-7cd593237000 rw-p 00098000 103:02 13905547                  /usr/lib/x86_64-linux-gnu/libpcre2-8.so.0.11.2
7cd593237000-7cd59323c000 r--p 00000000 103:02 13905774                  /usr/lib/x86_64-linux-gnu/libxkbcommon.so.0.0.0
7cd59323c000-7cd59325c000 r-xp 00005000 103:02 13905774                  /usr/lib/x86_64-linux-gnu/libxkbcommon.so.0.0.0
7cd59325c000-7cd59327d000 r--p 00025000 103:02 13905774                  /usr/lib/x86_64-linux-gnu/libxkbcommon.so.0.0.0
7cd59327d000-7cd59327f000 r--p 00045000 103:02 13905774                  /usr/lib/x86_64-linux-gnu/libxkbcommon.so.0.0.0
7cd59327f000-7cd593280000 rw-p 00047000 103:02 13905774                  /usr/lib/x86_64-linux-gnu/libxkbcommon.so.0.0.0
7cd593280000-7cd59328c000 r--p 00000000 103:02 13905084                  /usr/lib/x86_64-linux-gnu/libatk-bridge-2.0.so.0.0.0
7cd59328c000-7cd5932a6000 r-xp 0000c000 103:02 13905084                  /usr/lib/x86_64-linux-gnu/libatk-bridge-2.0.so.0.0.0
7cd5932a6000-7cd5932b9000 r--p 00026000 103:02 13905084                  /usr/lib/x86_64-linux-gnu/libatk-bridge-2.0.so.0.0.0
7cd5932b9000-7cd5932ba000 r--p 00039000 103:02 13905084                  /usr/lib/x86_64-linux-gnu/libatk-bridge-2.0.so.0.0.0
7cd5932ba000-7cd5932bc000 rw-p 0003a000 103:02 13905084                  /usr/lib/x86_64-linux-gnu/libatk-bridge-2.0.so.0.0.0
7cd5932bc000-7cd59331c000 r--p 00000000 103:02 13905216                  /usr/lib/x86_64-linux-gnu/libepoxy.so.0.0.0
7cd59331c000-7cd593382000 r-xp 00060000 103:02 13905216                  /usr/lib/x86_64-linux-gnu/libepoxy.so.0.0.0
7cd593382000-7cd5933d0000 r--p 000c6000 103:02 13905216                  /usr/lib/x86_64-linux-gnu/libepoxy.so.0.0.0
7cd5933d0000-7cd5933d8000 r--p 00113000 103:02 13905216                  /usr/lib/x86_64-linux-gnu/libepoxy.so.0.0.0
7cd5933d8000-7cd5933df000 rw-p 0011b000 103:02 13905216                  /usr/lib/x86_64-linux-gnu/libepoxy.so.0.0.0
7cd5933df000-7cd5933f3000 r--p 00000000 103:02 13905132                  /usr/lib/x86_64-linux-gnu/libcairo.so.2.11800.0
7cd5933f3000-7cd5934e4000 r-xp 00014000 103:02 13905132                  /usr/lib/x86_64-linux-gnu/libcairo.so.2.11800.0
7cd5934e4000-7cd59351c000 r--p 00105000 103:02 13905132                  /usr/lib/x86_64-linux-gnu/libcairo.so.2.11800.0
7cd59351c000-7cd593520000 r--p 0013d000 103:02 13905132                  /usr/lib/x86_64-linux-gnu/libcairo.so.2.11800.0
7cd593520000-7cd593522000 rw-p 00141000 103:02 13905132                  /usr/lib/x86_64-linux-gnu/libcairo.so.2.11800.0
7cd593522000-7cd593523000 rw-p 00000000 00:00 0 
7cd593523000-7cd59352e000 r--p 00000000 103:02 13905354                  /usr/lib/x86_64-linux-gnu/libharfbuzz.so.0.60830.0
7cd59352e000-7cd5935fc000 r-xp 0000b000 103:02 13905354                  /usr/lib/x86_64-linux-gnu/libharfbuzz.so.0.60830.0
7cd5935fc000-7cd59362e000 r--p 000d9000 103:02 13905354                  /usr/lib/x86_64-linux-gnu/libharfbuzz.so.0.60830.0
7cd59362e000-7cd59362f000 r--p 0010b000 103:02 13905354                  /usr/lib/x86_64-linux-gnu/libharfbuzz.so.0.60830.0
7cd59362f000-7cd593630000 rw-p 0010c000 103:02 13905354                  /usr/lib/x86_64-linux-gnu/libharfbuzz.so.0.60830.0
7cd593630000-7cd593669000 r--p 00000000 103:02 13905280                  /usr/lib/x86_64-linux-gnu/libgio-2.0.so.0.8000.0
7cd593669000-7cd593780000 r-xp 00039000 103:02 13905280                  /usr/lib/x86_64-linux-gnu/libgio-2.0.so.0.8000.0
7cd593780000-7cd5937f5000 r--p 00150000 103:02 13905280                  /usr/lib/x86_64-linux-gnu/libgio-2.0.so.0.8000.0
7cd5937f5000-7cd5937fd000 r--p 001c4000 103:02 13905280                  /usr/lib/x86_64-linux-gnu/libgio-2.0.so.0.8000.0
7cd5937fd000-7cd5937fe000 rw-p 001cc000 103:02 13905280                  /usr/lib/x86_64-linux-gnu/libgio-2.0.so.0.8000.0
7cd5937fe000-7cd593800000 rw-p 00000000 00:00 0 
7cd593800000-7cd593883000 r--p 00000000 103:02 13905337                  /usr/lib/x86_64-linux-gnu/libgtk-3.so.0.2409.32
7cd593883000-7cd593c31000 r-xp 00083000 103:02 13905337                  /usr/lib/x86_64-linux-gnu/libgtk-3.so.0.2409.32
7cd593c31000-7cd593fb6000 r--p 00431000 103:02 13905337                  /usr/lib/x86_64-linux-gnu/libgtk-3.so.0.2409.32
7cd593fb6000-7cd593fc6000 r--p 007b5000 103:02 13905337                  /usr/lib/x86_64-linux-gnu/libgtk-3.so.0.2409.32
7cd593fc6000-7cd593fc8000 rw-p 007c5000 103:02 13905337                  /usr/lib/x86_64-linux-gnu/libgtk-3.so.0.2409.32
7cd593fc8000-7cd593fcd000 rw-p 00000000 00:00 0 
7cd593fcd000-7cd593fd2000 r--p 00000000 103:02 13905762                  /usr/lib/x86_64-linux-gnu/libxcb-render.so.0.0.0
7cd593fd2000-7cd593fd7000 r-xp 00005000 103:02 13905762                  /usr/lib/x86_64-linux-gnu/libxcb-render.so.0.0.0
7cd593fd7000-7cd593fda000 r--p 0000a000 103:02 13905762                  /usr/lib/x86_64-linux-gnu/libxcb-render.so.0.0.0
7cd593fda000-7cd593fdb000 r--p 0000c000 103:02 13905762                  /usr/lib/x86_64-linux-gnu/libxcb-render.so.0.0.0
7cd593fdb000-7cd593fdc000 rw-p 0000d000 103:02 13905762                  /usr/lib/x86_64-linux-gnu/libxcb-render.so.0.0.0
7cd593fdc000-7cd593fde000 r--p 00000000 103:02 13904992                  /usr/lib/x86_64-linux-gnu/libXrender.so.1.3.0
7cd593fde000-7cd593fe5000 r-xp 00002000 103:02 13904992                  /usr/lib/x86_64-linux-gnu/libXrender.so.1.3.0
7cd593fe5000-7cd593fe6000 r--p 00009000 103:02 13904992                  /usr/lib/x86_64-linux-gnu/libXrender.so.1.3.0
7cd593fe6000-7cd593fe7000 r--p 00009000 103:02 13904992                  /usr/lib/x86_64-linux-gnu/libXrender.so.1.3.0
7cd593fe7000-7cd593fe8000 rw-p 0000a000 103:02 13904992                  /usr/lib/x86_64-linux-gnu/libXrender.so.1.3.0
7cd593fe8000-7cd593fea000 r--p 00000000 103:02 13905667                  /usr/lib/x86_64-linux-gnu/libthai.so.0.3.1
7cd593fea000-7cd593fee000 r-xp 00002000 103:02 13905667                  /usr/lib/x86_64-linux-gnu/libthai.so.0.3.1
7cd593fee000-7cd593ff1000 r--p 00006000 103:02 13905667                  /usr/lib/x86_64-linux-gnu/libthai.so.0.3.1
7cd593ff1000-7cd593ff2000 r--p 00008000 103:02 13905667                  /usr/lib/x86_64-linux-gnu/libthai.so.0.3.1
7cd593ff2000-7cd593ff3000 rw-p 00009000 103:02 13905667                  /usr/lib/x86_64-linux-gnu/libthai.so.0.3.1
7cd593ff3000-7cd593ff5000 r--p 00000000 103:02 13904991                  /usr/lib/x86_64-linux-gnu/libXrandr.so.2.2.0
7cd593ff5000-7cd593ffc000 r-xp 00002000 103:02 13904991                  /usr/lib/x86_64-linux-gnu/libXrandr.so.2.2.0
7cd593ffc000-7cd593ffe000 r--p 00009000 103:02 13904991                  /usr/lib/x86_64-linux-gnu/libXrandr.so.2.2.0
7cd593ffe000-7cd593fff000 r--p 0000a000 103:02 13904991                  /usr/lib/x86_64-linux-gnu/libXrandr.so.2.2.0
7cd593fff000-7cd594000000 rw-p 0000b000 103:02 13904991                  /usr/lib/x86_64-linux-gnu/libXrandr.so.2.2.0
7cd594000000-7cd594021000 rw-p 00000000 00:00 0 
7cd594021000-7cd598000000 ---p 00000000 00:00 0 
7cd598000000-7cd598021000 rw-p 00000000 00:00 0 
7cd598021000-7cd59c000000 ---p 00000000 00:00 0 
7cd59c000000-7cd59c021000 rw-p 00000000 00:00 0 
7cd59c021000-7cd5a0000000 ---p 00000000 00:00 0 
7cd5a0000000-7cd5a0021000 rw-p 00000000 00:00 0 
7cd5a0021000-7cd5a4000000 ---p 00000000 00:00 0 
7cd5a4000000-7cd5a4021000 rw-p 00000000 00:00 0 
7cd5a4021000-7cd5a8000000 ---p 00000000 00:00 0 
7cd5a8000000-7cd5a8021000 rw-p 00000000 00:00 0 
7cd5a8021000-7cd5ac000000 ---p 00000000 00:00 0 
7cd5ac000000-7cd5ac021000 rw-p 00000000 00:00 0 
7cd5ac021000-7cd5b0000000 ---p 00000000 00:00 0 
7cd5b0000000-7cd5b0033000 rw-p 00000000 00:00 0 
7cd5b0033000-7cd5b4000000 ---p 00000000 00:00 0 
7cd5b4000000-7cd5b4021000 rw-p 00000000 00:00 0 
7cd5b4021000-7cd5b8000000 ---p 00000000 00:00 0 
7cd5b8000000-7cd5b8003000 r--p 00000000 103:02 13923393                  /usr/share/fonts/truetype/noto/NotoSansSamaritan-Regular.ttf
7cd5b8003000-7cd5b8004000 r--p 00000000 103:02 13904987                  /usr/lib/x86_64-linux-gnu/libXinerama.so.1.0.0
7cd5b8004000-7cd5b8005000 r-xp 00001000 103:02 13904987                  /usr/lib/x86_64-linux-gnu/libXinerama.so.1.0.0
7cd5b8005000-7cd5b8006000 r--p 00002000 103:02 13904987                  /usr/lib/x86_64-linux-gnu/libXinerama.so.1.0.0
7cd5b8006000-7cd5b8007000 r--p 00002000 103:02 13904987                  /usr/lib/x86_64-linux-gnu/libXinerama.so.1.0.0
7cd5b8007000-7cd5b8008000 rw-p 00003000 103:02 13904987                  /usr/lib/x86_64-linux-gnu/libXinerama.so.1.0.0
7cd5b8008000-7cd5b800a000 r--p 00000000 103:02 13904979                  /usr/lib/x86_64-linux-gnu/libXcursor.so.1.0.2
7cd5b800a000-7cd5b8010000 r-xp 00002000 103:02 13904979                  /usr/lib/x86_64-linux-gnu/libXcursor.so.1.0.2
7cd5b8010000-7cd5b8012000 r--p 00008000 103:02 13904979                  /usr/lib/x86_64-linux-gnu/libXcursor.so.1.0.2
7cd5b8012000-7cd5b8013000 r--p 00009000 103:02 13904979                  /usr/lib/x86_64-linux-gnu/libXcursor.so.1.0.2
7cd5b8013000-7cd5b8014000 rw-p 0000a000 103:02 13904979                  /usr/lib/x86_64-linux-gnu/libXcursor.so.1.0.2
7cd5b8014000-7cd5b8016000 r--p 00000000 103:02 13905730                  /usr/lib/x86_64-linux-gnu/libwayland-cursor.so.0.22.0
7cd5b8016000-7cd5b8018000 r-xp 00002000 103:02 13905730                  /usr/lib/x86_64-linux-gnu/libwayland-cursor.so.0.22.0
7cd5b8018000-7cd5b8019000 r--p 00004000 103:02 13905730                  /usr/lib/x86_64-linux-gnu/libwayland-cursor.so.0.22.0
7cd5b8019000-7cd5b801a000 r--p 00004000 103:02 13905730                  /usr/lib/x86_64-linux-gnu/libwayland-cursor.so.0.22.0
7cd5b801a000-7cd5b801e000 rw-p 00005000 103:02 13905730                  /usr/lib/x86_64-linux-gnu/libwayland-cursor.so.0.22.0
7cd5b801e000-7cd5b8023000 r--p 00000000 103:02 13905729                  /usr/lib/x86_64-linux-gnu/libwayland-client.so.0.22.0
7cd5b8023000-7cd5b8029000 r-xp 00005000 103:02 13905729                  /usr/lib/x86_64-linux-gnu/libwayland-client.so.0.22.0
7cd5b8029000-7cd5b802b000 r--p 0000b000 103:02 13905729                  /usr/lib/x86_64-linux-gnu/libwayland-client.so.0.22.0
7cd5b802b000-7cd5b802d000 r--p 0000d000 103:02 13905729                  /usr/lib/x86_64-linux-gnu/libwayland-client.so.0.22.0
7cd5b802d000-7cd5b802e000 rw-p 0000f000 103:02 13905729                  /usr/lib/x86_64-linux-gnu/libwayland-client.so.0.22.0
7cd5b802e000-7cd5b8030000 r--p 00000000 103:02 13904983                  /usr/lib/x86_64-linux-gnu/libXfixes.so.3.1.0
7cd5b8030000-7cd5b8033000 r-xp 00002000 103:02 13904983                  /usr/lib/x86_64-linux-gnu/libXfixes.so.3.1.0
7cd5b8033000-7cd5b8034000 r--p 00005000 103:02 13904983                  /usr/lib/x86_64-linux-gnu/libXfixes.so.3.1.0
7cd5b8034000-7cd5b8035000 r--p 00005000 103:02 13904983                  /usr/lib/x86_64-linux-gnu/libXfixes.so.3.1.0
7cd5b8035000-7cd5b8036000 rw-p 00006000 103:02 13904983                  /usr/lib/x86_64-linux-gnu/libXfixes.so.3.1.0
7cd5b8036000-7cd5b8041000 r--p 00000000 103:02 13905083                  /usr/lib/x86_64-linux-gnu/libatk-1.0.so.0.25209.1
7cd5b8041000-7cd5b8051000 r-xp 0000b000 103:02 13905083                  /usr/lib/x86_64-linux-gnu/libatk-1.0.so.0.25209.1
7cd5b8051000-7cd5b805c000 r--p 0001b000 103:02 13905083                  /usr/lib/x86_64-linux-gnu/libatk-1.0.so.0.25209.1
7cd5b805c000-7cd5b805f000 r--p 00026000 103:02 13905083                  /usr/lib/x86_64-linux-gnu/libatk-1.0.so.0.25209.1
7cd5b805f000-7cd5b8060000 rw-p 00029000 103:02 13905083                  /usr/lib/x86_64-linux-gnu/libatk-1.0.so.0.25209.1
7cd5b8060000-7cd5b8068000 r--p 00000000 103:02 13905237                  /usr/lib/x86_64-linux-gnu/libfontconfig.so.1.12.1
7cd5b8068000-7cd5b8097000 r-xp 00008000 103:02 13905237                  /usr/lib/x86_64-linux-gnu/libfontconfig.so.1.12.1
7cd5b8097000-7cd5b80ae000 r--p 00037000 103:02 13905237                  /usr/lib/x86_64-linux-gnu/libfontconfig.so.1.12.1
7cd5b80ae000-7cd5b80b0000 r--p 0004d000 103:02 13905237                  /usr/lib/x86_64-linux-gnu/libfontconfig.so.1.12.1
7cd5b80b0000-7cd5b80b1000 rw-p 0004f000 103:02 13905237                  /usr/lib/x86_64-linux-gnu/libfontconfig.so.1.12.1
7cd5b80b1000-7cd5b80cf000 r--p 00000000 103:02 13905284                  /usr/lib/x86_64-linux-gnu/libglib-2.0.so.0.8000.0
7cd5b80cf000-7cd5b816f000 r-xp 0001e000 103:02 13905284                  /usr/lib/x86_64-linux-gnu/libglib-2.0.so.0.8000.0
7cd5b816f000-7cd5b81f7000 r--p 000be000 103:02 13905284                  /usr/lib/x86_64-linux-gnu/libglib-2.0.so.0.8000.0
7cd5b81f7000-7cd5b81f8000 r--p 00146000 103:02 13905284                  /usr/lib/x86_64-linux-gnu/libglib-2.0.so.0.8000.0
7cd5b81f8000-7cd5b81f9000 rw-p 00147000 103:02 13905284                  /usr/lib/x86_64-linux-gnu/libglib-2.0.so.0.8000.0
7cd5b81f9000-7cd5b81fa000 rw-p 00000000 00:00 0 
7cd5b81fa000-7cd5b83fa000 rw-s 14d58f000 00:06 903                       /dev/dri/renderD128
7cd5b83fa000-7cd5b83fb000 ---p 00000000 00:00 0 
7cd5b83fb000-7cd5b8bfb000 rw-p 00000000 00:00 0 
7cd5b8bfb000-7cd5b8bfc000 ---p 00000000 00:00 0 
7cd5b8bfc000-7cd5b93fc000 rw-p 00000000 00:00 0 
7cd5b93fc000-7cd5b93fd000 ---p 00000000 00:00 0 
7cd5b93fd000-7cd5b9bfd000 rw-p 00000000 00:00 0 
7cd5b9bfd000-7cd5b9bfe000 ---p 00000000 00:00 0 
7cd5b9bfe000-7cd5ba3fe000 rw-p 00000000 00:00 0 
7cd5ba3fe000-7cd5ba3ff000 ---p 00000000 00:00 0 
7cd5ba3ff000-7cd5babff000 rw-p 00000000 00:00 0 
7cd5babff000-7cd5bac00000 ---p 00000000 00:00 0 
7cd5bac00000-7cd5bb400000 rw-p 00000000 00:00 0 
7cd5bb400000-7cd5bb600000 rw-s 11c9bf000 00:06 903                       /dev/dri/renderD128
7cd5bb600000-7cd5c3808000 r-xp 00000000 103:02 13903204                  /usr/lib/x86_64-linux-gnu/libLLVM.so.20.1
7cd5c3808000-7cd5c3809000 ---p 08208000 103:02 13903204                  /usr/lib/x86_64-linux-gnu/libLLVM.so.20.1
7cd5c3809000-7cd5c3e9e000 r--p 08208000 103:02 13903204                  /usr/lib/x86_64-linux-gnu/libLLVM.so.20.1
7cd5c3e9e000-7cd5c3ee6000 rw-p 0889d000 103:02 13903204                  /usr/lib/x86_64-linux-gnu/libLLVM.so.20.1
7cd5c3ee6000-7cd5c3f8e000 rw-p 00000000 00:00 0 
7cd5c3f90000-7cd5c3f91000 r--p 00000000 103:02 13904978                  /usr/lib/x86_64-linux-gnu/libXcomposite.so.1.0.0
7cd5c3f91000-7cd5c3f92000 r-xp 00001000 103:02 13904978                  /usr/lib/x86_64-linux-gnu/libXcomposite.so.1.0.0
7cd5c3f92000-7cd5c3f93000 r--p 00002000 103:02 13904978                  /usr/lib/x86_64-linux-gnu/libXcomposite.so.1.0.0
7cd5c3f93000-7cd5c3f94000 r--p 00002000 103:02 13904978                  /usr/lib/x86_64-linux-gnu/libXcomposite.so.1.0.0
7cd5c3f94000-7cd5c3f95000 rw-p 00003000 103:02 13904978                  /usr/lib/x86_64-linux-gnu/libXcomposite.so.1.0.0
7cd5c3f95000-7cd5c3fa8000 r--p 00000000 103:02 13905533                  /usr/lib/x86_64-linux-gnu/libpango-1.0.so.0.5200.1
7cd5c3fa8000-7cd5c3fe1000 r-xp 00013000 103:02 13905533                  /usr/lib/x86_64-linux-gnu/libpango-1.0.so.0.5200.1
7cd5c3fe1000-7cd5c3ffb000 r--p 0004c000 103:02 13905533                  /usr/lib/x86_64-linux-gnu/libpango-1.0.so.0.5200.1
7cd5c3ffb000-7cd5c3fff000 r--p 00065000 103:02 13905533                  /usr/lib/x86_64-linux-gnu/libpango-1.0.so.0.5200.1
7cd5c3fff000-7cd5c4000000 rw-p 00069000 103:02 13905533                  /usr/lib/x86_64-linux-gnu/libpango-1.0.so.0.5200.1
7cd5c4000000-7cd5c45dc000 rw-p 00000000 00:00 0 
7cd5c45dc000-7cd5c8000000 ---p 00000000 00:00 0 
7cd5c8000000-7cd5c8003000 r--p 00000000 103:02 13923392                  /usr/share/fonts/truetype/noto/NotoSansRunic-Regular.ttf
7cd5c8003000-7cd5c8006000 r--p 00000000 103:02 13904986                  /usr/lib/x86_64-linux-gnu/libXi.so.6.1.0
7cd5c8006000-7cd5c8012000 r-xp 00003000 103:02 13904986                  /usr/lib/x86_64-linux-gnu/libXi.so.6.1.0
7cd5c8012000-7cd5c8014000 r--p 0000f000 103:02 13904986                  /usr/lib/x86_64-linux-gnu/libXi.so.6.1.0
7cd5c8014000-7cd5c8015000 r--p 00011000 103:02 13904986                  /usr/lib/x86_64-linux-gnu/libXi.so.6.1.0
7cd5c8015000-7cd5c8016000 rw-p 00012000 103:02 13904986                  /usr/lib/x86_64-linux-gnu/libXi.so.6.1.0
7cd5c8016000-7cd5c8040000 r--p 00000000 103:02 13905271                  /usr/lib/x86_64-linux-gnu/libgdk-3.so.0.2409.32
7cd5c8040000-7cd5c80c4000 r-xp 0002a000 103:02 13905271                  /usr/lib/x86_64-linux-gnu/libgdk-3.so.0.2409.32
7cd5c80c4000-7cd5c8106000 r--p 000ae000 103:02 13905271                  /usr/lib/x86_64-linux-gnu/libgdk-3.so.0.2409.32
7cd5c8106000-7cd5c810f000 r--p 000ef000 103:02 13905271                  /usr/lib/x86_64-linux-gnu/libgdk-3.so.0.2409.32
7cd5c810f000-7cd5c8111000 rw-p 000f8000 103:02 13905271                  /usr/lib/x86_64-linux-gnu/libgdk-3.so.0.2409.32
7cd5c8111000-7cd5c81fc000 rw-p 00000000 00:00 0 
7cd5c81fc000-7cd5c81fd000 ---p 00000000 00:00 0 
7cd5c81fd000-7cd5c89fd000 rw-p 00000000 00:00 0 
7cd5c89fd000-7cd5c89fe000 ---p 00000000 00:00 0 
7cd5c89fe000-7cd5c91fe000 rw-p 00000000 00:00 0 
7cd5c91fe000-7cd5c91ff000 ---p 00000000 00:00 0 
7cd5c91ff000-7cd5c99ff000 rw-p 00000000 00:00 0 
7cd5c99ff000-7cd5c9a00000 ---p 00000000 00:00 0 
7cd5c9a00000-7cd5ca200000 rw-p 00000000 00:00 0 
7cd5ca200000-7cd5ca201000 r--p 00000000 103:02 13905372                  /usr/lib/x86_64-linux-gnu/libicudata.so.74.2
7cd5ca201000-7cd5ca202000 r-xp 00001000 103:02 13905372                  /usr/lib/x86_64-linux-gnu/libicudata.so.74.2
7cd5ca202000-7cd5cbf5e000 r--p 00002000 103:02 13905372                  /usr/lib/x86_64-linux-gnu/libicudata.so.74.2
7cd5cbf5e000-7cd5cbf5f000 r--p 01d5d000 103:02 13905372                  /usr/lib/x86_64-linux-gnu/libicudata.so.74.2
7cd5cbf5f000-7cd5cbf60000 rw-p 01d5e000 103:02 13905372                  /usr/lib/x86_64-linux-gnu/libicudata.so.74.2
7cd5cbf60000-7cd5cbf63000 r--p 00000000 103:02 13923387                  /usr/share/fonts/truetype/noto/NotoSansPauCinHau-Regular.ttf
7cd5cbf63000-7cd5cbf6b000 r--p 00000000 103:02 13905273                  /usr/lib/x86_64-linux-gnu/libgdk_pixbuf-2.0.so.0.4200.10
7cd5cbf6b000-7cd5cbf86000 r-xp 00008000 103:02 13905273                  /usr/lib/x86_64-linux-gnu/libgdk_pixbuf-2.0.so.0.4200.10
7cd5cbf86000-7cd5cbf8f000 r--p 00023000 103:02 13905273                  /usr/lib/x86_64-linux-gnu/libgdk_pixbuf-2.0.so.0.4200.10
7cd5cbf8f000-7cd5cbf90000 r--p 0002c000 103:02 13905273                  /usr/lib/x86_64-linux-gnu/libgdk_pixbuf-2.0.so.0.4200.10
7cd5cbf90000-7cd5cbf91000 rw-p 0002d000 103:02 13905273                  /usr/lib/x86_64-linux-gnu/libgdk_pixbuf-2.0.so.0.4200.10
7cd5cbf91000-7cd5cbf95000 r--p 00000000 103:02 13905130                  /usr/lib/x86_64-linux-gnu/libcairo-gobject.so.2.11800.0
7cd5cbf95000-7cd5cbf97000 r-xp 00004000 103:02 13905130                  /usr/lib/x86_64-linux-gnu/libcairo-gobject.so.2.11800.0
7cd5cbf97000-7cd5cbf9a000 r--p 00006000 103:02 13905130                  /usr/lib/x86_64-linux-gnu/libcairo-gobject.so.2.11800.0
7cd5cbf9a000-7cd5cbf9c000 r--p 00008000 103:02 13905130                  /usr/lib/x86_64-linux-gnu/libcairo-gobject.so.2.11800.0
7cd5cbf9c000-7cd5cbf9d000 rw-p 0000a000 103:02 13905130                  /usr/lib/x86_64-linux-gnu/libcairo-gobject.so.2.11800.0
7cd5cbf9d000-7cd5cbfac000 r--p 00000000 103:02 13905302                  /usr/lib/x86_64-linux-gnu/libgobject-2.0.so.0.8000.0
7cd5cbfac000-7cd5cbfe3000 r-xp 0000f000 103:02 13905302                  /usr/lib/x86_64-linux-gnu/libgobject-2.0.so.0.8000.0
7cd5cbfe3000-7cd5cbffc000 r--p 00046000 103:02 13905302                  /usr/lib/x86_64-linux-gnu/libgobject-2.0.so.0.8000.0
7cd5cbffc000-7cd5cbfff000 r--p 0005e000 103:02 13905302                  /usr/lib/x86_64-linux-gnu/libgobject-2.0.so.0.8000.0
7cd5cbfff000-7cd5cc000000 rw-p 00061000 103:02 13905302                  /usr/lib/x86_64-linux-gnu/libgobject-2.0.so.0.8000.0
7cd5cc000000-7cd5cc021000 rw-p 00000000 00:00 0 
7cd5cc021000-7cd5d0000000 ---p 00000000 00:00 0 
7cd5d0000000-7cd5d0021000 rw-p 00000000 00:00 0 
7cd5d0021000-7cd5d4000000 ---p 00000000 00:00 0 
7cd5d4000000-7cd5d4021000 rw-p 00000000 00:00 0 
7cd5d4021000-7cd5d8000000 ---p 00000000 00:00 0 
7cd5d8000000-7cd5d8021000 rw-p 00000000 00:00 0 
7cd5d8021000-7cd5dc000000 ---p 00000000 00:00 0 
7cd5dc000000-7cd5ddc56000 rw-p 00000000 00:00 0 
7cd5ddc56000-7cd5e0000000 ---p 00000000 00:00 0 
7cd5e0000000-7cd5e082d000 rw-p 00000000 00:00 0 
7cd5e082d000-7cd5e4000000 ---p 00000000 00:00 0 
7cd5e4000000-7cd5e4021000 rw-p 00000000 00:00 0 
7cd5e4021000-7cd5e8000000 ---p 00000000 00:00 0 
7cd5e8000000-7cd5e8021000 rw-p 00000000 00:00 0 
7cd5e8021000-7cd5ec000000 ---p 00000000 00:00 0 
7cd5ec000000-7cd5ec021000 rw-p 00000000 00:00 0 
7cd5ec021000-7cd5f0000000 ---p 00000000 00:00 0 
7cd5f0000000-7cd5f0021000 rw-p 00000000 00:00 0 
7cd5f0021000-7cd5f4000000 ---p 00000000 00:00 0 
7cd5f4000000-7cd5f4021000 rw-p 00000000 00:00 0 
7cd5f4021000-7cd5f8000000 ---p 00000000 00:00 0 
7cd5f8000000-7cd5f8200000 rw-s 1379b8000 00:06 903                       /dev/dri/renderD128
7cd5f8200000-7cd5f8268000 r--p 00000000 103:02 13905377                  /usr/lib/x86_64-linux-gnu/libicuuc.so.74.2
7cd5f8268000-7cd5f836d000 r-xp 00068000 103:02 13905377                  /usr/lib/x86_64-linux-gnu/libicuuc.so.74.2
7cd5f836d000-7cd5f83f7000 r--p 0016d000 103:02 13905377                  /usr/lib/x86_64-linux-gnu/libicuuc.so.74.2
7cd5f83f7000-7cd5f840a000 r--p 001f7000 103:02 13905377                  /usr/lib/x86_64-linux-gnu/libicuuc.so.74.2
7cd5f840a000-7cd5f840b000 rw-p 0020a000 103:02 13905377                  /usr/lib/x86_64-linux-gnu/libicuuc.so.74.2
7cd5f840b000-7cd5f840d000 rw-p 00000000 00:00 0 
7cd5f840e000-7cd5f84bf000 rw-p 00000000 00:00 0 
7cd5f84bf000-7cd5f8600000 rw-s 00000000 103:02 19136608                  /home/olimjon/.cache/mesa_shader_cache_db/index
7cd5f8600000-7cd5f86ca000 r--p 00000000 103:02 13903513                  /usr/lib/x86_64-linux-gnu/libgallium-25.0.7-0ubuntu0.24.04.2.so
7cd5f86ca000-7cd5f9dfc000 r-xp 000ca000 103:02 13903513                  /usr/lib/x86_64-linux-gnu/libgallium-25.0.7-0ubuntu0.24.04.2.so
7cd5f9dfc000-7cd5facac000 r--p 017fc000 103:02 13903513                  /usr/lib/x86_64-linux-gnu/libgallium-25.0.7-0ubuntu0.24.04.2.so
7cd5facac000-7cd5fadb5000 r--p 026ab000 103:02 13903513                  /usr/lib/x86_64-linux-gnu/libgallium-25.0.7-0ubuntu0.24.04.2.so
7cd5fadb5000-7cd5fadce000 rw-p 027b4000 103:02 13903513                  /usr/lib/x86_64-linux-gnu/libgallium-25.0.7-0ubuntu0.24.04.2.so
7cd5fadce000-7cd5faf90000 rw-p 00000000 00:00 0 
7cd5faf90000-7cd5faf91000 r--p 00000000 103:02 13904980                  /usr/lib/x86_64-linux-gnu/libXdamage.so.1.1.0
7cd5faf91000-7cd5faf92000 r-xp 00001000 103:02 13904980                  /usr/lib/x86_64-linux-gnu/libXdamage.so.1.1.0
7cd5faf92000-7cd5faf93000 r--p 00002000 103:02 13904980                  /usr/lib/x86_64-linux-gnu/libXdamage.so.1.1.0
7cd5faf93000-7cd5faf94000 r--p 00002000 103:02 13904980                  /usr/lib/x86_64-linux-gnu/libXdamage.so.1.1.0
7cd5faf94000-7cd5faf95000 rw-p 00003000 103:02 13904980                  /usr/lib/x86_64-linux-gnu/libXdamage.so.1.1.0
7cd5faf95000-7cd5faf97000 r--p 00000000 103:02 13905251                  /usr/lib/x86_64-linux-gnu/libfribidi.so.0.4.0
7cd5faf97000-7cd5faf9b000 r-xp 00002000 103:02 13905251                  /usr/lib/x86_64-linux-gnu/libfribidi.so.0.4.0
7cd5faf9b000-7cd5fafb1000 r--p 00006000 103:02 13905251                  /usr/lib/x86_64-linux-gnu/libfribidi.so.0.4.0
7cd5fafb1000-7cd5fafb2000 r--p 0001c000 103:02 13905251                  /usr/lib/x86_64-linux-gnu/libfribidi.so.0.4.0
7cd5fafb2000-7cd5fafb3000 rw-p 0001d000 103:02 13905251                  /usr/lib/x86_64-linux-gnu/libfribidi.so.0.4.0
7cd5fafb3000-7cd5fafbb000 r--p 00000000 103:02 13905535                  /usr/lib/x86_64-linux-gnu/libpangoft2-1.0.so.0.5200.1
7cd5fafbb000-7cd5fafc8000 r-xp 00008000 103:02 13905535                  /usr/lib/x86_64-linux-gnu/libpangoft2-1.0.so.0.5200.1
7cd5fafc8000-7cd5fafcc000 r--p 00015000 103:02 13905535                  /usr/lib/x86_64-linux-gnu/libpangoft2-1.0.so.0.5200.1
7cd5fafcc000-7cd5fafcd000 r--p 00019000 103:02 13905535                  /usr/lib/x86_64-linux-gnu/libpangoft2-1.0.so.0.5200.1
7cd5fafcd000-7cd5fafce000 rw-p 0001a000 103:02 13905535                  /usr/lib/x86_64-linux-gnu/libpangoft2-1.0.so.0.5200.1
7cd5fafce000-7cd5fafd3000 r--p 00000000 103:02 13905534                  /usr/lib/x86_64-linux-gnu/libpangocairo-1.0.so.0.5200.1
7cd5fafd3000-7cd5fafdb000 r-xp 00005000 103:02 13905534                  /usr/lib/x86_64-linux-gnu/libpangocairo-1.0.so.0.5200.1
7cd5fafdb000-7cd5fafdd000 r--p 0000d000 103:02 13905534                  /usr/lib/x86_64-linux-gnu/libpangocairo-1.0.so.0.5200.1
7cd5fafdd000-7cd5fafde000 r--p 0000f000 103:02 13905534                  /usr/lib/x86_64-linux-gnu/libpangocairo-1.0.so.0.5200.1
7cd5fafde000-7cd5fafdf000 rw-p 00010000 103:02 13905534                  /usr/lib/x86_64-linux-gnu/libpangocairo-1.0.so.0.5200.1
7cd5fafe0000-7cd5fafe2000 r--p 00000000 103:02 13905135                  /usr/lib/x86_64-linux-gnu/libcanberra-gtk3.so.0.1.9
7cd5fafe2000-7cd5fafe4000 r-xp 00002000 103:02 13905135                  /usr/lib/x86_64-linux-gnu/libcanberra-gtk3.so.0.1.9
7cd5fafe4000-7cd5fafe5000 r--p 00004000 103:02 13905135                  /usr/lib/x86_64-linux-gnu/libcanberra-gtk3.so.0.1.9
7cd5fafe5000-7cd5fafe6000 r--p 00004000 103:02 13905135                  /usr/lib/x86_64-linux-gnu/libcanberra-gtk3.so.0.1.9
7cd5fafe6000-7cd5fafe7000 rw-p 00005000 103:02 13905135                  /usr/lib/x86_64-linux-gnu/libcanberra-gtk3.so.0.1.9
7cd5fafe7000-7cd5fafe9000 r--p 00000000 103:02 13907116                  /usr/lib/x86_64-linux-gnu/gtk-3.0/modules/libcanberra-gtk3-module.so
7cd5fafe9000-7cd5fafec000 r-xp 00002000 103:02 13907116                  /usr/lib/x86_64-linux-gnu/gtk-3.0/modules/libcanberra-gtk3-module.so
7cd5fafec000-7cd5fafed000 r--p 00005000 103:02 13907116                  /usr/lib/x86_64-linux-gnu/gtk-3.0/modules/libcanberra-gtk3-module.so
7cd5fafed000-7cd5fafee000 r--p 00005000 103:02 13907116                  /usr/lib/x86_64-linux-gnu/gtk-3.0/modules/libcanberra-gtk3-module.so
7cd5fafee000-7cd5fafef000 rw-p 00006000 103:02 13907116                  /usr/lib/x86_64-linux-gnu/gtk-3.0/modules/libcanberra-gtk3-module.so
7cd5fafef000-7cd5faffe000 r-xp 00000000 103:02 19402244                  /home/olimjon/Downloads/openjfx-17.0.17_linux-x64_bin-sdk/javafx-sdk-17.0.17/lib/libprism_sw.so
7cd5faffe000-7cd5fafff000 r--p 0000e000 103:02 19402244                  /home/olimjon/Downloads/openjfx-17.0.17_linux-x64_bin-sdk/javafx-sdk-17.0.17/lib/libprism_sw.so
7cd5fafff000-7cd5fb000000 rw-p 0000f000 103:02 19402244                  /home/olimjon/Downloads/openjfx-17.0.17_linux-x64_bin-sdk/javafx-sdk-17.0.17/lib/libprism_sw.so
7cd5fb000000-7cd5fb400000 rw-p 00000000 00:00 0 
7cd5fb400000-7cd5fbbc0000 rw-p 00000000 00:00 0 
7cd5fbbc0000-7cd5fbc00000 rw-p 00000000 00:00 0 
7cd5fbc00000-7cd5fbcc0000 rw-p 00000000 00:00 0 
7cd5fbcc0000-7cd5fbd00000 rw-p 00000000 00:00 0 
7cd5fbd00000-7cd5fbf00000 rw-p 00000000 00:00 0 
7cd5fbf00000-7cd5fc000000 rw-p 00000000 00:00 0 
7cd5fc000000-7cd5fc700000 rw-p 00000000 00:00 0 
7cd5fc700000-7cd5fc800000 rw-p 00000000 00:00 0 
7cd5fc800000-7cd5fcf00000 rw-p 00000000 00:00 0 
7cd5fcf00000-7cd5fd000000 rw-p 00000000 00:00 0 
7cd5fd000000-7cd5fd700000 rw-p 00000000 00:00 0 
7cd5fd700000-7cd5fd900000 rw-p 00000000 00:00 0 
7cd5fd900000-7cd5fda00000 rw-p 00000000 00:00 0 
7cd5fda00000-7cd5feb00000 rw-p 00000000 00:00 0 
7cd5feb00000-7cd5fec00000 rw-p 00000000 00:00 0 
7cd5fec00000-7cd5ff000000 rw-p 00000000 00:00 0 
7cd5ff000000-7cd5ffbca000 rw-p 00001000 103:02 14432683                  /usr/lib/jvm/java-17-openjdk-amd64/lib/server/classes.jsa
7cd5ffbca000-7cd600000000 ---p 00000000 00:00 0 
7cd600000000-7cd600040000 rw-p 00000000 00:00 0 
7cd600040000-7cd600080000 rw-p 00000000 00:00 0 
7cd600080000-7cd6000e0000 rw-p 00000000 00:00 0 
7cd6000e0000-7cd600100000 rw-p 00000000 00:00 0 
7cd600100000-7cd6001e0000 rw-p 00000000 00:00 0 
7cd6001e0000-7cd600240000 rw-p 00000000 00:00 0 
7cd600240000-7cd6004c0000 rw-p 00000000 00:00 0 
7cd6004c0000-7cd600500000 rw-p 00000000 00:00 0 
7cd600500000-7cd600640000 rw-p 00000000 00:00 0 
7cd600640000-7cd600ac0000 rw-p 00000000 00:00 0 
7cd600ac0000-7cd600b00000 rw-p 00000000 00:00 0 
7cd600b00000-7cd600dc0000 rw-p 00000000 00:00 0 
7cd600dc0000-7cd600df0000 rw-p 00000000 00:00 0 
7cd600df0000-7cd600e00000 ---p 00000000 00:00 0 
7cd600e00000-7cd600f70000 rw-p 00000000 00:00 0 
7cd600f70000-7cd640000000 ---p 00000000 00:00 0 
7cd640000000-7cd640021000 rw-p 00000000 00:00 0 
7cd640021000-7cd644000000 ---p 00000000 00:00 0 
7cd644000000-7cd64405d000 rw-p 00000000 00:00 0 
7cd64405d000-7cd648000000 ---p 00000000 00:00 0 
7cd648000000-7cd648021000 rw-p 00000000 00:00 0 
7cd648021000-7cd64c000000 ---p 00000000 00:00 0 
7cd64c002000-7cd64c003000 r--p 00000000 103:02 13905731                  /usr/lib/x86_64-linux-gnu/libwayland-egl.so.1.22.0
7cd64c003000-7cd64c004000 r-xp 00001000 103:02 13905731                  /usr/lib/x86_64-linux-gnu/libwayland-egl.so.1.22.0
7cd64c004000-7cd64c005000 r--p 00002000 103:02 13905731                  /usr/lib/x86_64-linux-gnu/libwayland-egl.so.1.22.0
7cd64c005000-7cd64c006000 r--p 00002000 103:02 13905731                  /usr/lib/x86_64-linux-gnu/libwayland-egl.so.1.22.0
7cd64c006000-7cd64c007000 rw-p 00003000 103:02 13905731                  /usr/lib/x86_64-linux-gnu/libwayland-egl.so.1.22.0
7cd64c007000-7cd64c009000 r--p 00000000 103:02 13905287                  /usr/lib/x86_64-linux-gnu/libgmodule-2.0.so.0.8000.0
7cd64c009000-7cd64c00b000 r-xp 00002000 103:02 13905287                  /usr/lib/x86_64-linux-gnu/libgmodule-2.0.so.0.8000.0
7cd64c00b000-7cd64c00c000 r--p 00004000 103:02 13905287                  /usr/lib/x86_64-linux-gnu/libgmodule-2.0.so.0.8000.0
7cd64c00c000-7cd64c00d000 r--p 00004000 103:02 13905287                  /usr/lib/x86_64-linux-gnu/libgmodule-2.0.so.0.8000.0
7cd64c00d000-7cd64c00e000 rw-p 00005000 103:02 13905287                  /usr/lib/x86_64-linux-gnu/libgmodule-2.0.so.0.8000.0
7cd64c00e000-7cd64c0bf000 rw-p 00000000 00:00 0 
7cd64c0bf000-7cd64c0c2000 r--p 00000000 103:02 13905429                  /usr/lib/x86_64-linux-gnu/liblzma.so.5.4.5
7cd64c0c2000-7cd64c0e4000 r-xp 00003000 103:02 13905429                  /usr/lib/x86_64-linux-gnu/liblzma.so.5.4.5
7cd64c0e4000-7cd64c0ef000 r--p 00025000 103:02 13905429                  /usr/lib/x86_64-linux-gnu/liblzma.so.5.4.5
7cd64c0ef000-7cd64c0f0000 r--p 00030000 103:02 13905429                  /usr/lib/x86_64-linux-gnu/liblzma.so.5.4.5
7cd64c0f0000-7cd64c0f1000 rw-p 00031000 103:02 13905429                  /usr/lib/x86_64-linux-gnu/liblzma.so.5.4.5
7cd64c0f1000-7cd64c0ff000 r--p 00000000 103:02 13905674                  /usr/lib/x86_64-linux-gnu/libtinfo.so.6.4
7cd64c0ff000-7cd64c112000 r-xp 0000e000 103:02 13905674                  /usr/lib/x86_64-linux-gnu/libtinfo.so.6.4
7cd64c112000-7cd64c120000 r--p 00021000 103:02 13905674                  /usr/lib/x86_64-linux-gnu/libtinfo.so.6.4
7cd64c120000-7cd64c124000 r--p 0002e000 103:02 13905674                  /usr/lib/x86_64-linux-gnu/libtinfo.so.6.4
7cd64c124000-7cd64c125000 rw-p 00032000 103:02 13905674                  /usr/lib/x86_64-linux-gnu/libtinfo.so.6.4
7cd64c125000-7cd64c127000 r--p 00000000 103:02 13905544                  /usr/lib/x86_64-linux-gnu/libpciaccess.so.0.11.1
7cd64c127000-7cd64c12c000 r-xp 00002000 103:02 13905544                  /usr/lib/x86_64-linux-gnu/libpciaccess.so.0.11.1
7cd64c12c000-7cd64c12e000 r--p 00007000 103:02 13905544                  /usr/lib/x86_64-linux-gnu/libpciaccess.so.0.11.1
7cd64c12e000-7cd64c12f000 r--p 00008000 103:02 13905544                  /usr/lib/x86_64-linux-gnu/libpciaccess.so.0.11.1
7cd64c12f000-7cd64c130000 rw-p 00009000 103:02 13905544                  /usr/lib/x86_64-linux-gnu/libpciaccess.so.0.11.1
7cd64c130000-7cd64c15f000 r--p 00000000 103:02 13910290                  /usr/lib/x86_64-linux-gnu/libxml2.so.2.9.14
7cd64c15f000-7cd64c2c5000 r-xp 0002f000 103:02 13910290                  /usr/lib/x86_64-linux-gnu/libxml2.so.2.9.14
7cd64c2c5000-7cd64c307000 r--p 00195000 103:02 13910290                  /usr/lib/x86_64-linux-gnu/libxml2.so.2.9.14
7cd64c307000-7cd64c310000 r--p 001d6000 103:02 13910290                  /usr/lib/x86_64-linux-gnu/libxml2.so.2.9.14
7cd64c310000-7cd64c311000 rw-p 001df000 103:02 13910290                  /usr/lib/x86_64-linux-gnu/libxml2.so.2.9.14
7cd64c311000-7cd64c312000 rw-p 00000000 00:00 0 
7cd64c312000-7cd64c31a000 r--p 00000000 103:02 13905207                  /usr/lib/x86_64-linux-gnu/libedit.so.2.0.72
7cd64c31a000-7cd64c339000 r-xp 00008000 103:02 13905207                  /usr/lib/x86_64-linux-gnu/libedit.so.2.0.72
7cd64c339000-7cd64c345000 r--p 00027000 103:02 13905207                  /usr/lib/x86_64-linux-gnu/libedit.so.2.0.72
7cd64c345000-7cd64c347000 r--p 00033000 103:02 13905207                  /usr/lib/x86_64-linux-gnu/libedit.so.2.0.72
7cd64c347000-7cd64c348000 rw-p 00035000 103:02 13905207                  /usr/lib/x86_64-linux-gnu/libedit.so.2.0.72
7cd64c348000-7cd64c34c000 rw-p 00000000 00:00 0 
7cd64c34c000-7cd64c34e000 r--p 00000000 103:02 13905231                  /usr/lib/x86_64-linux-gnu/libffi.so.8.1.4
7cd64c34e000-7cd64c355000 r-xp 00002000 103:02 13905231                  /usr/lib/x86_64-linux-gnu/libffi.so.8.1.4
7cd64c355000-7cd64c356000 r--p 00009000 103:02 13905231                  /usr/lib/x86_64-linux-gnu/libffi.so.8.1.4
7cd64c356000-7cd64c357000 r--p 0000a000 103:02 13905231                  /usr/lib/x86_64-linux-gnu/libffi.so.8.1.4
7cd64c357000-7cd64c358000 rw-p 0000b000 103:02 13905231                  /usr/lib/x86_64-linux-gnu/libffi.so.8.1.4
7cd64c358000-7cd64c35b000 r--p 00000000 103:02 13905190                  /usr/lib/x86_64-linux-gnu/libdrm_intel.so.1.0.0
7cd64c35b000-7cd64c371000 r-xp 00003000 103:02 13905190                  /usr/lib/x86_64-linux-gnu/libdrm_intel.so.1.0.0
7cd64c371000-7cd64c37a000 r--p 00019000 103:02 13905190                  /usr/lib/x86_64-linux-gnu/libdrm_intel.so.1.0.0
7cd64c37a000-7cd64c37b000 r--p 00021000 103:02 13905190                  /usr/lib/x86_64-linux-gnu/libdrm_intel.so.1.0.0
7cd64c37b000-7cd64c37c000 rw-p 00022000 103:02 13905190                  /usr/lib/x86_64-linux-gnu/libdrm_intel.so.1.0.0
7cd64c37c000-7cd64c37f000 r--p 00000000 103:02 13905189                  /usr/lib/x86_64-linux-gnu/libdrm_amdgpu.so.1.0.0
7cd64c37f000-7cd64c385000 r-xp 00003000 103:02 13905189                  /usr/lib/x86_64-linux-gnu/libdrm_amdgpu.so.1.0.0
7cd64c385000-7cd64c387000 r--p 00009000 103:02 13905189                  /usr/lib/x86_64-linux-gnu/libdrm_amdgpu.so.1.0.0
7cd64c387000-7cd64c388000 r--p 0000a000 103:02 13905189                  /usr/lib/x86_64-linux-gnu/libdrm_amdgpu.so.1.0.0
7cd64c388000-7cd64c389000 rw-p 0000b000 103:02 13905189                  /usr/lib/x86_64-linux-gnu/libdrm_amdgpu.so.1.0.0
7cd64c389000-7cd64c38c000 r--p 00000000 103:02 13905214                  /usr/lib/x86_64-linux-gnu/libelf-0.190.so
7cd64c38c000-7cd64c3a2000 r-xp 00003000 103:02 13905214                  /usr/lib/x86_64-linux-gnu/libelf-0.190.so
7cd64c3a2000-7cd64c3a6000 r--p 00019000 103:02 13905214                  /usr/lib/x86_64-linux-gnu/libelf-0.190.so
7cd64c3a6000-7cd64c3a7000 r--p 0001c000 103:02 13905214                  /usr/lib/x86_64-linux-gnu/libelf-0.190.so
7cd64c3a7000-7cd64c3a8000 rw-p 0001d000 103:02 13905214                  /usr/lib/x86_64-linux-gnu/libelf-0.190.so
7cd64c3a8000-7cd64c3a9000 r--p 00000000 103:02 13905780                  /usr/lib/x86_64-linux-gnu/libxshmfence.so.1.0.0
7cd64c3a9000-7cd64c3aa000 r-xp 00001000 103:02 13905780                  /usr/lib/x86_64-linux-gnu/libxshmfence.so.1.0.0
7cd64c3aa000-7cd64c3ab000 r--p 00002000 103:02 13905780                  /usr/lib/x86_64-linux-gnu/libxshmfence.so.1.0.0
7cd64c3ab000-7cd64c3ac000 r--p 00002000 103:02 13905780                  /usr/lib/x86_64-linux-gnu/libxshmfence.so.1.0.0
7cd64c3ac000-7cd64c3ad000 rw-p 00003000 103:02 13905780                  /usr/lib/x86_64-linux-gnu/libxshmfence.so.1.0.0
7cd64c3ad000-7cd64c3b0000 r--p 00000000 103:02 13905766                  /usr/lib/x86_64-linux-gnu/libxcb-sync.so.1.0.0
7cd64c3b0000-7cd64c3b3000 r-xp 00003000 103:02 13905766                  /usr/lib/x86_64-linux-gnu/libxcb-sync.so.1.0.0
7cd64c3b3000-7cd64c3b4000 r--p 00006000 103:02 13905766                  /usr/lib/x86_64-linux-gnu/libxcb-sync.so.1.0.0
7cd64c3b4000-7cd64c3b5000 r--p 00007000 103:02 13905766                  /usr/lib/x86_64-linux-gnu/libxcb-sync.so.1.0.0
7cd64c3b5000-7cd64c3b6000 rw-p 00008000 103:02 13905766                  /usr/lib/x86_64-linux-gnu/libxcb-sync.so.1.0.0
7cd64c3b6000-7cd64c3bd000 r--p 00000000 103:02 13905760                  /usr/lib/x86_64-linux-gnu/libxcb-randr.so.0.1.0
7cd64c3bd000-7cd64c3c2000 r-xp 00007000 103:02 13905760                  /usr/lib/x86_64-linux-gnu/libxcb-randr.so.0.1.0
7cd64c3c2000-7cd64c3c5000 r--p 0000c000 103:02 13905760                  /usr/lib/x86_64-linux-gnu/libxcb-randr.so.0.1.0
7cd64c3c5000-7cd64c3c6000 r--p 0000f000 103:02 13905760                  /usr/lib/x86_64-linux-gnu/libxcb-randr.so.0.1.0
7cd64c3c6000-7cd64c3c7000 rw-p 00010000 103:02 13905760                  /usr/lib/x86_64-linux-gnu/libxcb-randr.so.0.1.0
7cd64c3c7000-7cd64c3c9000 r--p 00000000 103:02 13905620                  /usr/lib/x86_64-linux-gnu/libsensors.so.5.0.0
7cd64c3c9000-7cd64c3d0000 r-xp 00002000 103:02 13905620                  /usr/lib/x86_64-linux-gnu/libsensors.so.5.0.0
7cd64c3d0000-7cd64c3d4000 r--p 00009000 103:02 13905620                  /usr/lib/x86_64-linux-gnu/libsensors.so.5.0.0
7cd64c3d4000-7cd64c3d5000 r--p 0000d000 103:02 13905620                  /usr/lib/x86_64-linux-gnu/libsensors.so.5.0.0
7cd64c3d5000-7cd64c3d6000 rw-p 0000e000 103:02 13905620                  /usr/lib/x86_64-linux-gnu/libsensors.so.5.0.0
7cd64c3d6000-7cd64c3da000 r--p 00000000 103:02 13905787                  /usr/lib/x86_64-linux-gnu/libzstd.so.1.5.5
7cd64c3da000-7cd64c481000 r-xp 00004000 103:02 13905787                  /usr/lib/x86_64-linux-gnu/libzstd.so.1.5.5
7cd64c481000-7cd64c48e000 r--p 000ab000 103:02 13905787                  /usr/lib/x86_64-linux-gnu/libzstd.so.1.5.5
7cd64c48e000-7cd64c48f000 r--p 000b7000 103:02 13905787                  /usr/lib/x86_64-linux-gnu/libzstd.so.1.5.5
7cd64c48f000-7cd64c490000 rw-p 000b8000 103:02 13905787                  /usr/lib/x86_64-linux-gnu/libzstd.so.1.5.5
7cd64c490000-7cd64c493000 r--p 00000000 103:02 13905768                  /usr/lib/x86_64-linux-gnu/libxcb-xfixes.so.0.0.0
7cd64c493000-7cd64c496000 r-xp 00003000 103:02 13905768                  /usr/lib/x86_64-linux-gnu/libxcb-xfixes.so.0.0.0
7cd64c496000-7cd64c498000 r--p 00006000 103:02 13905768                  /usr/lib/x86_64-linux-gnu/libxcb-xfixes.so.0.0.0
7cd64c498000-7cd64c499000 r--p 00007000 103:02 13905768                  /usr/lib/x86_64-linux-gnu/libxcb-xfixes.so.0.0.0
7cd64c499000-7cd64c49a000 rw-p 00008000 103:02 13905768                  /usr/lib/x86_64-linux-gnu/libxcb-xfixes.so.0.0.0
7cd64c49a000-7cd64c49b000 r--p 00000000 103:02 13905759                  /usr/lib/x86_64-linux-gnu/libxcb-present.so.0.0.0
7cd64c49b000-7cd64c49c000 r-xp 00001000 103:02 13905759                  /usr/lib/x86_64-linux-gnu/libxcb-present.so.0.0.0
7cd64c49c000-7cd64c49d000 r--p 00002000 103:02 13905759                  /usr/lib/x86_64-linux-gnu/libxcb-present.so.0.0.0
7cd64c49d000-7cd64c49e000 r--p 00002000 103:02 13905759                  /usr/lib/x86_64-linux-gnu/libxcb-present.so.0.0.0
7cd64c49e000-7cd64c49f000 rw-p 00003000 103:02 13905759                  /usr/lib/x86_64-linux-gnu/libxcb-present.so.0.0.0
7cd64c49f000-7cd64c4a1000 r--p 00000000 103:02 13905754                  /usr/lib/x86_64-linux-gnu/libxcb-dri3.so.0.1.0
7cd64c4a1000-7cd64c4a3000 r-xp 00002000 103:02 13905754                  /usr/lib/x86_64-linux-gnu/libxcb-dri3.so.0.1.0
7cd64c4a3000-7cd64c4a4000 r--p 00004000 103:02 13905754                  /usr/lib/x86_64-linux-gnu/libxcb-dri3.so.0.1.0
7cd64c4a4000-7cd64c4a5000 r--p 00004000 103:02 13905754                  /usr/lib/x86_64-linux-gnu/libxcb-dri3.so.0.1.0
7cd64c4a5000-7cd64c4a6000 rw-p 00005000 103:02 13905754                  /usr/lib/x86_64-linux-gnu/libxcb-dri3.so.0.1.0
7cd64c4a6000-7cd64c4aa000 r--p 00000000 103:02 13905225                  /usr/lib/x86_64-linux-gnu/libexpat.so.1.9.1
7cd64c4aa000-7cd64c4c7000 r-xp 00004000 103:02 13905225                  /usr/lib/x86_64-linux-gnu/libexpat.so.1.9.1
7cd64c4c7000-7cd64c4cf000 r--p 00021000 103:02 13905225                  /usr/lib/x86_64-linux-gnu/libexpat.so.1.9.1
7cd64c4cf000-7cd64c4d1000 r--p 00028000 103:02 13905225                  /usr/lib/x86_64-linux-gnu/libexpat.so.1.9.1
7cd64c4d1000-7cd64c4d2000 rw-p 0002a000 103:02 13905225                  /usr/lib/x86_64-linux-gnu/libexpat.so.1.9.1
7cd64c4d2000-7cd64c4d3000 r--p 00000000 103:02 13905765                  /usr/lib/x86_64-linux-gnu/libxcb-shm.so.0.0.0
7cd64c4d3000-7cd64c4d4000 r-xp 00001000 103:02 13905765                  /usr/lib/x86_64-linux-gnu/libxcb-shm.so.0.0.0
7cd64c4d4000-7cd64c4d5000 r--p 00002000 103:02 13905765                  /usr/lib/x86_64-linux-gnu/libxcb-shm.so.0.0.0
7cd64c4d5000-7cd64c4d6000 r--p 00002000 103:02 13905765                  /usr/lib/x86_64-linux-gnu/libxcb-shm.so.0.0.0
7cd64c4d6000-7cd64c4d7000 rw-p 00003000 103:02 13905765                  /usr/lib/x86_64-linux-gnu/libxcb-shm.so.0.0.0
7cd64c4d7000-7cd64c4e2000 r--p 00000000 103:02 13905755                  /usr/lib/x86_64-linux-gnu/libxcb-glx.so.0.0.0
7cd64c4e2000-7cd64c4eb000 r-xp 0000b000 103:02 13905755                  /usr/lib/x86_64-linux-gnu/libxcb-glx.so.0.0.0
7cd64c4eb000-7cd64c4f0000 r--p 00014000 103:02 13905755                  /usr/lib/x86_64-linux-gnu/libxcb-glx.so.0.0.0
7cd64c4f0000-7cd64c4f2000 r--p 00019000 103:02 13905755                  /usr/lib/x86_64-linux-gnu/libxcb-glx.so.0.0.0
7cd64c4f2000-7cd64c4f3000 rw-p 0001b000 103:02 13905755                  /usr/lib/x86_64-linux-gnu/libxcb-glx.so.0.0.0
7cd64c4f3000-7cd64c4f8000 r--p 00000000 103:02 13905188                  /usr/lib/x86_64-linux-gnu/libdrm.so.2.4.0
7cd64c4f8000-7cd64c504000 r-xp 00005000 103:02 13905188                  /usr/lib/x86_64-linux-gnu/libdrm.so.2.4.0
7cd64c504000-7cd64c508000 r--p 00011000 103:02 13905188                  /usr/lib/x86_64-linux-gnu/libdrm.so.2.4.0
7cd64c508000-7cd64c509000 r--p 00014000 103:02 13905188                  /usr/lib/x86_64-linux-gnu/libdrm.so.2.4.0
7cd64c509000-7cd64c50a000 rw-p 00015000 103:02 13905188                  /usr/lib/x86_64-linux-gnu/libdrm.so.2.4.0
7cd64c50a000-7cd64c523000 r--p 00000000 103:02 13904893                  /usr/lib/x86_64-linux-gnu/libGLX_mesa.so.0.0.0
7cd64c523000-7cd64c55c000 r-xp 00019000 103:02 13904893                  /usr/lib/x86_64-linux-gnu/libGLX_mesa.so.0.0.0
7cd64c55c000-7cd64c56e000 r--p 00052000 103:02 13904893                  /usr/lib/x86_64-linux-gnu/libGLX_mesa.so.0.0.0
7cd64c56e000-7cd64c572000 r--p 00063000 103:02 13904893                  /usr/lib/x86_64-linux-gnu/libGLX_mesa.so.0.0.0
7cd64c572000-7cd64c573000 rw-p 00067000 103:02 13904893                  /usr/lib/x86_64-linux-gnu/libGLX_mesa.so.0.0.0
7cd64c573000-7cd64c574000 rw-p 00000000 00:00 0 
7cd64c574000-7cd64c576000 r--p 00000000 103:02 13905443                  /usr/lib/x86_64-linux-gnu/libmd.so.0.1.0
7cd64c576000-7cd64c57f000 r-xp 00002000 103:02 13905443                  /usr/lib/x86_64-linux-gnu/libmd.so.0.1.0
7cd64c57f000-7cd64c581000 r--p 0000b000 103:02 13905443                  /usr/lib/x86_64-linux-gnu/libmd.so.0.1.0
7cd64c581000-7cd64c582000 r--p 0000c000 103:02 13905443                  /usr/lib/x86_64-linux-gnu/libmd.so.0.1.0
7cd64c582000-7cd64c583000 rw-p 0000d000 103:02 13905443                  /usr/lib/x86_64-linux-gnu/libmd.so.0.1.0
7cd64c583000-7cd64c5c4000 r--p 00000000 103:02 13904962                  /usr/lib/x86_64-linux-gnu/libGLdispatch.so.0.0.0
7cd64c5c4000-7cd64c603000 r-xp 00041000 103:02 13904962                  /usr/lib/x86_64-linux-gnu/libGLdispatch.so.0.0.0
7cd64c603000-7cd64c616000 r--p 00080000 103:02 13904962                  /usr/lib/x86_64-linux-gnu/libGLdispatch.so.0.0.0
7cd64c616000-7cd64c632000 r--p 00093000 103:02 13904962                  /usr/lib/x86_64-linux-gnu/libGLdispatch.so.0.0.0
7cd64c632000-7cd64c633000 rw-p 000af000 103:02 13904962                  /usr/lib/x86_64-linux-gnu/libGLdispatch.so.0.0.0
7cd64c633000-7cd64c63b000 rw-p 00000000 00:00 0 
7cd64c63b000-7cd64c67e000 r--p 00000000 103:02 13904957                  /usr/lib/x86_64-linux-gnu/libGL.so.1.7.0
7cd64c67e000-7cd64c69e000 r-xp 00043000 103:02 13904957                  /usr/lib/x86_64-linux-gnu/libGL.so.1.7.0
7cd64c69e000-7cd64c6b2000 r--p 00063000 103:02 13904957                  /usr/lib/x86_64-linux-gnu/libGL.so.1.7.0
7cd64c6b2000-7cd64c6c0000 r--p 00077000 103:02 13904957                  /usr/lib/x86_64-linux-gnu/libGL.so.1.7.0
7cd64c6c0000-7cd64c6c1000 rw-p 00085000 103:02 13904957                  /usr/lib/x86_64-linux-gnu/libGL.so.1.7.0
7cd64c6c1000-7cd64c6c2000 rw-p 00000000 00:00 0 
7cd64c6c2000-7cd64c6db000 r--p 00000000 103:02 13904974                  /usr/lib/x86_64-linux-gnu/libX11.so.6.4.0
7cd64c6db000-7cd64c76b000 r-xp 00019000 103:02 13904974                  /usr/lib/x86_64-linux-gnu/libX11.so.6.4.0
7cd64c76b000-7cd64c7fa000 r--p 000a9000 103:02 13904974                  /usr/lib/x86_64-linux-gnu/libX11.so.6.4.0
7cd64c7fa000-7cd64c7fb000 r--p 00138000 103:02 13904974                  /usr/lib/x86_64-linux-gnu/libX11.so.6.4.0
7cd64c7fb000-7cd64c7ff000 rw-p 00139000 103:02 13904974                  /usr/lib/x86_64-linux-gnu/libX11.so.6.4.0
7cd64c7ff000-7cd64c803000 ---p 00000000 00:00 0 
7cd64c803000-7cd64c8ff000 rw-p 00000000 00:00 0 
7cd64c8ff000-7cd64c900000 ---p 00000000 00:00 0 
7cd64c900000-7cd64ca00000 rw-p 00000000 00:00 0 
7cd64ca00000-7cd64ca04000 ---p 00000000 00:00 0 
7cd64ca04000-7cd64cb00000 rw-p 00000000 00:00 0 
7cd64cb00000-7cd64cb04000 ---p 00000000 00:00 0 
7cd64cb04000-7cd64cc00000 rw-p 00000000 00:00 0 
7cd64cc00000-7cd64cc04000 ---p 00000000 00:00 0 
7cd64cc04000-7cd64cd00000 rw-p 00000000 00:00 0 
7cd64cd00000-7cd64cd04000 ---p 00000000 00:00 0 
7cd64cd04000-7cd64ce00000 rw-p 00000000 00:00 0 
7cd64ce00000-7cd64ce04000 ---p 00000000 00:00 0 
7cd64ce04000-7cd64cf00000 rw-p 00000000 00:00 0 
7cd64cf00000-7cd64cf04000 ---p 00000000 00:00 0 
7cd64cf04000-7cd64d000000 rw-p 00000000 00:00 0 
7cd64d000000-7cd64d004000 ---p 00000000 00:00 0 
7cd64d004000-7cd64d100000 rw-p 00000000 00:00 0 
7cd64d100000-7cd64d104000 ---p 00000000 00:00 0 
7cd64d104000-7cd64d200000 rw-p 00000000 00:00 0 
7cd64d200000-7cd64d775000 r--p 00000000 103:02 13929360                  /usr/lib/locale/locale-archive
7cd64d776000-7cd64d779000 r--p 00000000 103:02 13904960                  /usr/lib/x86_64-linux-gnu/libGLX.so.0.0.0
7cd64d779000-7cd64d794000 r-xp 00003000 103:02 13904960                  /usr/lib/x86_64-linux-gnu/libGLX.so.0.0.0
7cd64d794000-7cd64d797000 r--p 0001e000 103:02 13904960                  /usr/lib/x86_64-linux-gnu/libGLX.so.0.0.0
7cd64d797000-7cd64d798000 r--p 00020000 103:02 13904960                  /usr/lib/x86_64-linux-gnu/libGLX.so.0.0.0
7cd64d798000-7cd64d799000 rw-p 00021000 103:02 13904960                  /usr/lib/x86_64-linux-gnu/libGLX.so.0.0.0
7cd64d799000-7cd64d7a9000 rw-p 00000000 00:00 0 
7cd64d7a9000-7cd64d7ad000 ---p 00000000 00:00 0 
7cd64d7ad000-7cd64d8a9000 rw-p 00000000 00:00 0 
7cd64d8a9000-7cd64d8ad000 ---p 00000000 00:00 0 
7cd64d8ad000-7cd64d9a9000 rw-p 00000000 00:00 0 
7cd64d9a9000-7cd64d9aa000 ---p 00000000 00:00 0 
7cd64d9aa000-7cd64daaa000 rw-p 00000000 00:00 0 
7cd64daaa000-7cd64daaf000 r--p 00000000 103:02 14432665                  /usr/lib/jvm/java-17-openjdk-amd64/lib/libjsvml.so
7cd64daaf000-7cd64daf0000 r-xp 00005000 103:02 14432665                  /usr/lib/jvm/java-17-openjdk-amd64/lib/libjsvml.so
7cd64daf0000-7cd64db79000 r--p 00046000 103:02 14432665                  /usr/lib/jvm/java-17-openjdk-amd64/lib/libjsvml.so
7cd64db79000-7cd64db7a000 r--p 000ce000 103:02 14432665                  /usr/lib/jvm/java-17-openjdk-amd64/lib/libjsvml.so
7cd64db7a000-7cd64db7b000 rw-p 000cf000 103:02 14432665                  /usr/lib/jvm/java-17-openjdk-amd64/lib/libjsvml.so
7cd64db7b000-7cd64dbfc000 rw-p 00000000 00:00 0 
7cd64dbfc000-7cd64dbfd000 ---p 00000000 00:00 0 
7cd64dbfd000-7cd64dcfd000 rw-p 00000000 00:00 0 
7cd64dcfd000-7cd64dcfe000 ---p 00000000 00:00 0 
7cd64dcfe000-7cd64ddfe000 rw-p 00000000 00:00 0 
7cd64ddfe000-7cd650021000 rw-p 00000000 00:00 0 
7cd650021000-7cd654000000 ---p 00000000 00:00 0 
7cd654000000-7cd654021000 rw-p 00000000 00:00 0 
7cd654021000-7cd658000000 ---p 00000000 00:00 0 
7cd658000000-7cd658021000 rw-p 00000000 00:00 0 
7cd658021000-7cd65c000000 ---p 00000000 00:00 0 
7cd65c002000-7cd65c004000 r--p 00000000 103:02 13923266                  /usr/share/fonts/truetype/noto/NotoSansBassaVah-Regular.ttf
7cd65c004000-7cd65c008000 r--p 00000000 103:02 13905123                  /usr/lib/x86_64-linux-gnu/libbsd.so.0.12.1
7cd65c008000-7cd65c014000 r-xp 00004000 103:02 13905123                  /usr/lib/x86_64-linux-gnu/libbsd.so.0.12.1
7cd65c014000-7cd65c017000 r--p 00010000 103:02 13905123                  /usr/lib/x86_64-linux-gnu/libbsd.so.0.12.1
7cd65c017000-7cd65c018000 r--p 00012000 103:02 13905123                  /usr/lib/x86_64-linux-gnu/libbsd.so.0.12.1
7cd65c018000-7cd65c019000 rw-p 00013000 103:02 13905123                  /usr/lib/x86_64-linux-gnu/libbsd.so.0.12.1
7cd65c019000-7cd65c01a000 rw-p 00000000 00:00 0 
7cd65c01a000-7cd65c01e000 r--p 00000000 103:02 13904982                  /usr/lib/x86_64-linux-gnu/libXext.so.6.4.0
7cd65c01e000-7cd65c029000 r-xp 00004000 103:02 13904982                  /usr/lib/x86_64-linux-gnu/libXext.so.6.4.0
7cd65c029000-7cd65c02c000 r--p 0000f000 103:02 13904982                  /usr/lib/x86_64-linux-gnu/libXext.so.6.4.0
7cd65c02c000-7cd65c02d000 r--p 00011000 103:02 13904982                  /usr/lib/x86_64-linux-gnu/libXext.so.6.4.0
7cd65c02d000-7cd65c02e000 rw-p 00012000 103:02 13904982                  /usr/lib/x86_64-linux-gnu/libXext.so.6.4.0
7cd65c02e000-7cd65c039000 r--p 00000000 103:02 13905771                  /usr/lib/x86_64-linux-gnu/libxcb.so.1.1.0
7cd65c039000-7cd65c04c000 r-xp 0000b000 103:02 13905771                  /usr/lib/x86_64-linux-gnu/libxcb.so.1.1.0
7cd65c04c000-7cd65c055000 r--p 0001e000 103:02 13905771                  /usr/lib/x86_64-linux-gnu/libxcb.so.1.1.0
7cd65c055000-7cd65c056000 r--p 00026000 103:02 13905771                  /usr/lib/x86_64-linux-gnu/libxcb.so.1.1.0
7cd65c056000-7cd65c057000 rw-p 00027000 103:02 13905771                  /usr/lib/x86_64-linux-gnu/libxcb.so.1.1.0
7cd65c057000-7cd65c8ba000 rw-p 00000000 00:00 0 
7cd65c8ba000-7cd65c8bb000 ---p 00000000 00:00 0 
7cd65c8bb000-7cd65c9bb000 rw-p 00000000 00:00 0 
7cd65c9bb000-7cd65c9bc000 ---p 00000000 00:00 0 
7cd65c9bc000-7cd65cabc000 rw-p 00000000 00:00 0 
7cd65cabc000-7cd65cabd000 ---p 00000000 00:00 0 
7cd65cabd000-7cd65cbbd000 rw-p 00000000 00:00 0 
7cd65cbbd000-7cd65cf2d000 rw-p 00000000 00:00 0 
7cd65cf2d000-7cd65e805000 ---p 00000000 00:00 0 
7cd65e805000-7cd65eb7d000 rw-p 00000000 00:00 0 
7cd65eb7d000-7cd660455000 ---p 00000000 00:00 0 
7cd660455000-7cd6604cb000 rw-p 00000000 00:00 0 
7cd6604cb000-7cd6607e6000 ---p 00000000 00:00 0 
7cd6607e6000-7cd660855000 rw-p 00000000 00:00 0 
7cd660855000-7cd660b70000 ---p 00000000 00:00 0 
7cd660b70000-7cd660bdf000 rw-p 00000000 00:00 0 
7cd660bdf000-7cd660efa000 ---p 00000000 00:00 0 
7cd660efa000-7cd661400000 rw-p 00000000 00:00 0 
7cd661400000-7cd662580000 rwxp 00000000 00:00 0 
7cd662580000-7cd668937000 ---p 00000000 00:00 0 
7cd668937000-7cd668ba7000 rwxp 00000000 00:00 0 
7cd668ba7000-7cd668ec9000 ---p 00000000 00:00 0 
7cd668ec9000-7cd6693e9000 rwxp 00000000 00:00 0 
7cd6693e9000-7cd670400000 ---p 00000000 00:00 0 
7cd670400000-7cd677eb2000 r--s 00000000 103:02 14432680                  /usr/lib/jvm/java-17-openjdk-amd64/lib/modules
7cd677eb2000-7cd677eb6000 r--p 00000000 103:02 19176315                  /home/olimjon/.config/dconf/user
7cd677eb6000-7cd677eb8000 r--p 00000000 103:02 13904981                  /usr/lib/x86_64-linux-gnu/libXdmcp.so.6.0.0
7cd677eb8000-7cd677eba000 r-xp 00002000 103:02 13904981                  /usr/lib/x86_64-linux-gnu/libXdmcp.so.6.0.0
7cd677eba000-7cd677ebc000 r--p 00004000 103:02 13904981                  /usr/lib/x86_64-linux-gnu/libXdmcp.so.6.0.0
7cd677ebc000-7cd677ebd000 r--p 00005000 103:02 13904981                  /usr/lib/x86_64-linux-gnu/libXdmcp.so.6.0.0
7cd677ebd000-7cd677ebe000 rw-p 00006000 103:02 13904981                  /usr/lib/x86_64-linux-gnu/libXdmcp.so.6.0.0
7cd677ebe000-7cd678d03000 rw-p 00000000 00:00 0 
7cd678d03000-7cd67c000000 ---p 00000000 00:00 0 
7cd67c000000-7cd67c001000 r--s 00000000 103:02 19174280                  /home/olimjon/.cache/fontconfig/3f7329c5293ffd510edef78f73874cfd-le64.cache-9
7cd67c002000-7cd67c003000 r--p 00000000 103:02 13904976                  /usr/lib/x86_64-linux-gnu/libXau.so.6.0.0
7cd67c003000-7cd67c005000 r-xp 00001000 103:02 13904976                  /usr/lib/x86_64-linux-gnu/libXau.so.6.0.0
7cd67c005000-7cd67c006000 r--p 00003000 103:02 13904976                  /usr/lib/x86_64-linux-gnu/libXau.so.6.0.0
7cd67c006000-7cd67c007000 r--p 00003000 103:02 13904976                  /usr/lib/x86_64-linux-gnu/libXau.so.6.0.0
7cd67c007000-7cd67c008000 rw-p 00004000 103:02 13904976                  /usr/lib/x86_64-linux-gnu/libXau.so.6.0.0
7cd67c008000-7cd67c009000 r--p 00000000 103:02 13896098                  /usr/lib/x86_64-linux-gnu/libdl.so.2
7cd67c009000-7cd67c00a000 r-xp 00001000 103:02 13896098                  /usr/lib/x86_64-linux-gnu/libdl.so.2
7cd67c00a000-7cd67c00b000 r--p 00002000 103:02 13896098                  /usr/lib/x86_64-linux-gnu/libdl.so.2
7cd67c00b000-7cd67c00c000 r--p 00002000 103:02 13896098                  /usr/lib/x86_64-linux-gnu/libdl.so.2
7cd67c00c000-7cd67c00d000 rw-p 00003000 103:02 13896098                  /usr/lib/x86_64-linux-gnu/libdl.so.2
7cd67c00d000-7cd67c00e000 r-xp 00000000 103:02 19402240                  /home/olimjon/Downloads/openjfx-17.0.17_linux-x64_bin-sdk/javafx-sdk-17.0.17/lib/libglass.so
7cd67c00e000-7cd67c00f000 ---p 00001000 103:02 19402240                  /home/olimjon/Downloads/openjfx-17.0.17_linux-x64_bin-sdk/javafx-sdk-17.0.17/lib/libglass.so
7cd67c00f000-7cd67c010000 r--p 00001000 103:02 19402240                  /home/olimjon/Downloads/openjfx-17.0.17_linux-x64_bin-sdk/javafx-sdk-17.0.17/lib/libglass.so
7cd67c010000-7cd67c011000 rw-p 00002000 103:02 19402240                  /home/olimjon/Downloads/openjfx-17.0.17_linux-x64_bin-sdk/javafx-sdk-17.0.17/lib/libglass.so
7cd67c011000-7cd67c018000 r--s 00000000 103:02 13896085                  /usr/lib/x86_64-linux-gnu/gconv/gconv-modules.cache
7cd67c018000-7cd67c024000 r-xp 00000000 103:02 19402239                  /home/olimjon/Downloads/openjfx-17.0.17_linux-x64_bin-sdk/javafx-sdk-17.0.17/lib/libprism_es2.so
7cd67c024000-7cd67c025000 r--p 0000b000 103:02 19402239                  /home/olimjon/Downloads/openjfx-17.0.17_linux-x64_bin-sdk/javafx-sdk-17.0.17/lib/libprism_es2.so
7cd67c025000-7cd67c026000 rw-p 0000c000 103:02 19402239                  /home/olimjon/Downloads/openjfx-17.0.17_linux-x64_bin-sdk/javafx-sdk-17.0.17/lib/libprism_es2.so
7cd67c026000-7cd67c435000 rw-p 00000000 00:00 0 
7cd67c435000-7cd67c515000 ---p 00000000 00:00 0 
7cd67c515000-7cd67c538000 rw-p 00000000 00:00 0 
7cd67c538000-7cd67c600000 ---p 00000000 00:00 0 
7cd67c600000-7cd67c69d000 r--p 00000000 103:02 13905653                  /usr/lib/x86_64-linux-gnu/libstdc++.so.6.0.33
7cd67c69d000-7cd67c7e5000 r-xp 0009d000 103:02 13905653                  /usr/lib/x86_64-linux-gnu/libstdc++.so.6.0.33
7cd67c7e5000-7cd67c86c000 r--p 001e5000 103:02 13905653                  /usr/lib/x86_64-linux-gnu/libstdc++.so.6.0.33
7cd67c86c000-7cd67c877000 r--p 0026b000 103:02 13905653                  /usr/lib/x86_64-linux-gnu/libstdc++.so.6.0.33
7cd67c877000-7cd67c87a000 rw-p 00276000 103:02 13905653                  /usr/lib/x86_64-linux-gnu/libstdc++.so.6.0.33
7cd67c87a000-7cd67c87e000 rw-p 00000000 00:00 0 
7cd67c87e000-7cd67c87f000 r--s 00000000 00:34 329                        /run/user/1000/dconf/user
7cd67c87f000-7cd67c880000 r--p 00000000 103:02 14167948                  /usr/share/locale-langpack/en/LC_MESSAGES/gtk30.mo
7cd67c880000-7cd67c882000 r--p 00000000 103:02 14432679                  /usr/lib/jvm/java-17-openjdk-amd64/lib/libzip.so
7cd67c882000-7cd67c887000 r-xp 00002000 103:02 14432679                  /usr/lib/jvm/java-17-openjdk-amd64/lib/libzip.so
7cd67c887000-7cd67c889000 r--p 00007000 103:02 14432679                  /usr/lib/jvm/java-17-openjdk-amd64/lib/libzip.so
7cd67c889000-7cd67c88a000 r--p 00008000 103:02 14432679                  /usr/lib/jvm/java-17-openjdk-amd64/lib/libzip.so
7cd67c88a000-7cd67c88b000 rw-p 00009000 103:02 14432679                  /usr/lib/jvm/java-17-openjdk-amd64/lib/libzip.so
7cd67c88b000-7cd67c900000 rw-p 00000000 00:00 0 
7cd67c900000-7cd67c904000 ---p 00000000 00:00 0 
7cd67c904000-7cd67ca00000 rw-p 00000000 00:00 0 
7cd67ca00000-7cd67cc51000 r--p 00000000 103:02 14432686                  /usr/lib/jvm/java-17-openjdk-amd64/lib/server/libjvm.so
7cd67cc51000-7cd67d9c3000 r-xp 00251000 103:02 14432686                  /usr/lib/jvm/java-17-openjdk-amd64/lib/server/libjvm.so
7cd67d9c3000-7cd67dc44000 r--p 00fc3000 103:02 14432686                  /usr/lib/jvm/java-17-openjdk-amd64/lib/server/libjvm.so
7cd67dc44000-7cd67dcfc000 r--p 01244000 103:02 14432686                  /usr/lib/jvm/java-17-openjdk-amd64/lib/server/libjvm.so
7cd67dcfc000-7cd67dd31000 rw-p 012fc000 103:02 14432686                  /usr/lib/jvm/java-17-openjdk-amd64/lib/server/libjvm.so
7cd67dd31000-7cd67dd8b000 rw-p 00000000 00:00 0 
7cd67dd8b000-7cd67dd8c000 rw-s 1046d0000 00:06 903                       /dev/dri/renderD128
7cd67dd8c000-7cd67dd8d000 rw-s 116f2f000 00:06 903                       /dev/dri/renderD128
7cd67dd8d000-7cd67dd8e000 rw-s 10cbfe000 00:06 903                       /dev/dri/renderD128
7cd67dd8e000-7cd67dd8f000 r--p 00000000 103:02 13905000                  /usr/lib/x86_64-linux-gnu/libXxf86vm.so.1.0.0
7cd67dd8f000-7cd67dd92000 r-xp 00001000 103:02 13905000                  /usr/lib/x86_64-linux-gnu/libXxf86vm.so.1.0.0
7cd67dd92000-7cd67dd93000 r--p 00004000 103:02 13905000                  /usr/lib/x86_64-linux-gnu/libXxf86vm.so.1.0.0
7cd67dd93000-7cd67dd94000 r--p 00004000 103:02 13905000                  /usr/lib/x86_64-linux-gnu/libXxf86vm.so.1.0.0
7cd67dd94000-7cd67dd95000 rw-p 00005000 103:02 13905000                  /usr/lib/x86_64-linux-gnu/libXxf86vm.so.1.0.0
7cd67dd95000-7cd67ddc6000 rw-p 00000000 00:00 0 
7cd67ddc6000-7cd67ddca000 r--p 00000000 103:02 14432671                  /usr/lib/jvm/java-17-openjdk-amd64/lib/libnet.so
7cd67ddca000-7cd67ddd8000 r-xp 00004000 103:02 14432671                  /usr/lib/jvm/java-17-openjdk-amd64/lib/libnet.so
7cd67ddd8000-7cd67dddc000 r--p 00012000 103:02 14432671                  /usr/lib/jvm/java-17-openjdk-amd64/lib/libnet.so
7cd67dddc000-7cd67dddd000 r--p 00015000 103:02 14432671                  /usr/lib/jvm/java-17-openjdk-amd64/lib/libnet.so
7cd67dddd000-7cd67ddde000 rw-p 00016000 103:02 14432671                  /usr/lib/jvm/java-17-openjdk-amd64/lib/libnet.so
7cd67ddde000-7cd67dde5000 r--p 00000000 103:02 14432672                  /usr/lib/jvm/java-17-openjdk-amd64/lib/libnio.so
7cd67dde5000-7cd67ddee000 r-xp 00007000 103:02 14432672                  /usr/lib/jvm/java-17-openjdk-amd64/lib/libnio.so
7cd67ddee000-7cd67ddf2000 r--p 00010000 103:02 14432672                  /usr/lib/jvm/java-17-openjdk-amd64/lib/libnio.so
7cd67ddf2000-7cd67ddf3000 r--p 00014000 103:02 14432672                  /usr/lib/jvm/java-17-openjdk-amd64/lib/libnio.so
7cd67ddf3000-7cd67ddf4000 rw-p 00015000 103:02 14432672                  /usr/lib/jvm/java-17-openjdk-amd64/lib/libnio.so
7cd67ddf4000-7cd67ddf9000 rw-p 00000000 00:00 0 
7cd67ddf9000-7cd67de00000 ---p 00000000 00:00 0 
7cd67de00000-7cd67de28000 r--p 00000000 103:02 13896096                  /usr/lib/x86_64-linux-gnu/libc.so.6
7cd67de28000-7cd67dfb0000 r-xp 00028000 103:02 13896096                  /usr/lib/x86_64-linux-gnu/libc.so.6
7cd67dfb0000-7cd67dfff000 r--p 001b0000 103:02 13896096                  /usr/lib/x86_64-linux-gnu/libc.so.6
7cd67dfff000-7cd67e003000 r--p 001fe000 103:02 13896096                  /usr/lib/x86_64-linux-gnu/libc.so.6
7cd67e003000-7cd67e005000 rw-p 00202000 103:02 13896096                  /usr/lib/x86_64-linux-gnu/libc.so.6
7cd67e005000-7cd67e012000 rw-p 00000000 00:00 0 
7cd67e012000-7cd67e01e000 r--p 00000000 103:02 14432658                  /usr/lib/jvm/java-17-openjdk-amd64/lib/libjava.so
7cd67e01e000-7cd67e031000 r-xp 0000c000 103:02 14432658                  /usr/lib/jvm/java-17-openjdk-amd64/lib/libjava.so
7cd67e031000-7cd67e037000 r--p 0001f000 103:02 14432658                  /usr/lib/jvm/java-17-openjdk-amd64/lib/libjava.so
7cd67e037000-7cd67e038000 r--p 00024000 103:02 14432658                  /usr/lib/jvm/java-17-openjdk-amd64/lib/libjava.so
7cd67e038000-7cd67e039000 rw-p 00025000 103:02 14432658                  /usr/lib/jvm/java-17-openjdk-amd64/lib/libjava.so
7cd67e039000-7cd67e03a000 rw-p 00000000 00:00 0 
7cd67e03a000-7cd67e042000 rw-s 00000000 103:02 17565987                  /tmp/hsperfdata_olimjon/36846
7cd67e042000-7cd67e046000 r--p 00000000 103:02 13905260                  /usr/lib/x86_64-linux-gnu/libgcc_s.so.1
7cd67e046000-7cd67e06a000 r-xp 00004000 103:02 13905260                  /usr/lib/x86_64-linux-gnu/libgcc_s.so.1
7cd67e06a000-7cd67e06e000 r--p 00028000 103:02 13905260                  /usr/lib/x86_64-linux-gnu/libgcc_s.so.1
7cd67e06e000-7cd67e06f000 r--p 0002b000 103:02 13905260                  /usr/lib/x86_64-linux-gnu/libgcc_s.so.1
7cd67e06f000-7cd67e070000 rw-p 0002c000 103:02 13905260                  /usr/lib/x86_64-linux-gnu/libgcc_s.so.1
7cd67e070000-7cd67e080000 r--p 00000000 103:02 13896099                  /usr/lib/x86_64-linux-gnu/libm.so.6
7cd67e080000-7cd67e0ff000 r-xp 00010000 103:02 13896099                  /usr/lib/x86_64-linux-gnu/libm.so.6
7cd67e0ff000-7cd67e157000 r--p 0008f000 103:02 13896099                  /usr/lib/x86_64-linux-gnu/libm.so.6
7cd67e157000-7cd67e158000 r--p 000e7000 103:02 13896099                  /usr/lib/x86_64-linux-gnu/libm.so.6
7cd67e158000-7cd67e159000 rw-p 000e8000 103:02 13896099                  /usr/lib/x86_64-linux-gnu/libm.so.6
7cd67e159000-7cd67e15b000 rw-p 00000000 00:00 0 
7cd67e15b000-7cd67e15d000 r--p 00000000 103:02 14432662                  /usr/lib/jvm/java-17-openjdk-amd64/lib/libjli.so
7cd67e15d000-7cd67e167000 r-xp 00002000 103:02 14432662                  /usr/lib/jvm/java-17-openjdk-amd64/lib/libjli.so
7cd67e167000-7cd67e16a000 r--p 0000c000 103:02 14432662                  /usr/lib/jvm/java-17-openjdk-amd64/lib/libjli.so
7cd67e16a000-7cd67e16b000 r--p 0000f000 103:02 14432662                  /usr/lib/jvm/java-17-openjdk-amd64/lib/libjli.so
7cd67e16b000-7cd67e16c000 rw-p 00010000 103:02 14432662                  /usr/lib/jvm/java-17-openjdk-amd64/lib/libjli.so
7cd67e16c000-7cd67e16e000 r--p 00000000 103:02 13905786                  /usr/lib/x86_64-linux-gnu/libz.so.1.3
7cd67e16e000-7cd67e180000 r-xp 00002000 103:02 13905786                  /usr/lib/x86_64-linux-gnu/libz.so.1.3
7cd67e180000-7cd67e186000 r--p 00014000 103:02 13905786                  /usr/lib/x86_64-linux-gnu/libz.so.1.3
7cd67e186000-7cd67e187000 r--p 0001a000 103:02 13905786                  /usr/lib/x86_64-linux-gnu/libz.so.1.3
7cd67e187000-7cd67e188000 rw-p 0001b000 103:02 13905786                  /usr/lib/x86_64-linux-gnu/libz.so.1.3
7cd67e188000-7cd67e189000 r--p 00000000 103:02 13904973                  /usr/lib/x86_64-linux-gnu/libX11-xcb.so.1.0.0
7cd67e189000-7cd67e18a000 r-xp 00001000 103:02 13904973                  /usr/lib/x86_64-linux-gnu/libX11-xcb.so.1.0.0
7cd67e18a000-7cd67e18b000 r--p 00002000 103:02 13904973                  /usr/lib/x86_64-linux-gnu/libX11-xcb.so.1.0.0
7cd67e18b000-7cd67e18c000 r--p 00002000 103:02 13904973                  /usr/lib/x86_64-linux-gnu/libX11-xcb.so.1.0.0
7cd67e18c000-7cd67e18d000 rw-p 00003000 103:02 13904973                  /usr/lib/x86_64-linux-gnu/libX11-xcb.so.1.0.0
7cd67e18d000-7cd67e18e000 ---p 00000000 00:00 0 
7cd67e18e000-7cd67e18f000 r--p 00000000 00:00 0 
7cd67e18f000-7cd67e190000 ---p 00000000 00:00 0 
7cd67e190000-7cd67e192000 r--p 00000000 103:02 14432661                  /usr/lib/jvm/java-17-openjdk-amd64/lib/libjimage.so
7cd67e192000-7cd67e195000 r-xp 00002000 103:02 14432661                  /usr/lib/jvm/java-17-openjdk-amd64/lib/libjimage.so
7cd67e195000-7cd67e196000 r--p 00005000 103:02 14432661                  /usr/lib/jvm/java-17-openjdk-amd64/lib/libjimage.so
7cd67e196000-7cd67e197000 r--p 00006000 103:02 14432661                  /usr/lib/jvm/java-17-openjdk-amd64/lib/libjimage.so
7cd67e197000-7cd67e198000 rw-p 00007000 103:02 14432661                  /usr/lib/jvm/java-17-openjdk-amd64/lib/libjimage.so
7cd67e198000-7cd67e19a000 rw-p 00000000 00:00 0 
7cd67e19a000-7cd67e19c000 r--p 00000000 00:00 0                          [vvar]
7cd67e19c000-7cd67e19e000 r--p 00000000 00:00 0                          [vvar_vclock]
7cd67e19e000-7cd67e1a0000 r-xp 00000000 00:00 0                          [vdso]
7cd67e1a0000-7cd67e1a1000 r--p 00000000 103:02 13896093                  /usr/lib/x86_64-linux-gnu/ld-linux-x86-64.so.2
7cd67e1a1000-7cd67e1cc000 r-xp 00001000 103:02 13896093                  /usr/lib/x86_64-linux-gnu/ld-linux-x86-64.so.2
7cd67e1cc000-7cd67e1d6000 r--p 0002c000 103:02 13896093                  /usr/lib/x86_64-linux-gnu/ld-linux-x86-64.so.2
7cd67e1d6000-7cd67e1d8000 r--p 00036000 103:02 13896093                  /usr/lib/x86_64-linux-gnu/ld-linux-x86-64.so.2
7cd67e1d8000-7cd67e1da000 rw-p 00038000 103:02 13896093                  /usr/lib/x86_64-linux-gnu/ld-linux-x86-64.so.2
7ffc7f181000-7ffc7f1a8000 rw-p 00000000 00:00 0                          [stack]
ffffffffff600000-ffffffffff601000 --xp 00000000 00:00 0                  [vsyscall]


VM Arguments:
jvm_args: --module-path=/home/olimjon/Downloads/openjfx-17.0.17_linux-x64_bin-sdk/javafx-sdk-17.0.17/lib --add-modules=javafx.controls,javafx.fxml --module-path=/home/olimjon/Downloads/openjfx-17.0.17_linux-x64_bin-sdk/javafx-sdk-17.0.17/lib --add-modules=javafx.controls,javafx.fxml -Dfile.encoding=UTF-8 -Duser.country=US -Duser.language=en -Duser.variant 
java_command: uz.tenzorsoft.scaleapplication.ScaleApplication
java_class_path (initial): /home/olimjon/Downloads/Telegram Desktop/navoiy-azot-scale-backend/build/classes/java/main:/home/olimjon/Downloads/Telegram Desktop/navoiy-azot-scale-backend/build/resources/main:/home/olimjon/.gradle/caches/modules-2/files-2.1/com.pi4j/pi4j-plugin-gpiod/2.7.0/93fd73ded4a14bccf9d748ee94db2c2517529719/pi4j-plugin-gpiod-2.7.0.jar:/home/olimjon/.gradle/caches/modules-2/files-2.1/com.pi4j/pi4j-plugin-raspberrypi/2.7.0/28b85089a0203f9cd7845f0fc3dfecce317e97c1/pi4j-plugin-raspberrypi-2.7.0.jar:/home/olimjon/.gradle/caches/modules-2/files-2.1/com.pi4j/pi4j-library-gpiod/2.7.0/638d7893e2cabfd75ab3c912d2c7063010c21af9/pi4j-library-gpiod-2.7.0.jar:/home/olimjon/.gradle/caches/modules-2/files-2.1/com.pi4j/pi4j-core/2.7.0/e9e141b1a9863480f3f6bfad36565717273671d7/pi4j-core-2.7.0.jar:/home/olimjon/.gradle/caches/modules-2/files-2.1/org.apache.httpcomponents.client5/httpclient5/5.3.1/56b53c8f4bcdaada801d311cf2ff8a24d6d96883/httpclient5-5.3.1.jar:/home/olimjon/.gradle/caches/modules-2/files-2.1/com.ghgande/j2mod/3.2.1/7c93c1e05b3c71a430b2c9363864c42292566a1b/j2mod-3.2.1.jar:/home/olimjon/.gradle/caches/modules-2/files-2.1/org.springframework.boot/spring-boot-starter-websocket/3.3.5/f34b2713e59c3717f654eeaea7a4aa0771738d4f/spring-boot-starter-websocket-3.3.5.jar:/home/olimjon/.gradle/caches/modules-2/files-2.1/org.springframework.boot/spring-boot-starter-web/3.3.5/51cc6cd5fb15f4eecfadea4ac689ed290e65c2cc/spring-boot-starter-web-3.3.5.jar:/home/olimjon/.gradle/caches/modules-2/files-2.1/com.fazecast/jSerialComm/2.9.0/fa036392013de97eb2fc5532cae1cd1bee8eae4f/jSerialComm-2.9.0.jar:/home/olimjon/.gradle/caches/modules-2/files-2.1/io.minio/minio/8.5.12/669d478e02466dcc9d7a9180d37756f3554c55bb/minio-8.5.12.jar:/home/olimjon/.gradle/caches/modules-2/files-2.1/org.springframework.boot/spring-boot-starter-validation/3.3.5/5f32f28b5573c024c9aa16369914d8f2760bd38e/spring-boot-starter-validation-3.3.5.jar:/home/olimjon/.gradle/caches/modules-2/files-2.1/org.springfr
Launcher Type: SUN_STANDARD

[Global flags]
     intx CICompilerCount                          = 4                                         {product} {ergonomic}
     uint ConcGCThreads                            = 3                                         {product} {ergonomic}
     uint G1ConcRefinementThreads                  = 10                                        {product} {ergonomic}
   size_t G1HeapRegionSize                         = 1048576                                   {product} {ergonomic}
    uintx GCDrainStackTargetSize                   = 64                                        {product} {ergonomic}
   size_t InitialHeapSize                          = 119537664                                 {product} {ergonomic}
   size_t MarkStackSize                            = 4194304                                   {product} {ergonomic}
   size_t MaxHeapSize                              = 1900019712                                {product} {ergonomic}
   size_t MaxNewSize                               = 1139802112                                {product} {ergonomic}
   size_t MinHeapDeltaBytes                        = 1048576                                   {product} {ergonomic}
   size_t MinHeapSize                              = 8388608                                   {product} {ergonomic}
    uintx NonNMethodCodeHeapSize                   = 5839372                                {pd product} {ergonomic}
    uintx NonProfiledCodeHeapSize                  = 122909434                              {pd product} {ergonomic}
    uintx ProfiledCodeHeapSize                     = 122909434                              {pd product} {ergonomic}
    uintx ReservedCodeCacheSize                    = 251658240                              {pd product} {ergonomic}
     bool SegmentedCodeCache                       = true                                      {product} {ergonomic}
   size_t SoftMaxHeapSize                          = 1900019712                             {manageable} {ergonomic}
     bool UseCompressedClassPointers               = true                           {product lp64_product} {ergonomic}
     bool UseCompressedOops                        = true                           {product lp64_product} {ergonomic}
     bool UseG1GC                                  = true                                      {product} {ergonomic}

Logging:
Log output configuration:
 #0: stdout all=warning uptime,level,tags
 #1: stderr all=off uptime,level,tags

Environment Variables:
PATH=/usr/local/sbin:/usr/local/bin:/usr/sbin:/usr/bin:/sbin:/bin:/usr/games:/usr/local/games:/snap/bin:/snap/bin
USERNAME=olimjon
SHELL=/bin/bash
DISPLAY=:0
LANG=en_US.UTF-8

Active Locale:
LC_ALL=en_US.UTF-8
LC_COLLATE=en_US.UTF-8
LC_CTYPE=en_US.UTF-8
LC_MESSAGES=en_US.UTF-8
LC_MONETARY=en_US.UTF-8
LC_NUMERIC=en_US.UTF-8
LC_TIME=en_US.UTF-8

Signal Handlers:
   SIGSEGV: crash_handler in libjvm.so, mask=11100100010111111101111111111110, flags=SA_RESTART|SA_SIGINFO, unblocked
    SIGBUS: crash_handler in libjvm.so, mask=11100100010111111101111111111110, flags=SA_RESTART|SA_SIGINFO, unblocked
    SIGFPE: crash_handler in libjvm.so, mask=11100100010111111101111111111110, flags=SA_RESTART|SA_SIGINFO, unblocked
   SIGPIPE: SIG_IGN, mask=00000000000000000000000000000000, flags=none, blocked
  *** Handler was modified!
  *** Expected: javaSignalHandler in libjvm.so, mask=11100100110111111111111111111110, flags=SA_RESTART|SA_SIGINFO
   SIGXFSZ: javaSignalHandler in libjvm.so, mask=11100100010111111101111111111110, flags=SA_RESTART|SA_SIGINFO, blocked
    SIGILL: crash_handler in libjvm.so, mask=11100100010111111101111111111110, flags=SA_RESTART|SA_SIGINFO, unblocked
   SIGUSR2: SIG_IGN, mask=00000000000000000000000000000000, flags=none, blocked
  *** Handler was modified!
  *** Expected: SR_handler in libjvm.so, mask=00100000000000000000000000000000, flags=SA_RESTART|SA_SIGINFO
    SIGHUP: SIG_IGN, mask=00000000000000000000000000000000, flags=none, blocked
    SIGINT: UserHandler in libjvm.so, mask=11100100010111111101111111111110, flags=SA_RESTART|SA_SIGINFO, blocked
   SIGTERM: SIG_IGN, mask=00000000000000000000000000000000, flags=none, blocked
   SIGQUIT: UserHandler in libjvm.so, mask=11100100010111111101111111111110, flags=SA_RESTART|SA_SIGINFO, blocked
   SIGTRAP: crash_handler in libjvm.so, mask=11100100010111111101111111111110, flags=SA_RESTART|SA_SIGINFO, unblocked


Periodic native trim disabled


---------------  S Y S T E M  ---------------

OS:
DISTRIB_ID=Ubuntu
DISTRIB_RELEASE=24.04
DISTRIB_CODENAME=noble
DISTRIB_DESCRIPTION="Ubuntu 24.04.3 LTS"
uname: Linux 6.14.0-35-generic #35~24.04.1-Ubuntu SMP PREEMPT_DYNAMIC Tue Oct 14 13:55:17 UTC 2 x86_64
OS uptime: 0 days 21:25 hours
libc: glibc 2.39 NPTL 2.39 
rlimit (soft/hard): STACK 8192k/infinity , CORE 0k/infinity , NPROC 28288/28288 , NOFILE 1048576/1048576 , AS infinity/infinity , CPU infinity/infinity , DATA infinity/infinity , FSIZE infinity/infinity , MEMLOCK 927152k/927152k
load average: 1.52 0.77 0.62

/proc/meminfo:
MemTotal:        7417220 kB
MemFree:          318992 kB
MemAvailable:     763952 kB
Buffers:            9756 kB
Cached:           709164 kB
SwapCached:       223296 kB
Active:          3480712 kB
Inactive:        2415784 kB
Active(anon):    3134064 kB
Inactive(anon):  2157340 kB
Active(file):     346648 kB
Inactive(file):   258444 kB
Unevictable:         120 kB
Mlocked:             120 kB
SwapTotal:       4194300 kB
SwapFree:        1744024 kB
Zswap:                 0 kB
Zswapped:              0 kB
Dirty:             13828 kB
Writeback:             0 kB
AnonPages:       5151184 kB
Mapped:           475820 kB
Shmem:            113792 kB
KReclaimable:     115092 kB
Slab:             433320 kB
SReclaimable:     115092 kB
SUnreclaim:       318228 kB
KernelStack:       28704 kB
PageTables:        77188 kB
SecPageTables:      4604 kB
NFS_Unstable:          0 kB
Bounce:                0 kB
WritebackTmp:          0 kB
CommitLimit:     7902908 kB
Committed_AS:   30481916 kB
VmallocTotal:   34359738367 kB
VmallocUsed:       89144 kB
VmallocChunk:          0 kB
Percpu:            12480 kB
HardwareCorrupted:     0 kB
AnonHugePages:         0 kB
ShmemHugePages:        0 kB
ShmemPmdMapped:        0 kB
FileHugePages:         0 kB
FilePmdMapped:         0 kB
Unaccepted:            0 kB
HugePages_Total:       0
HugePages_Free:        0
HugePages_Rsvd:        0
HugePages_Surp:        0
Hugepagesize:       2048 kB
Hugetlb:               0 kB
DirectMap4k:     1900944 kB
DirectMap2M:     5767168 kB
DirectMap1G:     1048576 kB

/sys/kernel/mm/transparent_hugepage/enabled: always [madvise] never
/sys/kernel/mm/transparent_hugepage/hpage_pmd_size: 2097152
/sys/kernel/mm/transparent_hugepage/defrag (defrag/compaction efforts parameter): always defer defer+madvise [madvise] never

Process Memory:
Virtual Size: 10418092K (peak: 10465304K)
Resident Set Size: 551992K (peak: 551992K) (anon: 466400K, file: 78808K, shmem: 6784K)
Swapped out: 0K
C-Heap outstanding allocations: 124646K, retained: 45661K
glibc malloc tunables: (default)

/proc/sys/kernel/threads-max (system-wide limit on the number of threads): 56576
/proc/sys/vm/max_map_count (maximum number of memory map areas a process may have): 1048576
/proc/sys/vm/swappiness (control to define how aggressively the kernel swaps out anonymous memory): 60
/proc/sys/kernel/pid_max (system-wide limit on number of process identifiers): 4194304

container information not found.
Steal ticks since vm start: 0
Steal ticks percentage since vm start:  0.000

CPU: total 12 (initial active 12) (12 cores per cpu, 2 threads per core) family 23 model 104 stepping 1 microcode 0x8608108, cx8, cmov, fxsr, ht, mmx, 3dnowpref, sse, sse2, sse3, ssse3, sse4a, sse4.1, sse4.2, popcnt, lzcnt, tsc, tscinvbit, avx, avx2, aes, clmul, bmi1, bmi2, adx, sha, fma, vzeroupper, clflush, clflushopt
CPU Model and flags from /proc/cpuinfo:
model name	: AMD Ryzen 5 5500U with Radeon Graphics
flags		: fpu vme de pse tsc msr pae mce cx8 apic sep mtrr pge mca cmov pat pse36 clflush mmx fxsr sse sse2 ht syscall nx mmxext fxsr_opt pdpe1gb rdtscp lm constant_tsc rep_good nopl xtopology nonstop_tsc cpuid extd_apicid aperfmperf rapl pni pclmulqdq monitor ssse3 fma cx16 sse4_1 sse4_2 movbe popcnt aes xsave avx f16c rdrand lahf_lm cmp_legacy svm extapic cr8_legacy abm sse4a misalignsse 3dnowprefetch osvw ibs skinit wdt tce topoext perfctr_core perfctr_nb bpext perfctr_llc mwaitx cpb cat_l3 cdp_l3 hw_pstate ssbd mba ibrs ibpb stibp vmmcall fsgsbase bmi1 avx2 smep bmi2 cqm rdt_a rdseed adx smap clflushopt clwb sha_ni xsaveopt xsavec xgetbv1 cqm_llc cqm_occup_llc cqm_mbm_total cqm_mbm_local clzero irperf xsaveerptr rdpru wbnoinvd cppc arat npt lbrv svm_lock nrip_save tsc_scale vmcb_clean flushbyasid decodeassists pausefilter pfthreshold avic v_vmsave_vmload vgif v_spec_ctrl umip rdpid overflow_recov succor smca

Online cpus: 0-11
Offline cpus: 
BIOS frequency limitation: <Not Available>
Frequency switch latency (ns): 0
Available cpu frequencies: <Not Available>
Current governor: powersave
Core performance/turbo boost: 1

Memory: 4k page, physical 7417220k(318848k free), swap 4194300k(1744024k free)
Page Sizes: 4k

vm_info: OpenJDK 64-Bit Server VM (17.0.16+8-Ubuntu-0ubuntu124.04.1) for linux-amd64 JRE (17.0.16+8-Ubuntu-0ubuntu124.04.1), built on Jul 17 2025 00:01:45 by "buildd" with gcc 13.3.0

END.
