#
# A fatal error has been detected by the Java Runtime Environment:
#
#  SIGSEGV (0xb) at pc=0x000073ec6628a264, pid=22984, tid=23027
#
# JRE version: OpenJDK Runtime Environment (17.0.16+8) (build 17.0.16+8-Ubuntu-0ubuntu124.04.1)
# Java VM: OpenJDK 64-Bit Server VM (17.0.16+8-Ubuntu-0ubuntu124.04.1, mixed mode, sharing, tiered, compressed oops, compressed class ptrs, g1 gc, linux-amd64)
# Problematic frame:
# V  [libjvm.so+0x28a264]  AccessInternal::PostRuntimeDispatch<G1BarrierSet::AccessBarrier<548964ul, G1BarrierSet>, (AccessInternal::BarrierType)2, 548964ul>::oop_access_barrier(void*)+0x4
#
# Core dump will be written. Default location: Core dumps may be processed with "/usr/share/apport/apport -p%p -s%s -c%c -d%d -P%P -u%u -g%g -F%F -- %E" (or dumping to /home/olimjon/Downloads/Telegram Desktop/navoiy-azot-scale-backend/core.22984)
#
# If you would like to submit a bug report, please visit:
#   https://bugs.launchpad.net/ubuntu/+source/openjdk-17
#

---------------  S U M M A R Y ------------

Command Line: --module-path=/home/olimjon/Downloads/openjfx-17.0.17_linux-x64_bin-sdk/javafx-sdk-17.0.17/lib --add-modules=javafx.controls,javafx.fxml --module-path=/home/olimjon/Downloads/openjfx-17.0.17_linux-x64_bin-sdk/javafx-sdk-17.0.17/lib --add-modules=javafx.controls,javafx.fxml -Dfile.encoding=UTF-8 -Duser.country=US -Duser.language=en -Duser.variant uz.tenzorsoft.scaleapplication.ScaleApplication

Host: AMD Ryzen 5 5500U with Radeon Graphics, 12 cores, 7G, Ubuntu 24.04.3 LTS
Time: Tue Nov 18 13:20:59 2025 +05 elapsed time: 22.882260 seconds (0d 0h 0m 22s)

---------------  T H R E A D  ---------------

Current thread (0x000073ec608fdf10):  JavaThread "JavaFX Application Thread" [_thread_in_vm, id=23027, stack(0x000073eb7bd50000,0x000073eb7be50000)]

Stack: [0x000073eb7bd50000,0x000073eb7be50000],  sp=0x000073eb7be4e278,  free space=1016k
Native frames: (J=compiled Java code, j=interpreted, Vv=VM code, C=native code)
V  [libjvm.so+0x28a264]  AccessInternal::PostRuntimeDispatch<G1BarrierSet::AccessBarrier<548964ul, G1BarrierSet>, (AccessInternal::BarrierType)2, 548964ul>::oop_access_barrier(void*)+0x4
V  [libjvm.so+0x8df3ed]  jni_CallVoidMethodV+0x1cd
C  [libglassgtk3.so+0x16fc1]  JNIEnv_::CallVoidMethod(_jobject*, _jmethodID*, ...)+0x81
C  [libglassgtk3.so+0x19da5]  WindowContextBase::process_key(_GdkEventKey*)+0x195
C  [libglassgtk3.so+0x18047]  WindowContextBase::im_filter_keypress(_GdkEventKey*)+0x157
C  [libglassgtk3.so+0x25650]
C  [libgdk-3.so.0+0x3a407]
C  [libgdk-3.so.0+0x93e2e]
C  [libglib-2.0.so.0+0x5d5c5]
C  [libglib-2.0.so.0+0xbc737]
C  [libglib-2.0.so.0+0x5df87]  g_main_loop_run+0x127
C  [libgtk-3.so.0+0x1febc5]  gtk_main+0x85
C  [libglassgtk3.so+0x25392]  Java_com_sun_glass_ui_gtk_GtkApplication__1runLoop+0x52
j  com.sun.glass.ui.gtk.GtkApplication._runLoop(Ljava/lang/Runnable;Z)V+0 javafx.graphics
j  com.sun.glass.ui.gtk.GtkApplication.lambda$runLoop$11(Ljava/lang/Runnable;Z)V+7 javafx.graphics
j  com.sun.glass.ui.gtk.GtkApplication$$Lambda$95+0x000073ebe8034890.run()V+12 javafx.graphics
j  java.lang.Thread.run()V+11 java.base@17.0.16
v  ~StubRoutines::call_stub
V  [libjvm.so+0x8378e2]  JavaCalls::call_helper(JavaValue*, methodHandle const&, JavaCallArguments*, JavaThread*)+0x302
V  [libjvm.so+0x838f82]  JavaCalls::call_virtual(JavaValue*, Handle, Klass*, Symbol*, Symbol*, JavaThread*)+0x1a2
V  [libjvm.so+0x9077b7]  thread_entry(JavaThread*, JavaThread*)+0xa7
V  [libjvm.so+0xebcb87]  JavaThread::thread_main_inner()+0x1b7
V  [libjvm.so+0xec0959]  Thread::call_run()+0xa9
V  [libjvm.so+0xc4233b]  thread_native_entry(Thread*)+0xeb
C  [libc.so.6+0x9caa4]

Java frames: (J=compiled Java code, j=interpreted, Vv=VM code)
j  com.sun.glass.ui.gtk.GtkApplication._runLoop(Ljava/lang/Runnable;Z)V+0 javafx.graphics
j  com.sun.glass.ui.gtk.GtkApplication.lambda$runLoop$11(Ljava/lang/Runnable;Z)V+7 javafx.graphics
j  com.sun.glass.ui.gtk.GtkApplication$$Lambda$95+0x000073ebe8034890.run()V+12 javafx.graphics
j  java.lang.Thread.run()V+11 java.base@17.0.16
v  ~StubRoutines::call_stub

siginfo: si_signo: 11 (SIGSEGV), si_code: 1 (SEGV_MAPERR), si_addr: 0x00000030000004f0

Registers:
RAX=0x000073eb7be4e4c0, RBX=0x000073ec608fdf10, RCX=0x000073eb7be4e420, RDX=0x000073ec607ede48
RSP=0x000073eb7be4e278, RBP=0x000073eb7be4e390, RSI=0x00000030000004f0, RDI=0x00000030000004f0
R8 =0x000073ec608fdf10, R9 =0x000073eb68000f20, R10=0x000073ebe3501b30, R11=0x000073ec510a7b40
R12=0x000073eb7be4e420, R13=0x000073eb7be4e3b0, R14=0x000073ec607ede48, R15=0x000073eb7be4e420
RIP=0x000073ec6628a264, EFLAGS=0x0000000000010246, CSGSFS=0x002b000000000033, ERR=0x0000000000000004
  TRAPNO=0x000000000000000e

XMM[0]=0x0000000000000000 0x000073ec608fdf10
XMM[1]=0x000073ec608fdf10 0x000073ebe3501b30
XMM[2]=0x000073eb7be4e580 0x0000003000000018
XMM[3]=0x000073eb00000000 0x000073ec5093fb10
XMM[4]=0x000073eb7be4d730 0x000073eb7be4d788
XMM[5]=0x0000000000000000 0x000073ec608fdf10
XMM[6]=0x0000000000000000 0x000073ec608fdf10
XMM[7]=0x0001000600000028 0x0002001500530050
XMM[8]=0x0027001500260023 0x0018001500170014
XMM[9]=0x0000000000000000 0x000000008f7db938
XMM[10]=0x0000000000000000 0x000000008f7db938
XMM[11]=0x0000000000000000 0x00000000b3ffffc6
XMM[12]=0x0000000000000000 0x0000000000000000
XMM[13]=0x0000000000000000 0x4008000000000000
XMM[14]=0x0000000000000000 0xc018000000000000
XMM[15]=0x0000000000000000 0x0000000000000000
  MXCSR=0x00001fa4


Register to memory mapping:

RAX=0x000073eb7be4e4c0 is pointing into the stack for thread: 0x000073ec608fdf10
RBX=0x000073ec608fdf10 is a thread
RCX=0x000073eb7be4e420 is pointing into the stack for thread: 0x000073ec608fdf10
RDX=0x000073ec607ede48 points into unknown readable memory: 0x000073ebe3501b30 | 30 1b 50 e3 eb 73 00 00
RSP=0x000073eb7be4e278 is pointing into the stack for thread: 0x000073ec608fdf10
RBP=0x000073eb7be4e390 is pointing into the stack for thread: 0x000073ec608fdf10
RSI=0x00000030000004f0 is an unknown value
RDI=0x00000030000004f0 is an unknown value
R8 =0x000073ec608fdf10 is a thread
R9 =0x000073eb68000f20 points into unknown readable memory: 0x00000000947b6f00 | 00 6f 7b 94 00 00 00 00
R10={method} {0x000073ebe3501b30} 'notifyKey' '(II[CI)V' in 'com/sun/glass/ui/View'
R11=0x000073ec510a7b40 is at entry_point+32 in (nmethod*)0x000073ec510a7990
Compiled method (c1)   22885 10876       1       com.sun.javafx.tk.quantum.WindowStage::setInAllowedEventHandler (6 bytes)
 total in heap  [0x000073ec510a7990,0x000073ec510a7c28] = 664
 relocation     [0x000073ec510a7af0,0x000073ec510a7b18] = 40
 main code      [0x000073ec510a7b20,0x000073ec510a7bc0] = 160
 stub code      [0x000073ec510a7bc0,0x000073ec510a7bf0] = 48
 oops           [0x000073ec510a7bf0,0x000073ec510a7bf8] = 8
 scopes data    [0x000073ec510a7bf8,0x000073ec510a7c00] = 8
 scopes pcs     [0x000073ec510a7c00,0x000073ec510a7c20] = 32
 dependencies   [0x000073ec510a7c20,0x000073ec510a7c28] = 8
R12=0x000073eb7be4e420 is pointing into the stack for thread: 0x000073ec608fdf10
R13=0x000073eb7be4e3b0 is pointing into the stack for thread: 0x000073ec608fdf10
R14=0x000073ec607ede48 points into unknown readable memory: 0x000073ebe3501b30 | 30 1b 50 e3 eb 73 00 00
R15=0x000073eb7be4e420 is pointing into the stack for thread: 0x000073ec608fdf10


Top of Stack: (sp=0x000073eb7be4e278)
0x000073eb7be4e278:   000073ec668cd63c 000073ec608fdf10
0x000073eb7be4e288:   000073eb7be4e4c0 000073eb7be4e4c8
0x000073eb7be4e298:   00000000000003d8 000073ebc4029a80
0x000073eb7be4e2a8:   000073ebc4029a90 000073eb7be4e2e0
0x000073eb7be4e2b8:   000073eb7be4e310 000073ebc4029e68
0x000073eb7be4e2c8:   000073ebc4029a90 000073ebe3501b30
0x000073eb7be4e2d8:   000073ec608fdf10 000073ec60907630
0x000073eb7be4e2e8:   0000000091d24ad8 000073ec0000006f
0x000073eb7be4e2f8:   000000000000000a 00000000958e5218
0x000073eb7be4e308:   000073eb00000000 000073ec608fdf10
0x000073eb7be4e318:   000073eb68000ea0 000073ebe34f69a8
0x000073eb7be4e328:   0000000100000148 000073eb7be4e890
0x000073eb7be4e338:   000073eb7be4e2e8 000073eb7be4e329
0x000073eb7be4e348:   0000000800000005 0000000000000000
0x000073eb7be4e358:   0000000000000000 000073eb7be4e3e0
0x000073eb7be4e368:   000073ec608fdf10 000073ec607ede48
0x000073eb7be4e378:   00000030000004f0 000073eb7be4e4a8
0x000073eb7be4e388:   000073eb7be4e420 000073eb7be4e490
0x000073eb7be4e398:   000073ec668df3ed 000073eb7be4e3c0
0x000073eb7be4e3a8:   00000000000003d8 000073eb0000000e
0x000073eb7be4e3b8:   000073eb00000000 000073ebe3501b30
0x000073eb7be4e3c8:   000073ec608fdf10 000073ec608fdf10
0x000073eb7be4e3d8:   0000000000000000 000073eb7be4e440
0x000073eb7be4e3e8:   000073ec35d54ac4 000073ebe7461130
0x000073eb7be4e3f8:   000000100000000e 000000000015b55c
0x000073eb7be4e408:   77c99b3fa16c4900 0000000000000536
0x000073eb7be4e418:   000073ebe3501b30 000073ec67252ed8
0x000073eb7be4e428:   000073ebe7461130 000073eb0000000e
0x000073eb7be4e438:   000000000015b55c 0000000000000000
0x000073eb7be4e448:   0000003000000018 000073eb7be4e580
0x000073eb7be4e458:   000073eb7be4e4c0 000073eb7be4e400
0x000073eb7be4e468:   000073eb68000f20 000000000000000a 

Instructions: (pc=0x000073ec6628a264)
0x000073ec6628a164:   00 c3 66 2e 0f 1f 84 00 00 00 00 00 31 c0 c3 0f
0x000073ec6628a174:   1f 44 00 00 b8 01 00 00 00 c3 66 90 b8 07 00 00
0x000073ec6628a184:   00 c3 66 2e 0f 1f 84 00 00 00 00 00 b8 08 00 00
0x000073ec6628a194:   00 c3 66 2e 0f 1f 84 00 00 00 00 00 b8 02 00 00
0x000073ec6628a1a4:   00 c3 66 2e 0f 1f 84 00 00 00 00 00 b8 03 00 00
0x000073ec6628a1b4:   00 c3 66 2e 0f 1f 84 00 00 00 00 00 b8 04 00 00
0x000073ec6628a1c4:   00 c3 66 2e 0f 1f 84 00 00 00 00 00 b8 05 00 00
0x000073ec6628a1d4:   00 c3 48 8d 05 6b 61 07 01 55 be 9c 00 00 00 48
0x000073ec6628a1e4:   8d 3d 66 dd d6 00 48 8b 00 48 89 e5 c6 00 58 e8
0x000073ec6628a1f4:   d8 4f 38 00 e8 93 2f 9b 00 31 c0 5d c3 90 66 66
0x000073ec6628a204:   2e 0f 1f 84 00 00 00 00 00 0f 1f 00 f3 0f 1e fa
0x000073ec6628a214:   48 8b 47 08 0f b7 50 28 0f b7 40 2a 8d 44 02 19
0x000073ec6628a224:   c3 66 2e 0f 1f 84 00 00 00 00 00 90 f3 0f 1e fa
0x000073ec6628a234:   8b 47 08 c1 f8 03 c3 0f 1f 44 00 00 f3 0f 1e fa
0x000073ec6628a244:   48 8b 07 c3 0f 1f 84 00 00 00 00 00 f3 0f 1e fa
0x000073ec6628a254:   48 8b 07 c3 0f 1f 84 00 00 00 00 00 f3 0f 1e fa
0x000073ec6628a264:   48 8b 07 c3 0f 1f 84 00 00 00 00 00 f3 0f 1e fa
0x000073ec6628a274:   48 8b 07 c3 0f 1f 84 00 00 00 00 00 f3 0f 1e fa
0x000073ec6628a284:   48 8b 07 c3 0f 1f 84 00 00 00 00 00 f3 0f 1e fa
0x000073ec6628a294:   48 8b 07 c3 0f 1f 84 00 00 00 00 00 f3 0f 1e fa
0x000073ec6628a2a4:   55 48 89 e5 41 55 41 54 53 48 83 ec 08 48 8b 1f
0x000073ec6628a2b4:   4c 8d 2d 45 ed 0f 01 48 89 da 49 23 55 00 48 89
0x000073ec6628a2c4:   d8 75 11 48 83 c4 08 5b 41 5c 41 5d 5d c3 66 0f
0x000073ec6628a2d4:   1f 44 00 00 49 89 fc 48 89 df e8 4d f3 ce 00 48
0x000073ec6628a2e4:   89 c2 4d 85 e4 74 05 48 85 c0 75 16 48 83 c4 08
0x000073ec6628a2f4:   48 89 d0 5b 41 5c 41 5d 5d c3 66 90 49 23 45 00
0x000073ec6628a304:   74 ea 48 89 d9 48 89 d8 f0 49 0f b1 14 24 48 89
0x000073ec6628a314:   c3 48 39 c8 75 e6 eb d4 0f 1f 40 00 f3 0f 1e fa
0x000073ec6628a324:   55 48 89 e5 53 48 89 fb 48 83 ec 08 48 8d 05 d9
0x000073ec6628a334:   af 0a 01 48 8d 15 50 d0 0b 01 48 8b 00 80 3a 00
0x000073ec6628a344:   8b 40 10 74 1f 83 f8 05 0f 87 da 00 00 00 48 8d
0x000073ec6628a354:   15 33 a1 dc 00 48 63 04 82 48 01 d0 3e ff e0 0f 


Stack slot to memory mapping:
stack at sp + 0 slots: 0x000073ec668cd63c: <offset 0x00000000008cd63c> in /usr/lib/jvm/java-17-openjdk-amd64/lib/server/libjvm.so at 0x000073ec66000000
stack at sp + 1 slots: 0x000073ec608fdf10 is a thread
stack at sp + 2 slots: 0x000073eb7be4e4c0 is pointing into the stack for thread: 0x000073ec608fdf10
stack at sp + 3 slots: 0x000073eb7be4e4c8 is pointing into the stack for thread: 0x000073ec608fdf10
stack at sp + 4 slots: 0x00000000000003d8 is an unknown value
stack at sp + 5 slots: 0x000073ebc4029a80 points into unknown readable memory: 0x0000000000000000 | 00 00 00 00 00 00 00 00
stack at sp + 6 slots: 0x000073ebc4029a90 points into unknown readable memory: 0x2e6e75732e6d6f63 | 63 6f 6d 2e 73 75 6e 2e
stack at sp + 7 slots: 0x000073eb7be4e2e0 is pointing into the stack for thread: 0x000073ec608fdf10


---------------  P R O C E S S  ---------------

Threads class SMR info:
_java_thread_list=0x000073eb68843390, length=73, elements={
0x000073ec6001d850, 0x000073ec6012bb70, 0x000073ec6012cf60, 0x000073ec601325e0,
0x000073ec601339a0, 0x000073ec60134dc0, 0x000073ec60136780, 0x000073ec60137cc0,
0x000073ec60141130, 0x000073ec6014f7e0, 0x000073ec60193fc0, 0x000073ec6026b620,
0x000073ec608f30b0, 0x000073ec608fdf10, 0x000073ec608fe590, 0x000073eb60ef31b0,
0x000073eb4831c090, 0x000073eb60ef4190, 0x000073eb612a8850, 0x000073eb612b8210,
0x000073eb61fb8fd0, 0x000073eb18024b40, 0x000073eb18028db0, 0x000073eb1808c1c0,
0x000073eb6226fbf0, 0x000073eb62277bc0, 0x000073eb62278c30, 0x000073eb62279bf0,
0x000073eb6227aca0, 0x000073eb6227bd50, 0x000073eb6227d150, 0x000073eb6227dd40,
0x000073eb6227ef00, 0x000073eb622804b0, 0x000073eb62281a70, 0x000073eb62284d10,
0x000073eb6228b460, 0x000073eb6228e5c0, 0x000073eb6228f800, 0x000073ead8001df0,
0x000073eb2402b960, 0x000073eb2402c920, 0x000073eb2402da10, 0x000073eb2402f010,
0x000073eb240304a0, 0x000073eb24031ab0, 0x000073eb24032b50, 0x000073eb24034170,
0x000073eb240357a0, 0x000073eb24036dd0, 0x000073eb24037e70, 0x000073eb240394b0,
0x000073eb2403ab00, 0x000073eb62ab7f00, 0x000073eb2403efa0, 0x000073eb2404ae20,
0x000073eb24059590, 0x000073eb2405a4e0, 0x000073ebac2e3660, 0x000073eacc001120,
0x000073ebc84f02d0, 0x000073ead0000fe0, 0x000073eb686d2b70, 0x000073eb687b3ac0,
0x000073ea5c00b190, 0x000073eb6880b240, 0x000073eb688019d0, 0x000073eb68807cb0,
0x000073eb68808cb0, 0x000073eb68812dc0, 0x000073eb68814690, 0x000073eb688202d0,
0x000073eb681a2780
}

Java Threads: ( => current thread )
  0x000073ec6001d850 JavaThread "main" [_thread_blocked, id=22994, stack(0x000073ec65f00000,0x000073ec66000000)]
  0x000073ec6012bb70 JavaThread "Reference Handler" daemon [_thread_blocked, id=23001, stack(0x000073ec44f04000,0x000073ec45004000)]
  0x000073ec6012cf60 JavaThread "Finalizer" daemon [_thread_blocked, id=23002, stack(0x000073ec44e04000,0x000073ec44f04000)]
  0x000073ec601325e0 JavaThread "Signal Dispatcher" daemon [_thread_blocked, id=23003, stack(0x000073ec44700000,0x000073ec44800000)]
  0x000073ec601339a0 JavaThread "Service Thread" daemon [_thread_blocked, id=23004, stack(0x000073ec44600000,0x000073ec44700000)]
  0x000073ec60134dc0 JavaThread "Monitor Deflation Thread" daemon [_thread_blocked, id=23005, stack(0x000073ec44500000,0x000073ec44600000)]
  0x000073ec60136780 JavaThread "C2 CompilerThread0" daemon [_thread_in_native, id=23006, stack(0x000073ec44400000,0x000073ec44500000)]
  0x000073ec60137cc0 JavaThread "C1 CompilerThread0" daemon [_thread_blocked, id=23007, stack(0x000073ec44300000,0x000073ec44400000)]
  0x000073ec60141130 JavaThread "Sweeper thread" daemon [_thread_blocked, id=23008, stack(0x000073ec44200000,0x000073ec44300000)]
  0x000073ec6014f7e0 JavaThread "Common-Cleaner" daemon [_thread_blocked, id=23009, stack(0x000073ec44100000,0x000073ec44200000)]
  0x000073ec60193fc0 JavaThread "Notification Thread" daemon [_thread_blocked, id=23010, stack(0x000073ec44000000,0x000073ec44100000)]
  0x000073ec6026b620 JavaThread "QuantumRenderer-0" daemon [_thread_blocked, id=23012, stack(0x000073ec35dff000,0x000073ec35eff000)]
  0x000073ec608f30b0 JavaThread "InvokeLaterDispatcher" daemon [_thread_blocked, id=23026, stack(0x000073eb7be50000,0x000073eb7bf50000)]
=>0x000073ec608fdf10 JavaThread "JavaFX Application Thread" [_thread_in_vm, id=23027, stack(0x000073eb7bd50000,0x000073eb7be50000)]
  0x000073ec608fe590 JavaThread "JavaFX-Launcher" [_thread_blocked, id=23029, stack(0x000073eb7b423000,0x000073eb7b523000)]
  0x000073eb60ef31b0 JavaThread "Catalina-utility-1" [_thread_blocked, id=23063, stack(0x000073eb7ae0e000,0x000073eb7af0e000)]
  0x000073eb4831c090 JavaThread "Catalina-utility-2" [_thread_blocked, id=23064, stack(0x000073eb7a6f9000,0x000073eb7a7f9000)]
  0x000073eb60ef4190 JavaThread "container-0" [_thread_blocked, id=23065, stack(0x000073eb7a5f9000,0x000073eb7a6f9000)]
  0x000073eb612a8850 JavaThread "PostgreSQL-JDBC-Cleaner" daemon [_thread_blocked, id=23067, stack(0x000073eb7a4f4000,0x000073eb7a5f4000)]
  0x000073eb612b8210 JavaThread "HikariPool-1 housekeeper" daemon [_thread_blocked, id=23068, stack(0x000073eb7a3f4000,0x000073eb7a4f4000)]
  0x000073eb61fb8fd0 JavaThread "OkHttp Dispatcher" [_thread_blocked, id=23081, stack(0x000073eb7a0de000,0x000073eb7a1de000)]
  0x000073eb18024b40 JavaThread "OkHttp TaskRunner" daemon [_thread_blocked, id=23082, stack(0x000073eb79fde000,0x000073eb7a0de000)]
  0x000073eb18028db0 JavaThread "Okio Watchdog" daemon [_thread_blocked, id=23083, stack(0x000073eb79ede000,0x000073eb79fde000)]
  0x000073eb1808c1c0 JavaThread "OkHttp Dispatcher" [_thread_blocked, id=23084, stack(0x000073eb79dde000,0x000073eb79ede000)]
  0x000073eb6226fbf0 JavaThread "MessageBroker-1" [_thread_blocked, id=23085, stack(0x000073eb7a2f4000,0x000073eb7a3f4000)]
  0x000073eb62277bc0 JavaThread "http-nio-8081-exec-1" daemon [_thread_blocked, id=23086, stack(0x000073eb79cde000,0x000073eb79dde000)]
  0x000073eb62278c30 JavaThread "http-nio-8081-exec-2" daemon [_thread_blocked, id=23087, stack(0x000073eb79bde000,0x000073eb79cde000)]
  0x000073eb62279bf0 JavaThread "http-nio-8081-exec-3" daemon [_thread_blocked, id=23088, stack(0x000073eb79ade000,0x000073eb79bde000)]
  0x000073eb6227aca0 JavaThread "http-nio-8081-exec-4" daemon [_thread_blocked, id=23089, stack(0x000073eb799de000,0x000073eb79ade000)]
  0x000073eb6227bd50 JavaThread "http-nio-8081-exec-5" daemon [_thread_blocked, id=23090, stack(0x000073eb798de000,0x000073eb799de000)]
  0x000073eb6227d150 JavaThread "http-nio-8081-exec-6" daemon [_thread_blocked, id=23091, stack(0x000073eb797de000,0x000073eb798de000)]
  0x000073eb6227dd40 JavaThread "http-nio-8081-exec-7" daemon [_thread_blocked, id=23092, stack(0x000073eb796de000,0x000073eb797de000)]
  0x000073eb6227ef00 JavaThread "http-nio-8081-exec-8" daemon [_thread_blocked, id=23093, stack(0x000073eb795de000,0x000073eb796de000)]
  0x000073eb622804b0 JavaThread "http-nio-8081-exec-9" daemon [_thread_blocked, id=23094, stack(0x000073eb794de000,0x000073eb795de000)]
  0x000073eb62281a70 JavaThread "http-nio-8081-exec-10" daemon [_thread_blocked, id=23095, stack(0x000073eb793de000,0x000073eb794de000)]
  0x000073eb62284d10 JavaThread "http-nio-8081-Poller" daemon [_thread_in_native, id=23096, stack(0x000073eb792de000,0x000073eb793de000)]
  0x000073eb6228b460 JavaThread "http-nio-8081-Acceptor" daemon [_thread_in_native, id=23097, stack(0x000073eb791de000,0x000073eb792de000)]
  0x000073eb6228e5c0 JavaThread "MessageBroker-2" [_thread_blocked, id=23098, stack(0x000073eb790de000,0x000073eb791de000)]
  0x000073eb6228f800 JavaThread "MessageBroker-3" [_thread_blocked, id=23099, stack(0x000073eb78fde000,0x000073eb790de000)]
  0x000073ead8001df0 JavaThread "MessageBroker-4" [_thread_blocked, id=23100, stack(0x000073eb78ede000,0x000073eb78fde000)]
  0x000073eb2402b960 JavaThread "Thread-3" daemon [_thread_blocked, id=23102, stack(0x000073eb78dde000,0x000073eb78ede000)]
  0x000073eb2402c920 JavaThread "WebSocketClient-AsyncIO-1" daemon [_thread_blocked, id=23103, stack(0x000073eb78cde000,0x000073eb78dde000)]
  0x000073eb2402da10 JavaThread "WebSocketClient-AsyncIO-2" daemon [_thread_blocked, id=23104, stack(0x000073eb78bde000,0x000073eb78cde000)]
  0x000073eb2402f010 JavaThread "WebSocketClient-AsyncIO-3" daemon [_thread_in_native, id=23105, stack(0x000073eb78ade000,0x000073eb78bde000)]
  0x000073eb240304a0 JavaThread "WebSocketClient-AsyncIO-4" daemon [_thread_blocked, id=23106, stack(0x000073eb789de000,0x000073eb78ade000)]
  0x000073eb24031ab0 JavaThread "WebSocketClient-AsyncIO-5" daemon [_thread_blocked, id=23107, stack(0x000073eb788de000,0x000073eb789de000)]
  0x000073eb24032b50 JavaThread "WebSocketClient-AsyncIO-6" daemon [_thread_blocked, id=23108, stack(0x000073eb787de000,0x000073eb788de000)]
  0x000073eb24034170 JavaThread "WebSocketClient-AsyncIO-7" daemon [_thread_blocked, id=23109, stack(0x000073eb786de000,0x000073eb787de000)]
  0x000073eb240357a0 JavaThread "WebSocketClient-AsyncIO-8" daemon [_thread_blocked, id=23110, stack(0x000073eb785de000,0x000073eb786de000)]
  0x000073eb24036dd0 JavaThread "WebSocketClient-AsyncIO-9" daemon [_thread_blocked, id=23111, stack(0x000073eb784de000,0x000073eb785de000)]
  0x000073eb24037e70 JavaThread "WebSocketClient-AsyncIO-10" daemon [_thread_blocked, id=23112, stack(0x000073eb783de000,0x000073eb784de000)]
  0x000073eb240394b0 JavaThread "WebSocketClient-AsyncIO-11" daemon [_thread_blocked, id=23113, stack(0x000073eb782de000,0x000073eb783de000)]
  0x000073eb2403ab00 JavaThread "WebSocketClient-AsyncIO-12" daemon [_thread_blocked, id=23114, stack(0x000073eb781de000,0x000073eb782de000)]
  0x000073eb62ab7f00 JavaThread "Prism Font Disposer" daemon [_thread_blocked, id=23115, stack(0x000073ea9be82000,0x000073ea9bf82000)]
  0x000073eb2403efa0 JavaThread "WebSocketClient-SecureIO-1" daemon [_thread_blocked, id=23118, stack(0x000073ea9bd04000,0x000073ea9be04000)]
  0x000073eb2404ae20 JavaThread "WebSocketClient-SecureIO-2" daemon [_thread_blocked, id=23119, stack(0x000073ea9b403000,0x000073ea9b503000)]
  0x000073eb24059590 JavaThread "WebSocket background processing" daemon [_thread_blocked, id=23120, stack(0x000073ea9b303000,0x000073ea9b403000)]
  0x000073eb2405a4e0 JavaThread "MessageBroker-5" [_thread_blocked, id=23121, stack(0x000073ea9b203000,0x000073ea9b303000)]
  0x000073ebac2e3660 JavaThread "Cleaner-0" daemon [_thread_blocked, id=23123, stack(0x000073ea9a56b000,0x000073ea9a66b000)]
  0x000073eacc001120 JavaThread "MessageBroker-6" [_thread_blocked, id=23134, stack(0x000073ea9846b000,0x000073ea9856b000)]
  0x000073ebc84f02d0 JavaThread "C2 CompilerThread1" daemon [_thread_in_native, id=23153, stack(0x000073eb7a1de000,0x000073eb7a2de000)]
  0x000073ead0000fe0 JavaThread "MessageBroker-7" [_thread_blocked, id=23154, stack(0x000073ea6bace000,0x000073ea6bbce000)]
  0x000073eb686d2b70 JavaThread "pool-7-thread-1" [_thread_blocked, id=23155, stack(0x000073ea6b9ce000,0x000073ea6bace000)]
  0x000073eb687b3ac0 JavaThread "process reaper" daemon [_thread_blocked, id=23161, stack(0x000073ea6ad7c000,0x000073ea6ad9e000)]
  0x000073ea5c00b190 JavaThread "Keep-Alive-Timer" daemon [_thread_blocked, id=23164, stack(0x000073ea6b643000,0x000073ea6b743000)]
  0x000073eb6880b240 JavaThread "pool-4-thread-1" [_thread_in_native, id=23165, stack(0x000073ea6a871000,0x000073ea6a971000)]
  0x000073eb688019d0 JavaThread "pool-4-thread-2" [_thread_blocked, id=23166, stack(0x000073ea69d00000,0x000073ea69e00000)]
  0x000073eb68807cb0 JavaThread "pool-4-thread-3" [_thread_blocked, id=23167, stack(0x000073ea69c00000,0x000073ea69d00000)]
  0x000073eb68808cb0 JavaThread "pool-6-thread-1" [_thread_blocked, id=23168, stack(0x000073ea69b00000,0x000073ea69c00000)]
  0x000073eb68812dc0 JavaThread "pool-4-thread-4" [_thread_blocked, id=23169, stack(0x000073ea69a00000,0x000073ea69b00000)]
  0x000073eb68814690 JavaThread "pool-5-thread-1" [_thread_blocked, id=23170, stack(0x000073ea69900000,0x000073ea69a00000)]
  0x000073eb688202d0 JavaThread "PrinterListener" daemon [_thread_blocked, id=23171, stack(0x000073ea69701000,0x000073ea69801000)]
  0x000073eb681a2780 JavaThread "pool-4-thread-5" [_thread_blocked, id=23172, stack(0x000073ea68d5a000,0x000073ea68e5a000)]

Other Threads:
  0x000073ec60127aa0 VMThread "VM Thread" [stack: 0x000073ec45005000,0x000073ec45105000] [id=23000]
  0x000073ec60020520 WatcherThread [stack: 0x000073ec35f00000,0x000073ec36000000] [id=23011]
  0x000073ec600740d0 GCTaskThread "GC Thread#0" [stack: 0x000073ec64482000,0x000073ec64582000] [id=22995]
  0x000073ec2c006330 GCTaskThread "GC Thread#1" [stack: 0x000073eb7b323000,0x000073eb7b423000] [id=23030]
  0x000073ec2c006db0 GCTaskThread "GC Thread#2" [stack: 0x000073eb7b222000,0x000073eb7b322000] [id=23031]
  0x000073ec2c007870 GCTaskThread "GC Thread#3" [stack: 0x000073eb7b121000,0x000073eb7b221000] [id=23032]
  0x000073ec2c008330 GCTaskThread "GC Thread#4" [stack: 0x000073eb7b020000,0x000073eb7b120000] [id=23033]
  0x000073ec2c008df0 GCTaskThread "GC Thread#5" [stack: 0x000073eb7af1f000,0x000073eb7b01f000] [id=23034]
  0x000073ec2c00cda0 GCTaskThread "GC Thread#6" [stack: 0x000073eb7ad0e000,0x000073eb7ae0e000] [id=23036]
  0x000073ec2c00da10 GCTaskThread "GC Thread#7" [stack: 0x000073eb7ac0d000,0x000073eb7ad0d000] [id=23037]
  0x000073ec2c00c480 GCTaskThread "GC Thread#8" [stack: 0x000073eb7ab0c000,0x000073eb7ac0c000] [id=23038]
  0x000073ec2c014390 GCTaskThread "GC Thread#9" [stack: 0x000073eb7aa0b000,0x000073eb7ab0b000] [id=23039]
  0x000073ec60083980 ConcurrentGCThread "G1 Main Marker" [stack: 0x000073ec64381000,0x000073ec64481000] [id=22996]
  0x000073ec60084900 ConcurrentGCThread "G1 Conc#0" [stack: 0x000073ec64280000,0x000073ec64380000] [id=22997]
  0x000073ec38000ea0 ConcurrentGCThread "G1 Conc#1" [stack: 0x000073eb7a90a000,0x000073eb7aa0a000] [id=23040]
  0x000073ec380019a0 ConcurrentGCThread "G1 Conc#2" [stack: 0x000073eb7a809000,0x000073eb7a909000] [id=23041]
  0x000073ec600fc1c0 ConcurrentGCThread "G1 Refine#0" [stack: 0x000073ec45359000,0x000073ec45459000] [id=22998]
  0x000073ec600fd0d0 ConcurrentGCThread "G1 Service" [stack: 0x000073ec45258000,0x000073ec45358000] [id=22999]

Threads with active compile tasks:
C2 CompilerThread0    22892 12484       4       jdk.internal.org.objectweb.asm.MethodWriter::putMethodInfo (1274 bytes)
C2 CompilerThread1    22892 12588       4       java.lang.invoke.MethodType::makeImpl (109 bytes)

VM state: not at safepoint (normal execution)

VM Mutex/Monitor currently owned by a thread: None

Heap address: 0x000000008ec00000, size: 1812 MB, Compressed Oops mode: 32-bit

CDS archive(s) mapped at: [0x000073ebe7000000-0x000073ebe7bca000-0x000073ebe7bca000), size 12361728, SharedBaseAddress: 0x000073ebe7000000, ArchiveRelocationMode: 1.
Compressed class space mapped at: 0x000073ebe8000000-0x000073ec28000000, reserved size: 1073741824
Narrow klass base: 0x000073ebe7000000, Narrow klass shift: 0, Narrow klass range: 0x100000000

GC Precious Log:
 CPUs: 12 total, 12 available
 Memory: 7243M
 Large Page Support: Disabled
 NUMA Support: Disabled
 Compressed Oops: Enabled (32-bit)
 Heap Region Size: 1M
 Heap Min Capacity: 8M
 Heap Initial Capacity: 114M
 Heap Max Capacity: 1812M
 Pre-touch: Disabled
 Parallel Workers: 10
 Concurrent Workers: 3
 Concurrent Refinement Workers: 10
 Periodic GC: Disabled

Heap:
 garbage-first heap   total 153600K, used 109108K [0x000000008ec00000, 0x0000000100000000)
  region size 1024K, 12 young (12288K), 1 survivors (1024K)
 Metaspace       used 110285K, committed 111040K, reserved 1179648K
  class space    used 15372K, committed 15744K, reserved 1048576K

Heap Regions: E=young(eden), S=young(survivor), O=old, HS=humongous(starts), HC=humongous(continues), CS=collection set, F=free, OA=open archive, CA=closed archive, TAMS=top-at-mark-start (previous, next)
|   0|0x000000008ec00000, 0x000000008ed00000, 0x000000008ed00000|100%|HS|  |TAMS 0x000000008ed00000, 0x000000008ec00000| Complete 
|   1|0x000000008ed00000, 0x000000008ee00000, 0x000000008ee00000|100%| O|  |TAMS 0x000000008ee00000, 0x000000008ed00000| Untracked 
|   2|0x000000008ee00000, 0x000000008ef00000, 0x000000008ef00000|100%|HS|  |TAMS 0x000000008ef00000, 0x000000008ee00000| Complete 
|   3|0x000000008ef00000, 0x000000008f000000, 0x000000008f000000|100%| O|  |TAMS 0x000000008f000000, 0x000000008ef00000| Untracked 
|   4|0x000000008f000000, 0x000000008f100000, 0x000000008f100000|100%| O|  |TAMS 0x000000008f100000, 0x000000008f000000| Untracked 
|   5|0x000000008f100000, 0x000000008f200000, 0x000000008f200000|100%| O|  |TAMS 0x000000008f200000, 0x000000008f100000| Untracked 
|   6|0x000000008f200000, 0x000000008f300000, 0x000000008f300000|100%| O|  |TAMS 0x000000008f300000, 0x000000008f200000| Untracked 
|   7|0x000000008f300000, 0x000000008f400000, 0x000000008f400000|100%| O|  |TAMS 0x000000008f400000, 0x000000008f300000| Untracked 
|   8|0x000000008f400000, 0x000000008f500000, 0x000000008f500000|100%| O|  |TAMS 0x000000008f500000, 0x000000008f400000| Untracked 
|   9|0x000000008f500000, 0x000000008f600000, 0x000000008f600000|100%| O|  |TAMS 0x000000008f600000, 0x000000008f500000| Untracked 
|  10|0x000000008f600000, 0x000000008f700000, 0x000000008f700000|100%| O|  |TAMS 0x000000008f700000, 0x000000008f600000| Untracked 
|  11|0x000000008f700000, 0x000000008f800000, 0x000000008f800000|100%| O|  |TAMS 0x000000008f800000, 0x000000008f700000| Untracked 
|  12|0x000000008f800000, 0x000000008f900000, 0x000000008f900000|100%| O|  |TAMS 0x000000008f900000, 0x000000008f800000| Untracked 
|  13|0x000000008f900000, 0x000000008fa00000, 0x000000008fa00000|100%| O|  |TAMS 0x000000008fa00000, 0x000000008f900000| Untracked 
|  14|0x000000008fa00000, 0x000000008fb00000, 0x000000008fb00000|100%| O|  |TAMS 0x000000008fb00000, 0x000000008fa00000| Untracked 
|  15|0x000000008fb00000, 0x000000008fc00000, 0x000000008fc00000|100%| O|  |TAMS 0x000000008fc00000, 0x000000008fb00000| Untracked 
|  16|0x000000008fc00000, 0x000000008fd00000, 0x000000008fd00000|100%| O|  |TAMS 0x000000008fd00000, 0x000000008fc00000| Untracked 
|  17|0x000000008fd00000, 0x000000008fe00000, 0x000000008fe00000|100%| O|  |TAMS 0x000000008fe00000, 0x000000008fd00000| Untracked 
|  18|0x000000008fe00000, 0x000000008fe00000, 0x000000008ff00000|  0%| F|  |TAMS 0x000000008fe00000, 0x000000008fe00000| Untracked 
|  19|0x000000008ff00000, 0x0000000090000000, 0x0000000090000000|100%| O|  |TAMS 0x0000000090000000, 0x000000008ff00000| Untracked 
|  20|0x0000000090000000, 0x0000000090100000, 0x0000000090100000|100%| O|  |TAMS 0x0000000090100000, 0x0000000090000000| Untracked 
|  21|0x0000000090100000, 0x0000000090200000, 0x0000000090200000|100%| O|  |TAMS 0x0000000090200000, 0x0000000090100000| Untracked 
|  22|0x0000000090200000, 0x0000000090300000, 0x0000000090300000|100%| O|  |TAMS 0x0000000090300000, 0x0000000090200000| Untracked 
|  23|0x0000000090300000, 0x0000000090400000, 0x0000000090400000|100%| O|  |TAMS 0x0000000090400000, 0x0000000090300000| Untracked 
|  24|0x0000000090400000, 0x0000000090500000, 0x0000000090500000|100%| O|  |TAMS 0x0000000090500000, 0x0000000090400000| Untracked 
|  25|0x0000000090500000, 0x0000000090600000, 0x0000000090600000|100%| O|  |TAMS 0x0000000090600000, 0x0000000090500000| Untracked 
|  26|0x0000000090600000, 0x0000000090700000, 0x0000000090700000|100%| O|  |TAMS 0x0000000090700000, 0x0000000090600000| Untracked 
|  27|0x0000000090700000, 0x0000000090800000, 0x0000000090800000|100%| O|  |TAMS 0x0000000090800000, 0x0000000090700000| Untracked 
|  28|0x0000000090800000, 0x0000000090900000, 0x0000000090900000|100%| O|  |TAMS 0x0000000090900000, 0x0000000090800000| Untracked 
|  29|0x0000000090900000, 0x0000000090a00000, 0x0000000090a00000|100%| O|  |TAMS 0x0000000090a00000, 0x0000000090900000| Untracked 
|  30|0x0000000090a00000, 0x0000000090b00000, 0x0000000090b00000|100%| O|  |TAMS 0x0000000090b00000, 0x0000000090a00000| Untracked 
|  31|0x0000000090b00000, 0x0000000090c00000, 0x0000000090c00000|100%| O|  |TAMS 0x0000000090c00000, 0x0000000090b00000| Untracked 
|  32|0x0000000090c00000, 0x0000000090d00000, 0x0000000090d00000|100%| O|  |TAMS 0x0000000090d00000, 0x0000000090c00000| Untracked 
|  33|0x0000000090d00000, 0x0000000090e00000, 0x0000000090e00000|100%| O|  |TAMS 0x0000000090e00000, 0x0000000090d00000| Untracked 
|  34|0x0000000090e00000, 0x0000000090f00000, 0x0000000090f00000|100%| O|  |TAMS 0x0000000090f00000, 0x0000000090e00000| Untracked 
|  35|0x0000000090f00000, 0x0000000091000000, 0x0000000091000000|100%| O|  |TAMS 0x0000000091000000, 0x0000000090f00000| Untracked 
|  36|0x0000000091000000, 0x0000000091100000, 0x0000000091100000|100%| O|  |TAMS 0x0000000091100000, 0x0000000091000000| Untracked 
|  37|0x0000000091100000, 0x0000000091200000, 0x0000000091200000|100%| O|  |TAMS 0x0000000091200000, 0x0000000091100000| Untracked 
|  38|0x0000000091200000, 0x0000000091300000, 0x0000000091300000|100%| O|  |TAMS 0x0000000091300000, 0x0000000091200000| Untracked 
|  39|0x0000000091300000, 0x0000000091400000, 0x0000000091400000|100%| O|  |TAMS 0x0000000091400000, 0x0000000091300000| Untracked 
|  40|0x0000000091400000, 0x0000000091400000, 0x0000000091500000|  0%| F|  |TAMS 0x0000000091400000, 0x0000000091400000| Untracked 
|  41|0x0000000091500000, 0x0000000091600000, 0x0000000091600000|100%| O|  |TAMS 0x0000000091600000, 0x0000000091500000| Untracked 
|  42|0x0000000091600000, 0x0000000091700000, 0x0000000091700000|100%|HS|  |TAMS 0x0000000091600000, 0x0000000091600000| Complete 
|  43|0x0000000091700000, 0x0000000091800000, 0x0000000091800000|100%|HS|  |TAMS 0x0000000091700000, 0x0000000091700000| Complete 
|  44|0x0000000091800000, 0x0000000091900000, 0x0000000091900000|100%| O|  |TAMS 0x0000000091900000, 0x0000000091800000| Untracked 
|  45|0x0000000091900000, 0x0000000091a00000, 0x0000000091a00000|100%| O|  |TAMS 0x0000000091a00000, 0x0000000091900000| Untracked 
|  46|0x0000000091a00000, 0x0000000091b00000, 0x0000000091b00000|100%| O|  |TAMS 0x0000000091b00000, 0x0000000091a00000| Untracked 
|  47|0x0000000091b00000, 0x0000000091c00000, 0x0000000091c00000|100%| O|  |TAMS 0x0000000091c00000, 0x0000000091b00000| Untracked 
|  48|0x0000000091c00000, 0x0000000091d00000, 0x0000000091d00000|100%| O|  |TAMS 0x0000000091d00000, 0x0000000091c00000| Untracked 
|  49|0x0000000091d00000, 0x0000000091e00000, 0x0000000091e00000|100%| O|  |TAMS 0x0000000091e00000, 0x0000000091d00000| Untracked 
|  50|0x0000000091e00000, 0x0000000091f00000, 0x0000000091f00000|100%| O|  |TAMS 0x0000000091f00000, 0x0000000091e00000| Untracked 
|  51|0x0000000091f00000, 0x0000000092000000, 0x0000000092000000|100%| O|  |TAMS 0x0000000091fd6600, 0x0000000091f00000| Untracked 
|  52|0x0000000092000000, 0x0000000092100000, 0x0000000092100000|100%| O|  |TAMS 0x0000000092100000, 0x0000000092000000| Untracked 
|  53|0x0000000092100000, 0x0000000092200000, 0x0000000092200000|100%| O|  |TAMS 0x0000000092200000, 0x0000000092100000| Untracked 
|  54|0x0000000092200000, 0x0000000092300000, 0x0000000092300000|100%| O|  |TAMS 0x0000000092300000, 0x0000000092200000| Untracked 
|  55|0x0000000092300000, 0x0000000092400000, 0x0000000092400000|100%| O|  |TAMS 0x0000000092400000, 0x0000000092300000| Untracked 
|  56|0x0000000092400000, 0x0000000092500000, 0x0000000092500000|100%| O|  |TAMS 0x0000000092500000, 0x0000000092400000| Untracked 
|  57|0x0000000092500000, 0x0000000092600000, 0x0000000092600000|100%| O|  |TAMS 0x0000000092600000, 0x0000000092500000| Untracked 
|  58|0x0000000092600000, 0x0000000092700000, 0x0000000092700000|100%| O|  |TAMS 0x0000000092700000, 0x0000000092600000| Untracked 
|  59|0x0000000092700000, 0x0000000092800000, 0x0000000092800000|100%|HS|  |TAMS 0x0000000092700000, 0x0000000092700000| Complete 
|  60|0x0000000092800000, 0x0000000092900000, 0x0000000092900000|100%|HS|  |TAMS 0x0000000092900000, 0x0000000092800000| Complete 
|  61|0x0000000092900000, 0x0000000092a00000, 0x0000000092a00000|100%|HC|  |TAMS 0x0000000092a00000, 0x0000000092900000| Complete 
|  62|0x0000000092a00000, 0x0000000092b00000, 0x0000000092b00000|100%|HC|  |TAMS 0x0000000092b00000, 0x0000000092a00000| Complete 
|  63|0x0000000092b00000, 0x0000000092c00000, 0x0000000092c00000|100%|HS|  |TAMS 0x0000000092c00000, 0x0000000092b00000| Complete 
|  64|0x0000000092c00000, 0x0000000092d00000, 0x0000000092d00000|100%|HS|  |TAMS 0x0000000092d00000, 0x0000000092c00000| Complete 
|  65|0x0000000092d00000, 0x0000000092e00000, 0x0000000092e00000|100%|HC|  |TAMS 0x0000000092e00000, 0x0000000092d00000| Complete 
|  66|0x0000000092e00000, 0x0000000092f00000, 0x0000000092f00000|100%|HC|  |TAMS 0x0000000092f00000, 0x0000000092e00000| Complete 
|  67|0x0000000092f00000, 0x0000000093000000, 0x0000000093000000|100%|HS|  |TAMS 0x0000000093000000, 0x0000000092f00000| Complete 
|  68|0x0000000093000000, 0x0000000093100000, 0x0000000093100000|100%|HC|  |TAMS 0x0000000093100000, 0x0000000093000000| Complete 
|  69|0x0000000093100000, 0x0000000093200000, 0x0000000093200000|100%|HC|  |TAMS 0x0000000093200000, 0x0000000093100000| Complete 
|  70|0x0000000093200000, 0x0000000093300000, 0x0000000093300000|100%|HC|  |TAMS 0x0000000093300000, 0x0000000093200000| Complete 
|  71|0x0000000093300000, 0x0000000093400000, 0x0000000093400000|100%|HS|  |TAMS 0x0000000093400000, 0x0000000093300000| Complete 
|  72|0x0000000093400000, 0x0000000093500000, 0x0000000093500000|100%|HC|  |TAMS 0x0000000093500000, 0x0000000093400000| Complete 
|  73|0x0000000093500000, 0x0000000093600000, 0x0000000093600000|100%| O|  |TAMS 0x0000000093600000, 0x0000000093500000| Untracked 
|  74|0x0000000093600000, 0x0000000093700000, 0x0000000093700000|100%| O|  |TAMS 0x0000000093700000, 0x0000000093600000| Untracked 
|  75|0x0000000093700000, 0x0000000093800000, 0x0000000093800000|100%| O|  |TAMS 0x0000000093800000, 0x0000000093700000| Untracked 
|  76|0x0000000093800000, 0x0000000093900000, 0x0000000093900000|100%|HS|  |TAMS 0x0000000093800000, 0x0000000093800000| Complete 
|  77|0x0000000093900000, 0x0000000093a00000, 0x0000000093a00000|100%|HC|  |TAMS 0x0000000093900000, 0x0000000093900000| Complete 
|  78|0x0000000093a00000, 0x0000000093b00000, 0x0000000093b00000|100%|HC|  |TAMS 0x0000000093a00000, 0x0000000093a00000| Complete 
|  79|0x0000000093b00000, 0x0000000093c00000, 0x0000000093c00000|100%|HC|  |TAMS 0x0000000093b00000, 0x0000000093b00000| Complete 
|  80|0x0000000093c00000, 0x0000000093d00000, 0x0000000093d00000|100%|HS|  |TAMS 0x0000000093d00000, 0x0000000093c00000| Complete 
|  81|0x0000000093d00000, 0x0000000093e00000, 0x0000000093e00000|100%|HC|  |TAMS 0x0000000093e00000, 0x0000000093d00000| Complete 
|  82|0x0000000093e00000, 0x0000000093f00000, 0x0000000093f00000|100%|HC|  |TAMS 0x0000000093f00000, 0x0000000093e00000| Complete 
|  83|0x0000000093f00000, 0x0000000094000000, 0x0000000094000000|100%|HC|  |TAMS 0x0000000094000000, 0x0000000093f00000| Complete 
|  84|0x0000000094000000, 0x0000000094100000, 0x0000000094100000|100%|HC|  |TAMS 0x0000000094100000, 0x0000000094000000| Complete 
|  85|0x0000000094100000, 0x0000000094200000, 0x0000000094200000|100%|HC|  |TAMS 0x0000000094200000, 0x0000000094100000| Complete 
|  86|0x0000000094200000, 0x0000000094300000, 0x0000000094300000|100%|HC|  |TAMS 0x0000000094300000, 0x0000000094200000| Complete 
|  87|0x0000000094300000, 0x0000000094400000, 0x0000000094400000|100%|HC|  |TAMS 0x0000000094400000, 0x0000000094300000| Complete 
|  88|0x0000000094400000, 0x0000000094500000, 0x0000000094500000|100%|HC|  |TAMS 0x0000000094500000, 0x0000000094400000| Complete 
|  89|0x0000000094500000, 0x0000000094600000, 0x0000000094600000|100%| O|  |TAMS 0x0000000094500000, 0x0000000094500000| Untracked 
|  90|0x0000000094600000, 0x0000000094700000, 0x0000000094700000|100%| O|  |TAMS 0x0000000094600000, 0x0000000094600000| Untracked 
|  91|0x0000000094700000, 0x0000000094800000, 0x0000000094800000|100%| O|  |TAMS 0x0000000094700000, 0x0000000094700000| Untracked 
|  92|0x0000000094800000, 0x0000000094900000, 0x0000000094900000|100%| O|  |TAMS 0x0000000094800000, 0x0000000094800000| Untracked 
|  93|0x0000000094900000, 0x0000000094a00000, 0x0000000094a00000|100%| O|  |TAMS 0x0000000094900000, 0x0000000094900000| Untracked 
|  94|0x0000000094a00000, 0x0000000094b00000, 0x0000000094b00000|100%| O|  |TAMS 0x0000000094a00000, 0x0000000094a00000| Untracked 
|  95|0x0000000094b00000, 0x0000000094c00000, 0x0000000094c00000|100%| O|  |TAMS 0x0000000094b00000, 0x0000000094b00000| Untracked 
|  96|0x0000000094c00000, 0x0000000094cafa00, 0x0000000094d00000| 68%| O|  |TAMS 0x0000000094c00000, 0x0000000094c00000| Untracked 
|  97|0x0000000094d00000, 0x0000000094d00000, 0x0000000094e00000|  0%| F|  |TAMS 0x0000000094d00000, 0x0000000094d00000| Untracked 
|  98|0x0000000094e00000, 0x0000000094e00000, 0x0000000094f00000|  0%| F|  |TAMS 0x0000000094e00000, 0x0000000094e00000| Untracked 
|  99|0x0000000094f00000, 0x0000000094f00000, 0x0000000095000000|  0%| F|  |TAMS 0x0000000094f00000, 0x0000000094f00000| Untracked 
| 100|0x0000000095000000, 0x0000000095000000, 0x0000000095100000|  0%| F|  |TAMS 0x0000000095000000, 0x0000000095000000| Untracked 
| 101|0x0000000095100000, 0x0000000095100000, 0x0000000095200000|  0%| F|  |TAMS 0x0000000095100000, 0x0000000095100000| Untracked 
| 102|0x0000000095200000, 0x0000000095200000, 0x0000000095300000|  0%| F|  |TAMS 0x0000000095200000, 0x0000000095200000| Untracked 
| 103|0x0000000095300000, 0x0000000095300000, 0x0000000095400000|  0%| F|  |TAMS 0x0000000095300000, 0x0000000095300000| Untracked 
| 104|0x0000000095400000, 0x0000000095400000, 0x0000000095500000|  0%| F|  |TAMS 0x0000000095400000, 0x0000000095400000| Untracked 
| 105|0x0000000095500000, 0x0000000095500000, 0x0000000095600000|  0%| F|  |TAMS 0x0000000095500000, 0x0000000095500000| Untracked 
| 106|0x0000000095600000, 0x0000000095600000, 0x0000000095700000|  0%| F|  |TAMS 0x0000000095600000, 0x0000000095600000| Untracked 
| 107|0x0000000095700000, 0x0000000095700000, 0x0000000095800000|  0%| F|  |TAMS 0x0000000095700000, 0x0000000095700000| Untracked 
| 108|0x0000000095800000, 0x0000000095800000, 0x0000000095900000|  0%| F|  |TAMS 0x0000000095800000, 0x0000000095800000| Untracked 
| 109|0x0000000095900000, 0x0000000095900000, 0x0000000095a00000|  0%| F|  |TAMS 0x0000000095900000, 0x0000000095900000| Untracked 
| 110|0x0000000095a00000, 0x0000000095a00000, 0x0000000095b00000|  0%| F|  |TAMS 0x0000000095a00000, 0x0000000095a00000| Untracked 
| 111|0x0000000095b00000, 0x0000000095b00000, 0x0000000095c00000|  0%| F|  |TAMS 0x0000000095b00000, 0x0000000095b00000| Untracked 
| 112|0x0000000095c00000, 0x0000000095c00000, 0x0000000095d00000|  0%| F|  |TAMS 0x0000000095c00000, 0x0000000095c00000| Untracked 
| 113|0x0000000095d00000, 0x0000000095d00000, 0x0000000095e00000|  0%| F|  |TAMS 0x0000000095d00000, 0x0000000095d00000| Untracked 
| 114|0x0000000095e00000, 0x0000000095e00000, 0x0000000095f00000|  0%| F|  |TAMS 0x0000000095e00000, 0x0000000095e00000| Untracked 
| 115|0x0000000095f00000, 0x0000000095f00000, 0x0000000096000000|  0%| F|  |TAMS 0x0000000095f00000, 0x0000000095f00000| Untracked 
| 116|0x0000000096000000, 0x0000000096000000, 0x0000000096100000|  0%| F|  |TAMS 0x0000000096000000, 0x0000000096000000| Untracked 
| 117|0x0000000096100000, 0x0000000096100000, 0x0000000096200000|  0%| F|  |TAMS 0x0000000096100000, 0x0000000096100000| Untracked 
| 118|0x0000000096200000, 0x0000000096200000, 0x0000000096300000|  0%| F|  |TAMS 0x0000000096200000, 0x0000000096200000| Untracked 
| 119|0x0000000096300000, 0x0000000096300000, 0x0000000096400000|  0%| F|  |TAMS 0x0000000096300000, 0x0000000096300000| Untracked 
| 120|0x0000000096400000, 0x0000000096400000, 0x0000000096500000|  0%| F|  |TAMS 0x0000000096400000, 0x0000000096400000| Untracked 
| 121|0x0000000096500000, 0x0000000096500000, 0x0000000096600000|  0%| F|  |TAMS 0x0000000096500000, 0x0000000096500000| Untracked 
| 122|0x0000000096600000, 0x0000000096600000, 0x0000000096700000|  0%| F|  |TAMS 0x0000000096600000, 0x0000000096600000| Untracked 
| 123|0x0000000096700000, 0x0000000096700000, 0x0000000096800000|  0%| F|  |TAMS 0x0000000096700000, 0x0000000096700000| Untracked 
| 124|0x0000000096800000, 0x0000000096800000, 0x0000000096900000|  0%| F|  |TAMS 0x0000000096800000, 0x0000000096800000| Untracked 
| 125|0x0000000096900000, 0x0000000096900000, 0x0000000096a00000|  0%| F|  |TAMS 0x0000000096900000, 0x0000000096900000| Untracked 
| 126|0x0000000096a00000, 0x0000000096a00000, 0x0000000096b00000|  0%| F|  |TAMS 0x0000000096a00000, 0x0000000096a00000| Untracked 
| 127|0x0000000096b00000, 0x0000000096b00000, 0x0000000096c00000|  0%| F|  |TAMS 0x0000000096b00000, 0x0000000096b00000| Untracked 
| 128|0x0000000096c00000, 0x0000000096c00000, 0x0000000096d00000|  0%| F|  |TAMS 0x0000000096c00000, 0x0000000096c00000| Untracked 
| 129|0x0000000096d00000, 0x0000000096d00000, 0x0000000096e00000|  0%| F|  |TAMS 0x0000000096d00000, 0x0000000096d00000| Untracked 
| 130|0x0000000096e00000, 0x0000000096e00000, 0x0000000096f00000|  0%| F|  |TAMS 0x0000000096e00000, 0x0000000096e00000| Untracked 
| 131|0x0000000096f00000, 0x0000000096f00000, 0x0000000097000000|  0%| F|  |TAMS 0x0000000096f00000, 0x0000000096f00000| Untracked 
| 132|0x0000000097000000, 0x0000000097000000, 0x0000000097100000|  0%| F|  |TAMS 0x0000000097000000, 0x0000000097000000| Untracked 
| 133|0x0000000097100000, 0x0000000097100000, 0x0000000097200000|  0%| F|  |TAMS 0x0000000097100000, 0x0000000097100000| Untracked 
| 134|0x0000000097200000, 0x0000000097200000, 0x0000000097300000|  0%| F|  |TAMS 0x0000000097200000, 0x0000000097200000| Untracked 
| 135|0x0000000097300000, 0x0000000097300000, 0x0000000097400000|  0%| F|  |TAMS 0x0000000097300000, 0x0000000097300000| Untracked 
| 136|0x0000000097400000, 0x00000000974a7ca0, 0x0000000097500000| 65%| E|  |TAMS 0x0000000097400000, 0x0000000097400000| Complete 
| 137|0x0000000097500000, 0x0000000097600000, 0x0000000097600000|100%| E|CS|TAMS 0x0000000097500000, 0x0000000097500000| Complete 
| 138|0x0000000097600000, 0x0000000097700000, 0x0000000097700000|100%| E|CS|TAMS 0x0000000097600000, 0x0000000097600000| Complete 
| 139|0x0000000097700000, 0x0000000097800000, 0x0000000097800000|100%| E|CS|TAMS 0x0000000097700000, 0x0000000097700000| Complete 
| 140|0x0000000097800000, 0x0000000097900000, 0x0000000097900000|100%| E|CS|TAMS 0x0000000097800000, 0x0000000097800000| Complete 
| 141|0x0000000097900000, 0x0000000097a00000, 0x0000000097a00000|100%| E|CS|TAMS 0x0000000097900000, 0x0000000097900000| Complete 
| 142|0x0000000097a00000, 0x0000000097b00000, 0x0000000097b00000|100%| E|CS|TAMS 0x0000000097a00000, 0x0000000097a00000| Complete 
| 143|0x0000000097b00000, 0x0000000097c00000, 0x0000000097c00000|100%| E|CS|TAMS 0x0000000097b00000, 0x0000000097b00000| Complete 
| 144|0x0000000097c00000, 0x0000000097d00000, 0x0000000097d00000|100%| E|CS|TAMS 0x0000000097c00000, 0x0000000097c00000| Complete 
| 145|0x0000000097d00000, 0x0000000097df0860, 0x0000000097e00000| 93%| S|CS|TAMS 0x0000000097d00000, 0x0000000097d00000| Complete 
| 146|0x0000000097e00000, 0x0000000097f00000, 0x0000000097f00000|100%| E|CS|TAMS 0x0000000097e00000, 0x0000000097e00000| Complete 
| 147|0x0000000097f00000, 0x0000000098000000, 0x0000000098000000|100%| E|CS|TAMS 0x0000000097f00000, 0x0000000097f00000| Complete 
|1810|0x00000000ffe00000, 0x00000000ffe75000, 0x00000000fff00000| 45%|OA|  |TAMS 0x00000000ffe75000, 0x00000000ffe00000| Untracked 
|1811|0x00000000fff00000, 0x00000000fff78000, 0x0000000100000000| 46%|CA|  |TAMS 0x00000000fff78000, 0x00000000fff00000| Untracked 

Card table byte_map: [0x000073ec6490c000,0x000073ec64c96000] _byte_map_base: 0x000073ec64496000

Marking Bits (Prev, Next): (CMBitMap*) 0x000073ec60074b70, (CMBitMap*) 0x000073ec60074bb0
 Prev Bits: [0x000073ec477b0000, 0x000073ec49400000)
 Next Bits: [0x000073ec45b60000, 0x000073ec477b0000)

Polling page: 0x000073ec677a6000

Metaspace:

Usage:
  Non-class:     92.69 MB used.
      Class:     15.01 MB used.
       Both:    107.70 MB used.

Virtual space:
  Non-class space:      128.00 MB reserved,      93.06 MB ( 73%) committed,  2 nodes.
      Class space:        1.00 GB reserved,      15.38 MB (  2%) committed,  1 nodes.
             Both:        1.12 GB reserved,     108.44 MB (  9%) committed. 

Chunk freelists:
   Non-Class:  2.57 MB
       Class:  577.00 KB
        Both:  3.14 MB

MaxMetaspaceSize: unlimited
CompressedClassSpaceSize: 1.00 GB
Initial GC threshold: 21.00 MB
Current GC threshold: 170.56 MB
CDS: on
MetaspaceReclaimPolicy: balanced
 - commit_granule_bytes: 65536.
 - commit_granule_words: 8192.
 - virtual_space_node_default_size: 8388608.
 - enlarge_chunks_in_place: 1.
 - new_chunks_are_fully_committed: 0.
 - uncommit_free_chunks: 1.
 - use_allocation_guard: 0.
 - handle_deallocations: 1.


Internal statistics:

num_allocs_failed_limit: 9.
num_arena_births: 1262.
num_arena_deaths: 0.
num_vsnodes_births: 3.
num_vsnodes_deaths: 0.
num_space_committed: 1735.
num_space_uncommitted: 0.
num_chunks_returned_to_freelist: 9.
num_chunks_taken_from_freelist: 5213.
num_chunk_merges: 9.
num_chunk_splits: 3800.
num_chunks_enlarged: 2969.
num_inconsistent_stats: 0.

CodeHeap 'non-profiled nmethods': size=120028Kb used=5272Kb max_used=5272Kb free=114755Kb
 bounds [0x000073ec50ec9000, 0x000073ec513f9000, 0x000073ec58400000]
CodeHeap 'profiled nmethods': size=120028Kb used=18330Kb max_used=18330Kb free=101697Kb
 bounds [0x000073ec49400000, 0x000073ec4a5f0000, 0x000073ec50937000]
CodeHeap 'non-nmethods': size=5704Kb used=1642Kb max_used=1685Kb free=4061Kb
 bounds [0x000073ec50937000, 0x000073ec50ba7000, 0x000073ec50ec9000]
 total_blobs=11917 nmethods=10869 adapters=960
 compilation: enabled
              stopped_count=0, restarted_count=0
 full_count=0

Compilation events (20 events):
Event: 22.868 Thread 0x000073ec60137cc0 12880       2       org.hibernate.event.internal.AbstractVisitor::includeProperty (15 bytes)
Event: 22.868 Thread 0x000073ec60137cc0 nmethod 12880 0x000073ec4a5e3190 code [0x000073ec4a5e3320, 0x000073ec4a5e3470]
Event: 22.868 Thread 0x000073ec60137cc0 12881       2       org.hibernate.event.internal.WrapVisitor::processValue (28 bytes)
Event: 22.868 Thread 0x000073ec60137cc0 nmethod 12881 0x000073ec4a5e3590 code [0x000073ec4a5e3740, 0x000073ec4a5e39c0]
Event: 22.868 Thread 0x000073ec60137cc0 12882       1       org.hibernate.collection.spi.AbstractPersistentCollection::isDirty (5 bytes)
Event: 22.868 Thread 0x000073ec60137cc0 nmethod 12882 0x000073ec513eed10 code [0x000073ec513eeea0, 0x000073ec513eef70]
Event: 22.869 Thread 0x000073ec60137cc0 12883       2       java.time.format.DateTimeParseContext::getDecimalStyle (8 bytes)
Event: 22.869 Thread 0x000073ec60137cc0 nmethod 12883 0x000073ec4a5e3b90 code [0x000073ec4a5e3d20, 0x000073ec4a5e3e30]
Event: 22.869 Thread 0x000073ec60137cc0 12885       2       java.time.temporal.ValueRange::isIntValue (28 bytes)
Event: 22.869 Thread 0x000073ec60137cc0 nmethod 12885 0x000073ec4a5e3f10 code [0x000073ec4a5e40a0, 0x000073ec4a5e41d0]
Event: 22.869 Thread 0x000073ec60137cc0 12884       1       java.time.format.DateTimeParseContext::isStrict (5 bytes)
Event: 22.870 Thread 0x000073ec60137cc0 nmethod 12884 0x000073ec513ef010 code [0x000073ec513ef1a0, 0x000073ec513ef270]
Event: 22.870 Thread 0x000073ec60137cc0 12886   !   2       java.nio.charset.CharsetEncoder::encode (273 bytes)
Event: 22.870 Thread 0x000073ec60137cc0 nmethod 12886 0x000073ec4a5e4290 code [0x000073ec4a5e44c0, 0x000073ec4a5e4b60]
Event: 22.870 Thread 0x000073ec60137cc0 12887       2       sun.nio.cs.UTF_8$Encoder::encodeLoop (28 bytes)
Event: 22.871 Thread 0x000073ec60137cc0 nmethod 12887 0x000073ec4a5e4f10 code [0x000073ec4a5e50c0, 0x000073ec4a5e5290]
Event: 22.871 Thread 0x000073ec60137cc0 12889       2       java.lang.invoke.MethodHandles::dropArguments0 (113 bytes)
Event: 22.871 Thread 0x000073ec60137cc0 nmethod 12889 0x000073ec4a5e5390 code [0x000073ec4a5e5600, 0x000073ec4a5e5c10]
Event: 22.871 Thread 0x000073ec60137cc0 12888   !   2       sun.nio.cs.StreamEncoder::write (78 bytes)
Event: 22.872 Thread 0x000073ec60137cc0 nmethod 12888 0x000073ec4a5e6110 code [0x000073ec4a5e6300, 0x000073ec4a5e6770]

GC Heap History (20 events):
Event: 7.242 GC heap before
{Heap before GC invocations=20 (full 0):
 garbage-first heap   total 98304K, used 78780K [0x000000008ec00000, 0x0000000100000000)
  region size 1024K, 37 young (37888K), 3 survivors (3072K)
 Metaspace       used 75276K, committed 75776K, reserved 1179648K
  class space    used 10471K, committed 10688K, reserved 1048576K
}
Event: 7.246 GC heap after
{Heap after GC invocations=21 (full 0):
 garbage-first heap   total 98304K, used 47549K [0x000000008ec00000, 0x0000000100000000)
  region size 1024K, 5 young (5120K), 5 survivors (5120K)
 Metaspace       used 75276K, committed 75776K, reserved 1179648K
  class space    used 10471K, committed 10688K, reserved 1048576K
}
Event: 7.403 GC heap before
{Heap before GC invocations=21 (full 0):
 garbage-first heap   total 98304K, used 77245K [0x000000008ec00000, 0x0000000100000000)
  region size 1024K, 34 young (34816K), 5 survivors (5120K)
 Metaspace       used 75717K, committed 76224K, reserved 1179648K
  class space    used 10505K, committed 10752K, reserved 1048576K
}
Event: 7.408 GC heap after
{Heap after GC invocations=22 (full 0):
 garbage-first heap   total 122880K, used 49515K [0x000000008ec00000, 0x0000000100000000)
  region size 1024K, 2 young (2048K), 2 survivors (2048K)
 Metaspace       used 75717K, committed 76224K, reserved 1179648K
  class space    used 10505K, committed 10752K, reserved 1048576K
}
Event: 10.588 GC heap before
{Heap before GC invocations=23 (full 0):
 garbage-first heap   total 122880K, used 98667K [0x000000008ec00000, 0x0000000100000000)
  region size 1024K, 50 young (51200K), 2 survivors (2048K)
 Metaspace       used 84879K, committed 85440K, reserved 1179648K
  class space    used 11436K, committed 11712K, reserved 1048576K
}
Event: 10.593 GC heap after
{Heap after GC invocations=24 (full 0):
 garbage-first heap   total 122880K, used 52581K [0x000000008ec00000, 0x0000000100000000)
  region size 1024K, 5 young (5120K), 5 survivors (5120K)
 Metaspace       used 84879K, committed 85440K, reserved 1179648K
  class space    used 11436K, committed 11712K, reserved 1048576K
}
Event: 11.043 GC heap before
{Heap before GC invocations=24 (full 0):
 garbage-first heap   total 122880K, used 97637K [0x000000008ec00000, 0x0000000100000000)
  region size 1024K, 49 young (50176K), 5 survivors (5120K)
 Metaspace       used 89845K, committed 90432K, reserved 1179648K
  class space    used 12147K, committed 12416K, reserved 1048576K
}
Event: 11.049 GC heap after
{Heap after GC invocations=25 (full 0):
 garbage-first heap   total 122880K, used 56765K [0x000000008ec00000, 0x0000000100000000)
  region size 1024K, 7 young (7168K), 7 survivors (7168K)
 Metaspace       used 89845K, committed 90432K, reserved 1179648K
  class space    used 12147K, committed 12416K, reserved 1048576K
}
Event: 11.577 GC heap before
{Heap before GC invocations=25 (full 0):
 garbage-first heap   total 122880K, used 97725K [0x000000008ec00000, 0x0000000100000000)
  region size 1024K, 45 young (46080K), 7 survivors (7168K)
 Metaspace       used 94259K, committed 94848K, reserved 1179648K
  class space    used 12758K, committed 13056K, reserved 1048576K
}
Event: 11.585 GC heap after
{Heap after GC invocations=26 (full 0):
 garbage-first heap   total 122880K, used 63771K [0x000000008ec00000, 0x0000000100000000)
  region size 1024K, 4 young (4096K), 4 survivors (4096K)
 Metaspace       used 94259K, committed 94848K, reserved 1179648K
  class space    used 12758K, committed 13056K, reserved 1048576K
}
Event: 12.544 GC heap before
{Heap before GC invocations=27 (full 0):
 garbage-first heap   total 122880K, used 109851K [0x000000008ec00000, 0x0000000100000000)
  region size 1024K, 28 young (28672K), 4 survivors (4096K)
 Metaspace       used 99558K, committed 100160K, reserved 1179648K
  class space    used 13771K, committed 14080K, reserved 1048576K
}
Event: 12.549 GC heap after
{Heap after GC invocations=28 (full 0):
 garbage-first heap   total 122880K, used 85850K [0x000000008ec00000, 0x0000000100000000)
  region size 1024K, 3 young (3072K), 3 survivors (3072K)
 Metaspace       used 99558K, committed 100160K, reserved 1179648K
  class space    used 13771K, committed 14080K, reserved 1048576K
}
Event: 12.623 GC heap before
{Heap before GC invocations=28 (full 0):
 garbage-first heap   total 122880K, used 88922K [0x000000008ec00000, 0x0000000100000000)
  region size 1024K, 6 young (6144K), 3 survivors (3072K)
 Metaspace       used 100178K, committed 100736K, reserved 1179648K
  class space    used 13858K, committed 14144K, reserved 1048576K
}
Event: 12.626 GC heap after
{Heap after GC invocations=29 (full 0):
 garbage-first heap   total 122880K, used 84666K [0x000000008ec00000, 0x0000000100000000)
  region size 1024K, 1 young (1024K), 1 survivors (1024K)
 Metaspace       used 100178K, committed 100736K, reserved 1179648K
  class space    used 13858K, committed 14144K, reserved 1048576K
}
Event: 21.513 GC heap before
{Heap before GC invocations=29 (full 0):
 garbage-first heap   total 122880K, used 102074K [0x000000008ec00000, 0x0000000100000000)
  region size 1024K, 19 young (19456K), 1 survivors (1024K)
 Metaspace       used 103725K, committed 104320K, reserved 1179648K
  class space    used 14298K, committed 14592K, reserved 1048576K
}
Event: 21.517 GC heap after
{Heap after GC invocations=30 (full 0):
 garbage-first heap   total 147456K, used 85928K [0x000000008ec00000, 0x0000000100000000)
  region size 1024K, 2 young (2048K), 2 survivors (2048K)
 Metaspace       used 103725K, committed 104320K, reserved 1179648K
  class space    used 14298K, committed 14592K, reserved 1048576K
}
Event: 22.385 GC heap before
{Heap before GC invocations=31 (full 0):
 garbage-first heap   total 153600K, used 126888K [0x000000008ec00000, 0x0000000100000000)
  region size 1024K, 36 young (36864K), 2 survivors (2048K)
 Metaspace       used 107682K, committed 108416K, reserved 1179648K
  class space    used 15052K, committed 15424K, reserved 1048576K
}
Event: 22.392 GC heap after
{Heap after GC invocations=32 (full 0):
 garbage-first heap   total 153600K, used 98530K [0x000000008ec00000, 0x0000000100000000)
  region size 1024K, 5 young (5120K), 5 survivors (5120K)
 Metaspace       used 107682K, committed 108416K, reserved 1179648K
  class space    used 15052K, committed 15424K, reserved 1048576K
}
Event: 22.480 GC heap before
{Heap before GC invocations=32 (full 0):
 garbage-first heap   total 153600K, used 100578K [0x000000008ec00000, 0x0000000100000000)
  region size 1024K, 7 young (7168K), 5 survivors (5120K)
 Metaspace       used 107852K, committed 108608K, reserved 1179648K
  class space    used 15063K, committed 15424K, reserved 1048576K
}
Event: 22.485 GC heap after
{Heap after GC invocations=33 (full 0):
 garbage-first heap   total 153600K, used 98868K [0x000000008ec00000, 0x0000000100000000)
  region size 1024K, 1 young (1024K), 1 survivors (1024K)
 Metaspace       used 107852K, committed 108608K, reserved 1179648K
  class space    used 15063K, committed 15424K, reserved 1048576K
}

Dll operation events (20 events):
Event: 0.056 Loaded shared library /usr/lib/jvm/java-17-openjdk-amd64/lib/libjsvml.so
Event: 0.067 Loaded shared library /usr/lib/jvm/java-17-openjdk-amd64/lib/libnio.so
Event: 0.129 Loaded shared library /usr/lib/jvm/java-17-openjdk-amd64/lib/libzip.so
Event: 0.294 Loaded shared library /home/olimjon/Downloads/openjfx-17.0.17_linux-x64_bin-sdk/javafx-sdk-17.0.17/lib/libprism_es2.so
Event: 0.601 Loaded shared library /home/olimjon/Downloads/openjfx-17.0.17_linux-x64_bin-sdk/javafx-sdk-17.0.17/lib/libprism_sw.so
Event: 0.759 Loaded shared library /home/olimjon/Downloads/openjfx-17.0.17_linux-x64_bin-sdk/javafx-sdk-17.0.17/lib/libglass.so
Event: 0.787 Loaded shared library /home/olimjon/Downloads/openjfx-17.0.17_linux-x64_bin-sdk/javafx-sdk-17.0.17/lib/libglassgtk3.so
Event: 0.904 Loaded shared library /usr/lib/jvm/java-17-openjdk-amd64/lib/libverify.so
Event: 0.908 Loaded shared library /usr/lib/jvm/java-17-openjdk-amd64/lib/libjimage.so
Event: 0.958 Loaded shared library /usr/lib/jvm/java-17-openjdk-amd64/lib/libnet.so
Event: 3.558 Loaded shared library /usr/lib/jvm/java-17-openjdk-amd64/lib/libmanagement.so
Event: 3.561 Loaded shared library /usr/lib/jvm/java-17-openjdk-amd64/lib/libmanagement_ext.so
Event: 4.471 Loaded shared library /usr/lib/jvm/java-17-openjdk-amd64/lib/libextnet.so
Event: 10.788 Loaded shared library /home/olimjon/Downloads/openjfx-17.0.17_linux-x64_bin-sdk/javafx-sdk-17.0.17/lib/libjavafx_font.so
Event: 11.556 Loaded shared library /home/olimjon/Downloads/openjfx-17.0.17_linux-x64_bin-sdk/javafx-sdk-17.0.17/lib/libjavafx_iio.so
Event: 11.615 Loaded shared library /home/olimjon/Downloads/openjfx-17.0.17_linux-x64_bin-sdk/javafx-sdk-17.0.17/lib/libjavafx_font_freetype.so
Event: 11.894 Loaded shared library /home/olimjon/Downloads/openjfx-17.0.17_linux-x64_bin-sdk/javafx-sdk-17.0.17/lib/libjavafx_font_pango.so
Event: 22.639 Loaded shared library /tmp/jSerialComm/1763454059142-libjSerialComm.so
Event: 22.675 Loaded shared library /usr/lib/jvm/java-17-openjdk-amd64/lib/libawt.so
Event: 22.678 Loaded shared library /usr/lib/jvm/java-17-openjdk-amd64/lib/libawt_headless.so

Deoptimization events (20 events):
Event: 22.659 Thread 0x000073eb68814690 Uncommon trap: trap_request=0xffffff45 fr.pc=0x000073ec513677a4 relative=0x0000000000000084
Event: 22.659 Thread 0x000073eb68814690 Uncommon trap: reason=unstable_if action=reinterpret pc=0x000073ec513677a4 method=java.lang.invoke.InnerClassLambdaMetafactory.getOpcodeOffset(Ljava/lang/Class;)I @ 29 c2
Event: 22.659 Thread 0x000073eb68814690 DEOPT PACKING pc=0x000073ec513677a4 sp=0x000073ea699fd6c0
Event: 22.659 Thread 0x000073eb68814690 DEOPT UNPACKING pc=0x000073ec5098d699 sp=0x000073ea699fd670 mode 2
Event: 22.659 Thread 0x000073eb68814690 Uncommon trap: trap_request=0xffffff45 fr.pc=0x000073ec5135d454 relative=0x00000000000006f4
Event: 22.659 Thread 0x000073eb68814690 Uncommon trap: reason=unstable_if action=reinterpret pc=0x000073ec5135d454 method=jdk.internal.org.objectweb.asm.MethodWriter.visitFieldInsn(ILjava/lang/String;Ljava/lang/String;Ljava/lang/String;)V @ 216 c2
Event: 22.659 Thread 0x000073eb68814690 DEOPT PACKING pc=0x000073ec5135d454 sp=0x000073ea699fd670
Event: 22.659 Thread 0x000073eb68814690 DEOPT UNPACKING pc=0x000073ec5098d699 sp=0x000073ea699fd630 mode 2
Event: 22.661 Thread 0x000073eb68807cb0 Uncommon trap: trap_request=0xffffff45 fr.pc=0x000073ec51314530 relative=0x00000000000011d0
Event: 22.661 Thread 0x000073eb68807cb0 Uncommon trap: reason=unstable_if action=reinterpret pc=0x000073ec51314530 method=java.util.concurrent.ConcurrentHashMap.putVal(Ljava/lang/Object;Ljava/lang/Object;Z)Ljava/lang/Object; @ 97 c2
Event: 22.661 Thread 0x000073eb68807cb0 DEOPT PACKING pc=0x000073ec51314530 sp=0x000073ea69cfcb70
Event: 22.661 Thread 0x000073eb68807cb0 DEOPT UNPACKING pc=0x000073ec5098d699 sp=0x000073ea69cfcb18 mode 2
Event: 22.662 Thread 0x000073eb68808cb0 Uncommon trap: trap_request=0xffffff45 fr.pc=0x000073ec512494fc relative=0x0000000000000b5c
Event: 22.662 Thread 0x000073eb68808cb0 Uncommon trap: reason=unstable_if action=reinterpret pc=0x000073ec512494fc method=org.springframework.util.ConcurrentReferenceHashMap$Segment.doTask(ILjava/lang/Object;Lorg/springframework/util/ConcurrentReferenceHashMap$Task;)Ljava/lang/Object; @ 89 c2
Event: 22.662 Thread 0x000073eb68808cb0 DEOPT PACKING pc=0x000073ec512494fc sp=0x000073ea69bfcfe0
Event: 22.662 Thread 0x000073eb68808cb0 DEOPT UNPACKING pc=0x000073ec5098d699 sp=0x000073ea69bfcdf8 mode 2
Event: 22.665 Thread 0x000073eb68808cb0 Uncommon trap: trap_request=0xffffff54 fr.pc=0x000073ec510cc2f4 relative=0x0000000000000eb4
Event: 22.665 Thread 0x000073eb68808cb0 Uncommon trap: reason=speculate_null_assert action=make_not_entrant pc=0x000073ec510cc2f4 method=java.lang.invoke.MethodType$ConcurrentWeakInternSet.add(Ljava/lang/Object;)Ljava/lang/Object; @ 47 c2
Event: 22.665 Thread 0x000073eb68808cb0 DEOPT PACKING pc=0x000073ec510cc2f4 sp=0x000073ea69bfb5e0
Event: 22.665 Thread 0x000073eb68808cb0 DEOPT UNPACKING pc=0x000073ec5098d699 sp=0x000073ea69bfb578 mode 2

Classes loaded (20 events):
Event: 22.787 Loading class sun/net/www/http/HttpCapture
Event: 22.788 Loading class sun/net/www/http/HttpCapture done
Event: 22.788 Loading class sun/net/www/http/HttpCapture$1
Event: 22.788 Loading class sun/net/www/http/HttpCapture$1 done
Event: 22.788 Loading class sun/net/www/http/PosterOutputStream
Event: 22.789 Loading class sun/net/www/http/PosterOutputStream done
Event: 22.791 Loading class sun/print/AttributeClass
Event: 22.791 Loading class sun/print/AttributeClass done
Event: 22.793 Loading class sun/net/www/http/KeepAliveStream
Event: 22.793 Loading class sun/net/www/MeteredStream
Event: 22.794 Loading class sun/net/www/MeteredStream done
Event: 22.796 Loading class sun/net/www/http/KeepAliveStream done
Event: 22.796 Loading class sun/net/www/http/KeepAliveStreamCleaner
Event: 22.797 Loading class sun/net/www/http/KeepAliveStreamCleaner done
Event: 22.799 Loading class sun/net/www/http/KeepAliveStreamCleaner$1
Event: 22.800 Loading class sun/net/www/http/KeepAliveStreamCleaner$1 done
Event: 22.800 Loading class sun/net/www/http/KeepAliveStreamCleaner$2
Event: 22.800 Loading class sun/net/www/http/KeepAliveStreamCleaner$2 done
Event: 22.801 Loading class sun/print/CUPSPrinter$3
Event: 22.801 Loading class sun/print/CUPSPrinter$3 done

Classes unloaded (0 events):
No events

Classes redefined (0 events):
No events

Internal exceptions (20 events):
Event: 12.471 Thread 0x000073ec608fdf10 Exception <a 'java/lang/NoSuchMethodError'{0x0000000094dd00e8}: 'long java.lang.invoke.DirectMethodHandle$Holder.invokeStaticInit(java.lang.Object, java.lang.Object, java.lang.Object)'> (0x0000000094dd00e8) 
thrown [./src/hotspot/share/interpreter/linkResolver.cpp, line 758]
Event: 12.652 Thread 0x000073eb2403efa0 Exception <a 'java/lang/NoSuchMethodError'{0x0000000096024d78}: 'int java.lang.invoke.DirectMethodHandle$Holder.invokeStatic(java.lang.Object, java.lang.Object, int, int)'> (0x0000000096024d78) 
thrown [./src/hotspot/share/interpreter/linkResolver.cpp, line 758]
Event: 21.449 Thread 0x000073ec608fdf10 Exception <a 'java/lang/NoSuchMethodError'{0x00000000951ea798}: 'void java.lang.invoke.DirectMethodHandle$Holder.invokeSpecialIFC(java.lang.Object, java.lang.Object, int, java.lang.Object, java.lang.Object, java.lang.Object, java.lang.Object)'> (0x00000000951ea798) 
thrown [./src/hotspot/share/interpreter/linkResolver.cpp, line 758]
Event: 21.518 Thread 0x000073ec608fdf10 Exception <a 'java/lang/NoSuchMethodError'{0x00000000979050a8}: 'java.lang.Object java.lang.invoke.DelegatingMethodHandle$Holder.reinvoke_L(java.lang.Object, java.lang.Object, long, java.lang.Object, java.lang.Object, java.lang.Object, java.lang.Object, java.lang.Object, java.lang.Object, java.lang.Object, java.lang.Object, java.lang.Object, java.lang.Object, java.lang.Object, java.lang.Object, java.lang.Object, java.lang.Object, java.lang.Object, java.lang.Object, java.lang.Object, java.lang.Object, java.
Event: 21.528 Thread 0x000073ec608fdf10 Exception <a 'java/lang/NoSuchMethodError'{0x0000000097883408}: 'java.lang.Object java.lang.invoke.DirectMethodHandle$Holder.invokeSpecial(java.lang.Object, java.lang.Object, long, java.lang.Object, java.lang.Object, java.lang.Object, java.lang.Object, java.lang.Object, java.lang.Object, java.lang.Object, java.lang.Object, java.lang.Object, java.lang.Object, java.lang.Object, java.lang.Object, java.lang.Object, java.lang.Object, java.lang.Object, java.lang.Object, java.lang.Object, java.lang.Object, java.l
Event: 21.529 Thread 0x000073ec608fdf10 Exception <a 'java/lang/NoSuchMethodError'{0x000000009788bd08}: 'java.lang.Object java.lang.invoke.DelegatingMethodHandle$Holder.reinvoke_L(java.lang.Object, long, java.lang.Object, java.lang.Object, java.lang.Object, java.lang.Object, java.lang.Object, java.lang.Object, java.lang.Object, java.lang.Object, java.lang.Object, java.lang.Object, java.lang.Object, java.lang.Object, java.lang.Object, java.lang.Object, java.lang.Object, java.lang.Object, java.lang.Object, java.lang.Object, java.lang.Object, java.
Event: 21.541 Thread 0x000073ec608fdf10 Exception <a 'java/lang/NoSuchMethodError'{0x0000000097635110}: 'java.lang.Object java.lang.invoke.Invokers$Holder.linkToTargetMethod(java.lang.Object, java.lang.Object, java.lang.Object, java.lang.Object, java.lang.Object, java.lang.Object, java.lang.Object, java.lang.Object, java.lang.Object, java.lang.Object, java.lang.Object, java.lang.Object, java.lang.Object, java.lang.Object, java.lang.Object, java.lang.Object, java.lang.Object, java.lang.Object, java.lang.Object, java.lang.Object, java.lang.Object,
Event: 22.018 Thread 0x000073ec608fdf10 Exception <a 'java/lang/ClassNotFoundException'{0x0000000096e7a6e8}: com/sun/javafx/scene/control/skin/resources/controls-nt> (0x0000000096e7a6e8) 
thrown [./src/hotspot/share/prims/jni.cpp, line 535]
Event: 22.019 Thread 0x000073ec608fdf10 Exception <a 'java/lang/ClassNotFoundException'{0x0000000096e83250}: com/sun/javafx/scene/control/skin/resources/controls-nt_en> (0x0000000096e83250) 
thrown [./src/hotspot/share/prims/jni.cpp, line 535]
Event: 22.020 Thread 0x000073ec608fdf10 Exception <a 'java/lang/ClassNotFoundException'{0x0000000096e86760}: com/sun/javafx/scene/control/skin/resources/controls-nt_en_US> (0x0000000096e86760) 
thrown [./src/hotspot/share/prims/jni.cpp, line 535]
Event: 22.024 Thread 0x000073ec608fdf10 Exception <a 'java/io/FileNotFoundException'{0x0000000096e9af30}> (0x0000000096e9af30) 
thrown [./src/hotspot/share/prims/jni.cpp, line 516]
Event: 22.028 Thread 0x000073ec608fdf10 Exception <a 'java/io/FileNotFoundException'{0x0000000096eafb40}> (0x0000000096eafb40) 
thrown [./src/hotspot/share/prims/jni.cpp, line 516]
Event: 22.284 Thread 0x000073ec608fdf10 Exception <a 'java/lang/NoSuchMethodError'{0x0000000096325f68}: 'void java.lang.invoke.DirectMethodHandle$Holder.invokeSpecialIFC(java.lang.Object, java.lang.Object, java.lang.Object, java.lang.Object)'> (0x0000000096325f68) 
thrown [./src/hotspot/share/interpreter/linkResolver.cpp, line 758]
Event: 22.594 Thread 0x000073eb686d2b70 Exception <a 'java/lang/IncompatibleClassChangeError'{0x0000000097a10138}: Found class java.lang.Object, but interface was expected> (0x0000000097a10138) 
thrown [./src/hotspot/share/interpreter/linkResolver.cpp, line 826]
Event: 22.660 Thread 0x000073eb68814690 Exception <a 'java/lang/NoSuchMethodError'{0x00000000977482d0}: 'java.lang.Object java.lang.invoke.DirectMethodHandle$Holder.newInvokeSpecial(java.lang.Object, java.lang.Object, double, double)'> (0x00000000977482d0) 
thrown [./src/hotspot/share/interpreter/linkResolver.cpp, line 758]
Event: 22.670 Thread 0x000073ec608fdf10 Exception <a 'java/lang/ClassNotFoundException'{0x000000009786b808}: sun/awt/resources/spi/awtProvider> (0x000000009786b808) 
thrown [./src/hotspot/share/classfile/systemDictionary.cpp, line 256]
Event: 22.675 Thread 0x000073eb68807cb0 Exception <a 'java/lang/IncompatibleClassChangeError'{0x00000000977cf118}: Found class java.lang.Object, but interface was expected> (0x00000000977cf118) 
thrown [./src/hotspot/share/interpreter/linkResolver.cpp, line 826]
Event: 22.678 Thread 0x000073ec608fdf10 Exception <a 'java/io/FileNotFoundException'{0x00000000977e7918}> (0x00000000977e7918) 
thrown [./src/hotspot/share/prims/jni.cpp, line 516]
Event: 22.683 Thread 0x000073eb686d2b70 Exception <a 'java/lang/NoSuchMethodError'{0x000000009763c7e0}: 'java.lang.Object java.lang.invoke.Invokers$Holder.linkToTargetMethod(java.lang.Object, int, java.lang.Object, java.lang.Object, java.lang.Object, java.lang.Object)'> (0x000000009763c7e0) 
thrown [./src/hotspot/share/interpreter/linkResolver.cpp, line 758]
Event: 22.684 Thread 0x000073eb686d2b70 Exception <a 'java/lang/NoSuchMethodError'{0x00000000976491b0}: 'int java.lang.invoke.DirectMethodHandle$Holder.invokeStatic(java.lang.Object, java.lang.Object, int, java.lang.Object)'> (0x00000000976491b0) 
thrown [./src/hotspot/share/interpreter/linkResolver.cpp, line 758]

VM Operations (20 events):
Event: 22.275 Executing VM operation: HandshakeAllThreads
Event: 22.275 Executing VM operation: HandshakeAllThreads done
Event: 22.385 Executing VM operation: G1CollectForAllocation
Event: 22.392 Executing VM operation: G1CollectForAllocation done
Event: 22.479 Executing VM operation: G1CollectForAllocation
Event: 22.485 Executing VM operation: G1CollectForAllocation done
Event: 22.537 Executing VM operation: HandshakeAllThreads
Event: 22.537 Executing VM operation: HandshakeAllThreads done
Event: 22.538 Executing VM operation: HandshakeAllThreads
Event: 22.539 Executing VM operation: HandshakeAllThreads done
Event: 22.610 Executing VM operation: HandshakeAllThreads
Event: 22.610 Executing VM operation: HandshakeAllThreads done
Event: 22.652 Executing VM operation: ICBufferFull
Event: 22.652 Executing VM operation: ICBufferFull done
Event: 22.790 Executing VM operation: HandshakeAllThreads
Event: 22.791 Executing VM operation: HandshakeAllThreads done
Event: 22.796 Executing VM operation: HandshakeAllThreads
Event: 22.796 Executing VM operation: HandshakeAllThreads done
Event: 22.799 Executing VM operation: HandshakeAllThreads
Event: 22.799 Executing VM operation: HandshakeAllThreads done

Memory protections (20 events):
Event: 12.029 Protecting memory [0x000073ea9bd04000,0x000073ea9bd08000] with protection modes 0
Event: 12.032 Protecting memory [0x000073ea9b403000,0x000073ea9b407000] with protection modes 0
Event: 12.396 Protecting memory [0x000073ea9b303000,0x000073ea9b307000] with protection modes 0
Event: 12.397 Protecting memory [0x000073ea9b203000,0x000073ea9b207000] with protection modes 0
Event: 12.520 Protecting memory [0x000073ea9a56b000,0x000073ea9a56f000] with protection modes 0
Event: 16.514 Protecting memory [0x000073ea9846b000,0x000073ea9846f000] with protection modes 0
Event: 21.368 Protecting memory [0x000073eb7a1de000,0x000073eb7a1e2000] with protection modes 0
Event: 21.518 Protecting memory [0x000073ea6bace000,0x000073ea6bad2000] with protection modes 0
Event: 21.871 Protecting memory [0x000073ea6b9ce000,0x000073ea6b9d2000] with protection modes 0
Event: 22.428 Protecting memory [0x000073ea6b643000,0x000073ea6b647000] with protection modes 0
Event: 22.540 Protecting memory [0x000073ea6ad7c000,0x000073ea6ad80000] with protection modes 0
Event: 22.569 Protecting memory [0x000073ea6b643000,0x000073ea6b647000] with protection modes 0
Event: 22.653 Protecting memory [0x000073ea6a871000,0x000073ea6a875000] with protection modes 0
Event: 22.654 Protecting memory [0x000073ea69d00000,0x000073ea69d04000] with protection modes 0
Event: 22.655 Protecting memory [0x000073ea69c00000,0x000073ea69c04000] with protection modes 0
Event: 22.656 Protecting memory [0x000073ea69b00000,0x000073ea69b04000] with protection modes 0
Event: 22.657 Protecting memory [0x000073ea69a00000,0x000073ea69a04000] with protection modes 0
Event: 22.658 Protecting memory [0x000073ea69900000,0x000073ea69904000] with protection modes 0
Event: 22.688 Protecting memory [0x000073ea69701000,0x000073ea69705000] with protection modes 0
Event: 22.872 Protecting memory [0x000073ea68d5a000,0x000073ea68d5e000] with protection modes 0

Nmethod flushes (20 events):
Event: 11.296 Thread 0x000073ec60141130 flushing  nmethod 0x000073ec4a220090
Event: 11.296 Thread 0x000073ec60141130 flushing  nmethod 0x000073ec4a222c90
Event: 11.296 Thread 0x000073ec60141130 flushing  nmethod 0x000073ec4a226510
Event: 11.296 Thread 0x000073ec60141130 flushing  nmethod 0x000073ec4a23ec90
Event: 11.296 Thread 0x000073ec60141130 flushing  nmethod 0x000073ec4a25b290
Event: 11.296 Thread 0x000073ec60141130 flushing  nmethod 0x000073ec4a25e590
Event: 22.621 Thread 0x000073ec60141130 flushing  nmethod 0x000073ec499f7010
Event: 22.621 Thread 0x000073ec60141130 flushing  nmethod 0x000073ec499f7410
Event: 22.621 Thread 0x000073ec60141130 flushing  nmethod 0x000073ec499f7710
Event: 22.621 Thread 0x000073ec60141130 flushing  nmethod 0x000073ec499f7a10
Event: 22.621 Thread 0x000073ec60141130 flushing  nmethod 0x000073ec499f7d90
Event: 22.622 Thread 0x000073ec60141130 flushing  nmethod 0x000073ec49a86810
Event: 22.622 Thread 0x000073ec60141130 flushing  nmethod 0x000073ec49a87490
Event: 22.622 Thread 0x000073ec60141130 flushing  nmethod 0x000073ec49aa6610
Event: 22.622 Thread 0x000073ec60141130 flushing  nmethod 0x000073ec49abd410
Event: 22.623 Thread 0x000073ec60141130 flushing  nmethod 0x000073ec49b6a510
Event: 22.624 Thread 0x000073ec60141130 flushing  nmethod 0x000073ec49c71f90
Event: 22.625 Thread 0x000073ec60141130 flushing  nmethod 0x000073ec49c83190
Event: 22.625 Thread 0x000073ec60141130 flushing  nmethod 0x000073ec49cacc10
Event: 22.631 Thread 0x000073ec60141130 flushing  nmethod 0x000073ec4a166310

Events (20 events):
Event: 12.396 Thread 0x000073eb6226fbf0 Thread added: 0x000073eb24059590
Event: 12.397 Thread 0x000073eb6226fbf0 Thread added: 0x000073eb2405a4e0
Event: 12.520 Thread 0x000073ec6026b620 Thread added: 0x000073ebac2e3660
Event: 16.514 Thread 0x000073eb6228f800 Thread added: 0x000073eacc001120
Event: 18.785 Thread 0x000073eb61e019f0 Thread exited: 0x000073eb61e019f0
Event: 21.368 Thread 0x000073ec60137cc0 Thread added: 0x000073ebc84f02d0
Event: 21.518 Thread 0x000073ead8001df0 Thread added: 0x000073ead0000fe0
Event: 21.871 Thread 0x000073ec608fdf10 Thread added: 0x000073eb686d2b70
Event: 22.428 Thread 0x000073eb686d2b70 Thread added: 0x000073ea5c00b190
Event: 22.429 Thread 0x000073ea5c00b190 Thread exited: 0x000073ea5c00b190
Event: 22.540 Thread 0x000073ec608fdf10 Thread added: 0x000073eb687b3ac0
Event: 22.569 Thread 0x000073eb686d2b70 Thread added: 0x000073ea5c00b190
Event: 22.653 Thread 0x000073ec608fdf10 Thread added: 0x000073eb6880b240
Event: 22.654 Thread 0x000073ec608fdf10 Thread added: 0x000073eb688019d0
Event: 22.655 Thread 0x000073ec608fdf10 Thread added: 0x000073eb68807cb0
Event: 22.656 Thread 0x000073ec608fdf10 Thread added: 0x000073eb68808cb0
Event: 22.657 Thread 0x000073ec608fdf10 Thread added: 0x000073eb68812dc0
Event: 22.658 Thread 0x000073ec608fdf10 Thread added: 0x000073eb68814690
Event: 22.688 Thread 0x000073ec608fdf10 Thread added: 0x000073eb688202d0
Event: 22.872 Thread 0x000073ec608fdf10 Thread added: 0x000073eb681a2780


Dynamic libraries:
8ec00000-98000000 rw-p 00000000 00:00 0 
98000000-ffe00000 ---p 00000000 00:00 0 
ffe00000-ffe75000 rw-p 00c7a000 103:02 14432683                          /usr/lib/jvm/java-17-openjdk-amd64/lib/server/classes.jsa
ffe75000-fff00000 rw-p 00000000 00:00 0 
fff00000-fff78000 rw-p 00c02000 103:02 14432683                          /usr/lib/jvm/java-17-openjdk-amd64/lib/server/classes.jsa
fff78000-100000000 rw-p 00000000 00:00 0 
5c0b3e0b1000-5c0b3e0b2000 r--p 00000000 103:02 14432529                  /usr/lib/jvm/java-17-openjdk-amd64/bin/java
5c0b3e0b2000-5c0b3e0b3000 r-xp 00001000 103:02 14432529                  /usr/lib/jvm/java-17-openjdk-amd64/bin/java
5c0b3e0b3000-5c0b3e0b4000 r--p 00002000 103:02 14432529                  /usr/lib/jvm/java-17-openjdk-amd64/bin/java
5c0b3e0b4000-5c0b3e0b5000 r--p 00002000 103:02 14432529                  /usr/lib/jvm/java-17-openjdk-amd64/bin/java
5c0b3e0b5000-5c0b3e0b6000 rw-p 00003000 103:02 14432529                  /usr/lib/jvm/java-17-openjdk-amd64/bin/java
5c0b6e122000-5c0b6e16f000 rw-p 00000000 00:00 0                          [heap]
73ea5c000000-73ea5c030000 rw-p 00000000 00:00 0 
73ea5c030000-73ea60000000 ---p 00000000 00:00 0 
73ea60000000-73ea60021000 rw-p 00000000 00:00 0 
73ea60021000-73ea64000000 ---p 00000000 00:00 0 
73ea64000000-73ea64021000 rw-p 00000000 00:00 0 
73ea64021000-73ea68000000 ---p 00000000 00:00 0 
73ea68d5a000-73ea68d5e000 ---p 00000000 00:00 0 
73ea68d5e000-73ea68e5a000 rw-p 00000000 00:00 0 
73ea68e5a000-73ea68e5d000 r--p 00000000 103:02 13896109                  /usr/lib/x86_64-linux-gnu/libresolv.so.2
73ea68e5d000-73ea68e67000 r-xp 00003000 103:02 13896109                  /usr/lib/x86_64-linux-gnu/libresolv.so.2
73ea68e67000-73ea68e69000 r--p 0000d000 103:02 13896109                  /usr/lib/x86_64-linux-gnu/libresolv.so.2
73ea68e69000-73ea68e6a000 r--p 0000f000 103:02 13896109                  /usr/lib/x86_64-linux-gnu/libresolv.so.2
73ea68e6a000-73ea68e6b000 rw-p 00010000 103:02 13896109                  /usr/lib/x86_64-linux-gnu/libresolv.so.2
73ea68e6b000-73ea68e6d000 rw-p 00000000 00:00 0 
73ea68e6d000-73ea68e6f000 r--p 00000000 103:02 13905409                  /usr/lib/x86_64-linux-gnu/libkeyutils.so.1.10
73ea68e6f000-73ea68e71000 r-xp 00002000 103:02 13905409                  /usr/lib/x86_64-linux-gnu/libkeyutils.so.1.10
73ea68e71000-73ea68e72000 r--p 00004000 103:02 13905409                  /usr/lib/x86_64-linux-gnu/libkeyutils.so.1.10
73ea68e72000-73ea68e73000 r--p 00004000 103:02 13905409                  /usr/lib/x86_64-linux-gnu/libkeyutils.so.1.10
73ea68e73000-73ea68e74000 rw-p 00005000 103:02 13905409                  /usr/lib/x86_64-linux-gnu/libkeyutils.so.1.10
73ea68e74000-73ea68e7e000 r--p 00000000 103:02 13905288                  /usr/lib/x86_64-linux-gnu/libgmp.so.10.5.0
73ea68e7e000-73ea68ee1000 r-xp 0000a000 103:02 13905288                  /usr/lib/x86_64-linux-gnu/libgmp.so.10.5.0
73ea68ee1000-73ea68ef6000 r--p 0006d000 103:02 13905288                  /usr/lib/x86_64-linux-gnu/libgmp.so.10.5.0
73ea68ef6000-73ea68ef7000 r--p 00081000 103:02 13905288                  /usr/lib/x86_64-linux-gnu/libgmp.so.10.5.0
73ea68ef7000-73ea68ef8000 rw-p 00082000 103:02 13905288                  /usr/lib/x86_64-linux-gnu/libgmp.so.10.5.0
73ea68ef8000-73ea68f00000 r--p 00000000 103:02 13905357                  /usr/lib/x86_64-linux-gnu/libhogweed.so.6.8
73ea68f00000-73ea68f14000 r-xp 00008000 103:02 13905357                  /usr/lib/x86_64-linux-gnu/libhogweed.so.6.8
73ea68f14000-73ea68f3d000 r--p 0001c000 103:02 13905357                  /usr/lib/x86_64-linux-gnu/libhogweed.so.6.8
73ea68f3d000-73ea68f3f000 r--p 00044000 103:02 13905357                  /usr/lib/x86_64-linux-gnu/libhogweed.so.6.8
73ea68f3f000-73ea68f40000 rw-p 00046000 103:02 13905357                  /usr/lib/x86_64-linux-gnu/libhogweed.so.6.8
73ea68f40000-73ea68f4c000 r--p 00000000 103:02 13905478                  /usr/lib/x86_64-linux-gnu/libnettle.so.8.8
73ea68f4c000-73ea68f7b000 r-xp 0000c000 103:02 13905478                  /usr/lib/x86_64-linux-gnu/libnettle.so.8.8
73ea68f7b000-73ea68f92000 r--p 0003b000 103:02 13905478                  /usr/lib/x86_64-linux-gnu/libnettle.so.8.8
73ea68f92000-73ea68f94000 r--p 00051000 103:02 13905478                  /usr/lib/x86_64-linux-gnu/libnettle.so.8.8
73ea68f94000-73ea68f95000 rw-p 00053000 103:02 13905478                  /usr/lib/x86_64-linux-gnu/libnettle.so.8.8
73ea68f95000-73ea68f98000 r--p 00000000 103:02 13905661                  /usr/lib/x86_64-linux-gnu/libtasn1.so.6.6.3
73ea68f98000-73ea68fa6000 r-xp 00003000 103:02 13905661                  /usr/lib/x86_64-linux-gnu/libtasn1.so.6.6.3
73ea68fa6000-73ea68fa9000 r--p 00011000 103:02 13905661                  /usr/lib/x86_64-linux-gnu/libtasn1.so.6.6.3
73ea68fa9000-73ea68faa000 r--p 00014000 103:02 13905661                  /usr/lib/x86_64-linux-gnu/libtasn1.so.6.6.3
73ea68faa000-73ea68fab000 rw-p 00015000 103:02 13905661                  /usr/lib/x86_64-linux-gnu/libtasn1.so.6.6.3
73ea68fab000-73ea68fbc000 r--p 00000000 103:02 13905696                  /usr/lib/x86_64-linux-gnu/libunistring.so.5.0.0
73ea68fbc000-73ea68ff3000 r-xp 00011000 103:02 13905696                  /usr/lib/x86_64-linux-gnu/libunistring.so.5.0.0
73ea68ff3000-73ea69153000 r--p 00048000 103:02 13905696                  /usr/lib/x86_64-linux-gnu/libunistring.so.5.0.0
73ea69153000-73ea69157000 r--p 001a8000 103:02 13905696                  /usr/lib/x86_64-linux-gnu/libunistring.so.5.0.0
73ea69157000-73ea69158000 rw-p 001ac000 103:02 13905696                  /usr/lib/x86_64-linux-gnu/libunistring.so.5.0.0
73ea69158000-73ea6915a000 r--p 00000000 103:02 13905379                  /usr/lib/x86_64-linux-gnu/libidn2.so.0.4.0
73ea6915a000-73ea6915e000 r-xp 00002000 103:02 13905379                  /usr/lib/x86_64-linux-gnu/libidn2.so.0.4.0
73ea6915e000-73ea69178000 r--p 00006000 103:02 13905379                  /usr/lib/x86_64-linux-gnu/libidn2.so.0.4.0
73ea69178000-73ea69179000 r--p 0001f000 103:02 13905379                  /usr/lib/x86_64-linux-gnu/libidn2.so.0.4.0
73ea69179000-73ea6917a000 rw-p 00020000 103:02 13905379                  /usr/lib/x86_64-linux-gnu/libidn2.so.0.4.0
73ea6917a000-73ea691b2000 r--p 00000000 103:02 13905526                  /usr/lib/x86_64-linux-gnu/libp11-kit.so.0.3.1
73ea691b2000-73ea69284000 r-xp 00038000 103:02 13905526                  /usr/lib/x86_64-linux-gnu/libp11-kit.so.0.3.1
73ea69284000-73ea69303000 r--p 0010a000 103:02 13905526                  /usr/lib/x86_64-linux-gnu/libp11-kit.so.0.3.1
73ea69303000-73ea69310000 r--p 00188000 103:02 13905526                  /usr/lib/x86_64-linux-gnu/libp11-kit.so.0.3.1
73ea69310000-73ea6931d000 rw-p 00195000 103:02 13905526                  /usr/lib/x86_64-linux-gnu/libp11-kit.so.0.3.1
73ea6931d000-73ea6931e000 rw-p 00000000 00:00 0 
73ea6931e000-73ea69322000 r--p 00000000 103:02 13905408                  /usr/lib/x86_64-linux-gnu/libk5crypto.so.3.1
73ea69322000-73ea6933d000 r-xp 00004000 103:02 13905408                  /usr/lib/x86_64-linux-gnu/libk5crypto.so.3.1
73ea6933d000-73ea69348000 r--p 0001f000 103:02 13905408                  /usr/lib/x86_64-linux-gnu/libk5crypto.so.3.1
73ea69348000-73ea69349000 r--p 0002a000 103:02 13905408                  /usr/lib/x86_64-linux-gnu/libk5crypto.so.3.1
73ea69349000-73ea6934a000 rw-p 0002b000 103:02 13905408                  /usr/lib/x86_64-linux-gnu/libk5crypto.so.3.1
73ea6934a000-73ea6936a000 r--p 00000000 103:02 13905412                  /usr/lib/x86_64-linux-gnu/libkrb5.so.3.3
73ea6936a000-73ea693cb000 r-xp 00020000 103:02 13905412                  /usr/lib/x86_64-linux-gnu/libkrb5.so.3.3
73ea693cb000-73ea69404000 r--p 00081000 103:02 13905412                  /usr/lib/x86_64-linux-gnu/libkrb5.so.3.3
73ea69404000-73ea69411000 r--p 000ba000 103:02 13905412                  /usr/lib/x86_64-linux-gnu/libkrb5.so.3.3
73ea69411000-73ea69413000 rw-p 000c7000 103:02 13905412                  /usr/lib/x86_64-linux-gnu/libkrb5.so.3.3
73ea69413000-73ea69446000 r--p 00000000 103:02 13905299                  /usr/lib/x86_64-linux-gnu/libgnutls.so.30.37.1
73ea69446000-73ea6957f000 r-xp 00033000 103:02 13905299                  /usr/lib/x86_64-linux-gnu/libgnutls.so.30.37.1
73ea6957f000-73ea695f8000 r--p 0016c000 103:02 13905299                  /usr/lib/x86_64-linux-gnu/libgnutls.so.30.37.1
73ea695f8000-73ea69608000 r--p 001e4000 103:02 13905299                  /usr/lib/x86_64-linux-gnu/libgnutls.so.30.37.1
73ea69608000-73ea6960a000 rw-p 001f4000 103:02 13905299                  /usr/lib/x86_64-linux-gnu/libgnutls.so.30.37.1
73ea6960a000-73ea6960d000 rw-p 00000000 00:00 0 
73ea6960d000-73ea69619000 r--p 00000000 103:02 13905315                  /usr/lib/x86_64-linux-gnu/libgssapi_krb5.so.2.2
73ea69619000-73ea69653000 r-xp 0000c000 103:02 13905315                  /usr/lib/x86_64-linux-gnu/libgssapi_krb5.so.2.2
73ea69653000-73ea6965d000 r--p 00046000 103:02 13905315                  /usr/lib/x86_64-linux-gnu/libgssapi_krb5.so.2.2
73ea6965d000-73ea6965f000 r--p 0004f000 103:02 13905315                  /usr/lib/x86_64-linux-gnu/libgssapi_krb5.so.2.2
73ea6965f000-73ea69661000 rw-p 00051000 103:02 13905315                  /usr/lib/x86_64-linux-gnu/libgssapi_krb5.so.2.2
73ea69661000-73ea6967e000 r--p 00000000 103:02 13895807                  /usr/lib/x86_64-linux-gnu/libcups.so.2
73ea6967e000-73ea696dc000 r-xp 0001d000 103:02 13895807                  /usr/lib/x86_64-linux-gnu/libcups.so.2
73ea696dc000-73ea696f7000 r--p 0007b000 103:02 13895807                  /usr/lib/x86_64-linux-gnu/libcups.so.2
73ea696f7000-73ea69700000 r--p 00096000 103:02 13895807                  /usr/lib/x86_64-linux-gnu/libcups.so.2
73ea69700000-73ea69701000 rw-p 0009f000 103:02 13895807                  /usr/lib/x86_64-linux-gnu/libcups.so.2
73ea69701000-73ea69705000 ---p 00000000 00:00 0 
73ea69705000-73ea69801000 rw-p 00000000 00:00 0 
73ea69801000-73ea6982b000 r--p 00000000 103:02 14432648                  /usr/lib/jvm/java-17-openjdk-amd64/lib/libawt.so
73ea6982b000-73ea698c2000 r-xp 0002a000 103:02 14432648                  /usr/lib/jvm/java-17-openjdk-amd64/lib/libawt.so
73ea698c2000-73ea698cf000 r--p 000c1000 103:02 14432648                  /usr/lib/jvm/java-17-openjdk-amd64/lib/libawt.so
73ea698cf000-73ea698d0000 r--p 000cd000 103:02 14432648                  /usr/lib/jvm/java-17-openjdk-amd64/lib/libawt.so
73ea698d0000-73ea698db000 rw-p 000ce000 103:02 14432648                  /usr/lib/jvm/java-17-openjdk-amd64/lib/libawt.so
73ea698db000-73ea69900000 rw-p 00000000 00:00 0 
73ea69900000-73ea69904000 ---p 00000000 00:00 0 
73ea69904000-73ea69a00000 rw-p 00000000 00:00 0 
73ea69a00000-73ea69a04000 ---p 00000000 00:00 0 
73ea69a04000-73ea69b00000 rw-p 00000000 00:00 0 
73ea69b00000-73ea69b04000 ---p 00000000 00:00 0 
73ea69b04000-73ea69c00000 rw-p 00000000 00:00 0 
73ea69c00000-73ea69c04000 ---p 00000000 00:00 0 
73ea69c04000-73ea69d00000 rw-p 00000000 00:00 0 
73ea69d00000-73ea69d04000 ---p 00000000 00:00 0 
73ea69d04000-73ea69e00000 rw-p 00000000 00:00 0 
73ea69e00000-73ea6a84a000 r--p 00000000 103:02 13923196                  /usr/share/fonts/truetype/noto/NotoColorEmoji.ttf
73ea6a84b000-73ea6a84e000 r--p 00000000 103:02 13905413                  /usr/lib/x86_64-linux-gnu/libkrb5support.so.0.1
73ea6a84e000-73ea6a854000 r-xp 00003000 103:02 13905413                  /usr/lib/x86_64-linux-gnu/libkrb5support.so.0.1
73ea6a854000-73ea6a856000 r--p 00009000 103:02 13905413                  /usr/lib/x86_64-linux-gnu/libkrb5support.so.0.1
73ea6a856000-73ea6a857000 r--p 0000a000 103:02 13905413                  /usr/lib/x86_64-linux-gnu/libkrb5support.so.0.1
73ea6a857000-73ea6a858000 rw-p 0000b000 103:02 13905413                  /usr/lib/x86_64-linux-gnu/libkrb5support.so.0.1
73ea6a858000-73ea6a85a000 r--p 00000000 103:02 13905152                  /usr/lib/x86_64-linux-gnu/libcom_err.so.2.1
73ea6a85a000-73ea6a85b000 r-xp 00002000 103:02 13905152                  /usr/lib/x86_64-linux-gnu/libcom_err.so.2.1
73ea6a85b000-73ea6a85c000 r--p 00003000 103:02 13905152                  /usr/lib/x86_64-linux-gnu/libcom_err.so.2.1
73ea6a85c000-73ea6a85d000 r--p 00003000 103:02 13905152                  /usr/lib/x86_64-linux-gnu/libcom_err.so.2.1
73ea6a85d000-73ea6a85e000 rw-p 00004000 103:02 13905152                  /usr/lib/x86_64-linux-gnu/libcom_err.so.2.1
73ea6a85e000-73ea6a862000 r--p 00000000 103:02 13905091                  /usr/lib/x86_64-linux-gnu/libavahi-client.so.3.2.9
73ea6a862000-73ea6a86b000 r-xp 00004000 103:02 13905091                  /usr/lib/x86_64-linux-gnu/libavahi-client.so.3.2.9
73ea6a86b000-73ea6a86f000 r--p 0000d000 103:02 13905091                  /usr/lib/x86_64-linux-gnu/libavahi-client.so.3.2.9
73ea6a86f000-73ea6a870000 r--p 00010000 103:02 13905091                  /usr/lib/x86_64-linux-gnu/libavahi-client.so.3.2.9
73ea6a870000-73ea6a871000 rw-p 00011000 103:02 13905091                  /usr/lib/x86_64-linux-gnu/libavahi-client.so.3.2.9
73ea6a871000-73ea6a875000 ---p 00000000 00:00 0 
73ea6a875000-73ea6a971000 rw-p 00000000 00:00 0 
73ea6a971000-73ea6aa00000 r--p 00000000 103:02 13923294                  /usr/share/fonts/truetype/noto/NotoSansEgyptianHieroglyphs-Regular.ttf
73ea6aa00000-73ea6ad43000 r--p 00000000 103:02 13923495                  /usr/share/fonts/truetype/noto/NotoSerifTangut-Regular.ttf
73ea6ad46000-73ea6ad49000 r--p 00000000 103:02 13905092                  /usr/lib/x86_64-linux-gnu/libavahi-common.so.3.5.4
73ea6ad49000-73ea6ad4f000 r-xp 00003000 103:02 13905092                  /usr/lib/x86_64-linux-gnu/libavahi-common.so.3.5.4
73ea6ad4f000-73ea6ad52000 r--p 00009000 103:02 13905092                  /usr/lib/x86_64-linux-gnu/libavahi-common.so.3.5.4
73ea6ad52000-73ea6ad53000 r--p 0000b000 103:02 13905092                  /usr/lib/x86_64-linux-gnu/libavahi-common.so.3.5.4
73ea6ad53000-73ea6ad54000 rw-p 0000c000 103:02 13905092                  /usr/lib/x86_64-linux-gnu/libavahi-common.so.3.5.4
73ea6ad64000-73ea6ad67000 r--p 00000000 103:02 14432649                  /usr/lib/jvm/java-17-openjdk-amd64/lib/libawt_headless.so
73ea6ad67000-73ea6ad6b000 r-xp 00003000 103:02 14432649                  /usr/lib/jvm/java-17-openjdk-amd64/lib/libawt_headless.so
73ea6ad6b000-73ea6ad6d000 r--p 00007000 103:02 14432649                  /usr/lib/jvm/java-17-openjdk-amd64/lib/libawt_headless.so
73ea6ad6d000-73ea6ad6e000 r--p 00008000 103:02 14432649                  /usr/lib/jvm/java-17-openjdk-amd64/lib/libawt_headless.so
73ea6ad6e000-73ea6ad6f000 rw-p 00009000 103:02 14432649                  /usr/lib/jvm/java-17-openjdk-amd64/lib/libawt_headless.so
73ea6ad6f000-73ea6ad73000 r--p 00000000 103:02 17564480                  /tmp/jSerialComm/1763454059142-libjSerialComm.so
73ea6ad73000-73ea6ad78000 r-xp 00004000 103:02 17564480                  /tmp/jSerialComm/1763454059142-libjSerialComm.so
73ea6ad78000-73ea6ad7a000 r--p 00009000 103:02 17564480                  /tmp/jSerialComm/1763454059142-libjSerialComm.so
73ea6ad7a000-73ea6ad7b000 r--p 0000a000 103:02 17564480                  /tmp/jSerialComm/1763454059142-libjSerialComm.so
73ea6ad7b000-73ea6ad7c000 rw-p 0000b000 103:02 17564480                  /tmp/jSerialComm/1763454059142-libjSerialComm.so
73ea6ad7c000-73ea6ad80000 ---p 00000000 00:00 0 
73ea6ad80000-73ea6ad9e000 rw-p 00000000 00:00 0 
73ea6ad9e000-73ea6ada2000 r--p 00000000 103:02 13923421                  /usr/share/fonts/truetype/noto/NotoSansTamilSupplement-Regular.ttf
73ea6ada2000-73ea6ada9000 r--p 00000000 103:02 13923463                  /usr/share/fonts/truetype/noto/NotoSerifDogra-Regular.ttf
73ea6ada9000-73ea6adac000 r--p 00000000 103:02 13923393                  /usr/share/fonts/truetype/noto/NotoSansSamaritan-Regular.ttf
73ea6adac000-73ea6adb4000 r--p 00000000 103:02 13923316                  /usr/share/fonts/truetype/noto/NotoSansIndicSiyaqNumbers-Regular.ttf
73ea6adb4000-73ea6adec000 r--p 00000000 103:02 13923256                  /usr/share/fonts/truetype/noto/NotoSansAnatolianHieroglyphs-Regular.ttf
73ea6adec000-73ea6ae00000 r--p 00000000 103:02 13923241                  /usr/share/fonts/truetype/noto/NotoMusic-Regular.ttf
73ea6ae00000-73ea6b2f9000 r--p 00000000 103:02 13923398                  /usr/share/fonts/truetype/noto/NotoSansSignWriting-Regular.ttf
73ea6b2f9000-73ea6b2fd000 r--p 00000000 103:02 13923380                  /usr/share/fonts/truetype/noto/NotoSansOldTurkic-Regular.ttf
73ea6b2fd000-73ea6b30b000 r--p 00000000 103:02 13923373                  /usr/share/fonts/truetype/noto/NotoSansOldHungarian-Regular.ttf
73ea6b30b000-73ea6b310000 r--p 00000000 103:02 13923451                  /usr/share/fonts/truetype/noto/NotoSerifAhom-Regular.ttf
73ea6b310000-73ea6b3b1000 r--p 00000000 103:02 13923410                  /usr/share/fonts/truetype/noto/NotoSansSymbols2-Regular.ttf
73ea6b3b1000-73ea6b3b5000 r--p 00000000 103:02 13923487                  /usr/share/fonts/truetype/noto/NotoSerifNyiakengPuachueHmong-Bold.ttf
73ea6b3b5000-73ea6b445000 r--p 00000000 103:02 13923500                  /usr/share/fonts/truetype/noto/NotoSerifTibetan-Bold.ttf
73ea6b445000-73ea6b485000 r--p 00000000 103:02 13923408                  /usr/share/fonts/truetype/noto/NotoSansSymbols-Bold.ttf
73ea6b485000-73ea6b533000 r--p 00000000 103:02 13923163                  /usr/share/fonts/truetype/dejavu/DejaVuSans-Bold.ttf
73ea6b533000-73ea6b53d000 r--p 00000000 103:02 13923426                  /usr/share/fonts/truetype/noto/NotoSansThai-Bold.ttf
73ea6b53d000-73ea6b56f000 r--p 00000000 103:02 13923422                  /usr/share/fonts/truetype/noto/NotoSansTelugu-Bold.ttf
73ea6b56f000-73ea6b582000 r--p 00000000 103:02 13923419                  /usr/share/fonts/truetype/noto/NotoSansTamil-Bold.ttf
73ea6b582000-73ea6b59a000 r--p 00000000 103:02 13923415                  /usr/share/fonts/truetype/noto/NotoSansTaiTham-Bold.ttf
73ea6b59a000-73ea6b5a0000 r--p 00000000 103:02 13923405                  /usr/share/fonts/truetype/noto/NotoSansSundanese-Bold.ttf
73ea6b5a0000-73ea6b5f3000 r--p 00000000 103:02 13923399                  /usr/share/fonts/truetype/noto/NotoSansSinhala-Bold.ttf
73ea6b5f3000-73ea6b60a000 r--p 00000000 103:02 13923381                  /usr/share/fonts/truetype/noto/NotoSansOriya-Bold.ttf
73ea6b60a000-73ea6b63e000 r--p 00000000 103:02 13923363                  /usr/share/fonts/truetype/noto/NotoSansMyanmar-Bold.ttf
73ea6b63e000-73ea6b643000 r--p 00000000 103:02 13923352                  /usr/share/fonts/truetype/noto/NotoSansMeeteiMayek-Bold.ttf
73ea6b643000-73ea6b647000 ---p 00000000 00:00 0 
73ea6b647000-73ea6b743000 rw-p 00000000 00:00 0 
73ea6b743000-73ea6b74b000 r--p 00000000 103:02 13923350                  /usr/share/fonts/truetype/noto/NotoSansMedefaidrin-Bold.ttf
73ea6b74b000-73ea6b768000 r--p 00000000 103:02 13923342                  /usr/share/fonts/truetype/noto/NotoSansMalayalam-Bold.ttf
73ea6b768000-73ea6b770000 r--p 00000000 103:02 13923331                  /usr/share/fonts/truetype/noto/NotoSansLao-Bold.ttf
73ea6b770000-73ea6b78c000 r--p 00000000 103:02 13923327                  /usr/share/fonts/truetype/noto/NotoSansKhmer-Bold.ttf
73ea6b78c000-73ea6b7b3000 r--p 00000000 103:02 13923322                  /usr/share/fonts/truetype/noto/NotoSansKannada-Bold.ttf
73ea6b7b3000-73ea6b7d1000 r--p 00000000 103:02 13923319                  /usr/share/fonts/truetype/noto/NotoSansJavanese-Bold.ttf
73ea6b7d1000-73ea6b7d8000 r--p 00000000 103:02 13923313                  /usr/share/fonts/truetype/noto/NotoSansHebrew-Bold.ttf
73ea6b7d8000-73ea6b7e5000 r--p 00000000 103:02 13923307                  /usr/share/fonts/truetype/noto/NotoSansGurmukhi-Bold.ttf
73ea6b7e5000-73ea6b817000 r--p 00000000 103:02 13923304                  /usr/share/fonts/truetype/noto/NotoSansGujarati-Bold.ttf
73ea6b817000-73ea6b825000 r--p 00000000 103:02 13923299                  /usr/share/fonts/truetype/noto/NotoSansGeorgian-Bold.ttf
73ea6b825000-73ea6b879000 r--p 00000000 103:02 13923297                  /usr/share/fonts/truetype/noto/NotoSansEthiopic-Bold.ttf
73ea6b879000-73ea6b8b4000 r--p 00000000 103:02 13923287                  /usr/share/fonts/truetype/noto/NotoSansDevanagari-Bold.ttf
73ea6b8b4000-73ea6b8cf000 r--p 00000000 103:02 13923281                  /usr/share/fonts/truetype/noto/NotoSansCherokee-Bold.ttf
73ea6b8cf000-73ea6b8d7000 r--p 00000000 103:02 13923279                  /usr/share/fonts/truetype/noto/NotoSansCham-Bold.ttf
73ea6b8d7000-73ea6b8ed000 r--p 00000000 103:02 13923274                  /usr/share/fonts/truetype/noto/NotoSansCanadianAboriginal-Bold.ttf
73ea6b8ed000-73ea6b921000 r--p 00000000 103:02 13923268                  /usr/share/fonts/truetype/noto/NotoSansBengali-Bold.ttf
73ea6b921000-73ea6b959000 r--p 00000000 103:02 13923264                  /usr/share/fonts/truetype/noto/NotoSansBamum-Bold.ttf
73ea6b959000-73ea6b970000 r--p 00000000 103:02 13923262                  /usr/share/fonts/truetype/noto/NotoSansBalinese-Bold.ttf
73ea6b970000-73ea6b978000 r--p 00000000 103:02 13923259                  /usr/share/fonts/truetype/noto/NotoSansArmenian-Bold.ttf
73ea6b978000-73ea6b9b6000 r--p 00000000 103:02 13923257                  /usr/share/fonts/truetype/noto/NotoSansArabic-Bold.ttf
73ea6b9b6000-73ea6b9ce000 r--p 00000000 103:02 13923252                  /usr/share/fonts/truetype/noto/NotoSansAdlam-Bold.ttf
73ea6b9ce000-73ea6b9d2000 ---p 00000000 00:00 0 
73ea6b9d2000-73ea6bace000 rw-p 00000000 00:00 0 
73ea6bace000-73ea6bad2000 ---p 00000000 00:00 0 
73ea6bad2000-73ea6bbce000 rw-p 00000000 00:00 0 
73ea6bbce000-73ea6bc88000 r--p 00000000 103:02 13923164                  /usr/share/fonts/truetype/dejavu/DejaVuSans.ttf
73ea6bc88000-73ea6bd19000 r--p 00000000 103:02 13923348                  /usr/share/fonts/truetype/noto/NotoSansMath-Regular.ttf
73ea6bd19000-73ea6bd1e000 r--p 00000000 103:02 13923446                  /usr/share/fonts/truetype/noto/NotoSansZanabazarSquare-Regular.ttf
73ea6bd1e000-73ea6bd4b000 r--p 00000000 103:02 13923445                  /usr/share/fonts/truetype/noto/NotoSansYi-Regular.ttf
73ea6bd4b000-73ea6bd52000 r--p 00000000 103:02 13923444                  /usr/share/fonts/truetype/noto/NotoSansWarangCiti-Regular.ttf
73ea6bd52000-73ea6bd57000 r--p 00000000 103:02 13923443                  /usr/share/fonts/truetype/noto/NotoSansWancho-Regular.ttf
73ea6bd57000-73ea6bd6e000 r--p 00000000 103:02 13923442                  /usr/share/fonts/truetype/noto/NotoSansVai-Regular.ttf
73ea6bd6e000-73ea6bd86000 r--p 00000000 103:02 13923440                  /usr/share/fonts/truetype/noto/NotoSansTirhuta-Regular.ttf
73ea6bd86000-73ea6bd90000 r--p 00000000 103:02 13923428                  /usr/share/fonts/truetype/noto/NotoSansTifinagh-Regular.ttf
73ea6bd90000-73ea6bd9a000 r--p 00000000 103:02 13923427                  /usr/share/fonts/truetype/noto/NotoSansThai-Regular.ttf
73ea6bd9a000-73ea6bdca000 r--p 00000000 103:02 13923423                  /usr/share/fonts/truetype/noto/NotoSansTelugu-Regular.ttf
73ea6bdca000-73ea6bdd0000 r--p 00000000 103:02 13923418                  /usr/share/fonts/truetype/noto/NotoSansTakri-Regular.ttf
73ea6bdd0000-73ea6bde2000 r--p 00000000 103:02 13923420                  /usr/share/fonts/truetype/noto/NotoSansTamil-Regular.ttf
73ea6bde2000-73ea6bdea000 r--p 00000000 103:02 13923417                  /usr/share/fonts/truetype/noto/NotoSansTaiViet-Regular.ttf
73ea6bdea000-73ea6be02000 r--p 00000000 103:02 13923416                  /usr/share/fonts/truetype/noto/NotoSansTaiTham-Regular.ttf
73ea6be02000-73ea6be3c000 r--p 00000000 103:02 13923411                  /usr/share/fonts/truetype/noto/NotoSansSyriac-Regular.ttf
73ea6be3c000-73ea6be42000 r--p 00000000 103:02 13923406                  /usr/share/fonts/truetype/noto/NotoSansSundanese-Regular.ttf
73ea6be42000-73ea6be53000 r--p 00000000 103:02 13923404                  /usr/share/fonts/truetype/noto/NotoSansSoyombo-Regular.ttf
73ea6be53000-73ea6be9f000 r--p 00000000 103:02 13923400                  /usr/share/fonts/truetype/noto/NotoSansSinhala-Regular.ttf
73ea6be9f000-73ea6bec2000 r--p 00000000 103:02 13923397                  /usr/share/fonts/truetype/noto/NotoSansSiddham-Regular.ttf
73ea6bec2000-73ea6becf000 r--p 00000000 103:02 13923395                  /usr/share/fonts/truetype/noto/NotoSansSharada-Regular.ttf
73ea6becf000-73ea6bed8000 r--p 00000000 103:02 13923394                  /usr/share/fonts/truetype/noto/NotoSansSaurashtra-Regular.ttf
73ea6bed8000-73ea6bee2000 r--p 00000000 103:02 13923388                  /usr/share/fonts/truetype/noto/NotoSansPhagsPa-Regular.ttf
73ea6bee2000-73ea6bee7000 r--p 00000000 103:02 13923385                  /usr/share/fonts/truetype/noto/NotoSansPahawhHmong-Regular.ttf
73ea6bee7000-73ea6beed000 r--p 00000000 103:02 13923383                  /usr/share/fonts/truetype/noto/NotoSansOsage-Regular.ttf
73ea6beed000-73ea6bf05000 r--p 00000000 103:02 13923382                  /usr/share/fonts/truetype/noto/NotoSansOriya-Regular.ttf
73ea6bf05000-73ea6bf22000 r--p 00000000 103:02 13923369                  /usr/share/fonts/truetype/noto/NotoSansNushu-Regular.ttf
73ea6bf22000-73ea6bf47000 r--p 00000000 103:02 13923368                  /usr/share/fonts/truetype/noto/NotoSansNewa-Regular.ttf
73ea6bf47000-73ea6bf4c000 r--p 00000000 103:02 13923367                  /usr/share/fonts/truetype/noto/NotoSansNewTaiLue-Regular.ttf
73ea6bf4c000-73ea6bf56000 r--p 00000000 103:02 13923365                  /usr/share/fonts/truetype/noto/NotoSansNKo-Regular.ttf
73ea6bf56000-73ea6bf86000 r--p 00000000 103:02 13923364                  /usr/share/fonts/truetype/noto/NotoSansMyanmar-Regular.ttf
73ea6bf86000-73ea6bfc2000 r--p 00000000 103:02 13923358                  /usr/share/fonts/truetype/noto/NotoSansMongolian-Regular.ttf
73ea6bfc2000-73ea6bfcd000 r--p 00000000 103:02 13923357                  /usr/share/fonts/truetype/noto/NotoSansModi-Regular.ttf
73ea6bfcd000-73ea6bfd6000 r--p 00000000 103:02 13923356                  /usr/share/fonts/truetype/noto/NotoSansMiao-Regular.ttf
73ea6bfd6000-73ea6bfdf000 r--p 00000000 103:02 13923355                  /usr/share/fonts/truetype/noto/NotoSansMeroitic-Regular.ttf
73ea6bfdf000-73ea6c000000 r--p 00000000 103:02 13923346                  /usr/share/fonts/truetype/noto/NotoSansMarchen-Regular.ttf
73ea6c000000-73ea6c021000 rw-p 00000000 00:00 0 
73ea6c021000-73ea70000000 ---p 00000000 00:00 0 
73ea70000000-73ea70021000 rw-p 00000000 00:00 0 
73ea70021000-73ea74000000 ---p 00000000 00:00 0 
73ea74000000-73ea74021000 rw-p 00000000 00:00 0 
73ea74021000-73ea78000000 ---p 00000000 00:00 0 
73ea78000000-73ea78048000 rw-p 00000000 00:00 0 
73ea78048000-73ea7c000000 ---p 00000000 00:00 0 
73ea7c000000-73ea80000000 rw-s 00000000 00:01 278                        /memfd:pulseaudio (deleted)
73ea80000000-73ea80021000 rw-p 00000000 00:00 0 
73ea80021000-73ea84000000 ---p 00000000 00:00 0 
73ea84000000-73ea84021000 rw-p 00000000 00:00 0 
73ea84021000-73ea88000000 ---p 00000000 00:00 0 
73ea88000000-73ea88061000 rw-p 00000000 00:00 0 
73ea88061000-73ea8c000000 ---p 00000000 00:00 0 
73ea8c000000-73ea8c021000 rw-p 00000000 00:00 0 
73ea8c021000-73ea90000000 ---p 00000000 00:00 0 
73ea90000000-73ea90021000 rw-p 00000000 00:00 0 
73ea90021000-73ea94000000 ---p 00000000 00:00 0 
73ea94000000-73ea94021000 rw-p 00000000 00:00 0 
73ea94021000-73ea98000000 ---p 00000000 00:00 0 
73ea98002000-73ea9800b000 r--p 00000000 103:02 13923354                  /usr/share/fonts/truetype/noto/NotoSansMendeKikakui-Regular.ttf
73ea9800b000-73ea98010000 r--p 00000000 103:02 13923353                  /usr/share/fonts/truetype/noto/NotoSansMeeteiMayek-Regular.ttf
73ea98010000-73ea98018000 r--p 00000000 103:02 13923351                  /usr/share/fonts/truetype/noto/NotoSansMedefaidrin-Regular.ttf
73ea98018000-73ea98020000 r--p 00000000 103:02 13923347                  /usr/share/fonts/truetype/noto/NotoSansMasaramGondi-Regular.ttf
73ea98020000-73ea9802d000 r--p 00000000 103:02 13923345                  /usr/share/fonts/truetype/noto/NotoSansManichaean-Regular.ttf
73ea9802d000-73ea98048000 r--p 00000000 103:02 13923343                  /usr/share/fonts/truetype/noto/NotoSansMalayalam-Regular.ttf
73ea98048000-73ea98058000 r--p 00000000 103:02 13923336                  /usr/share/fonts/truetype/noto/NotoSansLinearB-Regular.ttf
73ea98058000-73ea98067000 r--p 00000000 103:02 13923335                  /usr/share/fonts/truetype/noto/NotoSansLinearA-Regular.ttf
73ea98067000-73ea9806b000 r--p 00000000 103:02 13923334                  /usr/share/fonts/truetype/noto/NotoSansLimbu-Regular.ttf
73ea9806b000-73ea98071000 r--p 00000000 103:02 13923333                  /usr/share/fonts/truetype/noto/NotoSansLepcha-Regular.ttf
73ea98071000-73ea98079000 r--p 00000000 103:02 13923332                  /usr/share/fonts/truetype/noto/NotoSansLao-Regular.ttf
73ea98079000-73ea9807e000 r--p 00000000 103:02 13923330                  /usr/share/fonts/truetype/noto/NotoSansKhudawadi-Regular.ttf
73ea9807e000-73ea9808e000 r--p 00000000 103:02 13923329                  /usr/share/fonts/truetype/noto/NotoSansKhojki-Regular.ttf
73ea9808e000-73ea980aa000 r--p 00000000 103:02 13923328                  /usr/share/fonts/truetype/noto/NotoSansKhmer-Regular.ttf
73ea980aa000-73ea980b3000 r--p 00000000 103:02 13923326                  /usr/share/fonts/truetype/noto/NotoSansKharoshthi-Regular.ttf
73ea980b3000-73ea980d9000 r--p 00000000 103:02 13923323                  /usr/share/fonts/truetype/noto/NotoSansKannada-Regular.ttf
73ea980d9000-73ea980f0000 r--p 00000000 103:02 13923321                  /usr/share/fonts/truetype/noto/NotoSansKaithi-Regular.ttf
73ea980f0000-73ea98110000 r--p 00000000 103:02 13923320                  /usr/share/fonts/truetype/noto/NotoSansJavanese-Regular.ttf
73ea98110000-73ea98117000 r--p 00000000 103:02 13923314                  /usr/share/fonts/truetype/noto/NotoSansHebrew-Regular.ttf
73ea98117000-73ea98124000 r--p 00000000 103:02 13923308                  /usr/share/fonts/truetype/noto/NotoSansGurmukhi-Regular.ttf
73ea98124000-73ea98134000 r--p 00000000 103:02 13923306                  /usr/share/fonts/truetype/noto/NotoSansGunjalaGondi-Regular.ttf
73ea98134000-73ea98167000 r--p 00000000 103:02 13923305                  /usr/share/fonts/truetype/noto/NotoSansGujarati-Regular.ttf
73ea98167000-73ea981d6000 r--p 00000000 103:02 13923303                  /usr/share/fonts/truetype/noto/NotoSansGrantha-Regular.ttf
73ea981d6000-73ea981e0000 r--p 00000000 103:02 13923301                  /usr/share/fonts/truetype/noto/NotoSansGlagolitic-Regular.ttf
73ea981e0000-73ea981ed000 r--p 00000000 103:02 13923300                  /usr/share/fonts/truetype/noto/NotoSansGeorgian-Regular.ttf
73ea981ed000-73ea98241000 r--p 00000000 103:02 13923298                  /usr/share/fonts/truetype/noto/NotoSansEthiopic-Regular.ttf
73ea98241000-73ea98246000 r--p 00000000 103:02 13923293                  /usr/share/fonts/truetype/noto/NotoSansDuployan-Regular.ttf
73ea98246000-73ea9827e000 r--p 00000000 103:02 13923288                  /usr/share/fonts/truetype/noto/NotoSansDevanagari-Regular.ttf
73ea9827e000-73ea98347000 r--p 00000000 103:02 13923284                  /usr/share/fonts/truetype/noto/NotoSansCuneiform-Regular.ttf
73ea98347000-73ea98352000 r--p 00000000 103:02 13923283                  /usr/share/fonts/truetype/noto/NotoSansCoptic-Regular.ttf
73ea98352000-73ea9836a000 r--p 00000000 103:02 13923282                  /usr/share/fonts/truetype/noto/NotoSansCherokee-Regular.ttf
73ea9836a000-73ea98372000 r--p 00000000 103:02 13923280                  /usr/share/fonts/truetype/noto/NotoSansCham-Regular.ttf
73ea98372000-73ea98388000 r--p 00000000 103:02 13923275                  /usr/share/fonts/truetype/noto/NotoSansCanadianAboriginal-Regular.ttf
73ea98388000-73ea983c5000 r--p 00000000 103:02 13923270                  /usr/share/fonts/truetype/noto/NotoSansBhaiksuki-Regular.ttf
73ea983c5000-73ea983f7000 r--p 00000000 103:02 13923269                  /usr/share/fonts/truetype/noto/NotoSansBengali-Regular.ttf
73ea983f7000-73ea9842f000 r--p 00000000 103:02 13923265                  /usr/share/fonts/truetype/noto/NotoSansBamum-Regular.ttf
73ea9842f000-73ea9846b000 r--p 00000000 103:02 13923258                  /usr/share/fonts/truetype/noto/NotoSansArabic-Regular.ttf
73ea9846b000-73ea9846f000 ---p 00000000 00:00 0 
73ea9846f000-73ea9856b000 rw-p 00000000 00:00 0 
73ea9856b000-73ea9a56b000 rw-s 00000000 00:01 163856                     /SYSV00000000 (deleted)
73ea9a56b000-73ea9a56f000 ---p 00000000 00:00 0 
73ea9a56f000-73ea9a66b000 rw-p 00000000 00:00 0 
73ea9a66b000-73ea9a66c000 ---p 00000000 00:00 0 
73ea9a66c000-73ea9ae6c000 rw-p 00000000 00:00 0 
73ea9ae6c000-73ea9ae72000 r--p 00000000 103:02 13905454                  /usr/lib/x86_64-linux-gnu/libmp3lame.so.0.0.0
73ea9ae72000-73ea9aea3000 r-xp 00006000 103:02 13905454                  /usr/lib/x86_64-linux-gnu/libmp3lame.so.0.0.0
73ea9aea3000-73ea9aeb3000 r--p 00037000 103:02 13905454                  /usr/lib/x86_64-linux-gnu/libmp3lame.so.0.0.0
73ea9aeb3000-73ea9aeb4000 r--p 00047000 103:02 13905454                  /usr/lib/x86_64-linux-gnu/libmp3lame.so.0.0.0
73ea9aeb4000-73ea9aeb5000 rw-p 00048000 103:02 13905454                  /usr/lib/x86_64-linux-gnu/libmp3lame.so.0.0.0
73ea9aeb5000-73ea9aee2000 rw-p 00000000 00:00 0 
73ea9aee2000-73ea9aee7000 r--p 00000000 103:02 13905457                  /usr/lib/x86_64-linux-gnu/libmpg123.so.0.48.2
73ea9aee7000-73ea9af22000 r-xp 00005000 103:02 13905457                  /usr/lib/x86_64-linux-gnu/libmpg123.so.0.48.2
73ea9af22000-73ea9af3c000 r--p 00040000 103:02 13905457                  /usr/lib/x86_64-linux-gnu/libmpg123.so.0.48.2
73ea9af3c000-73ea9af3d000 r--p 0005a000 103:02 13905457                  /usr/lib/x86_64-linux-gnu/libmpg123.so.0.48.2
73ea9af3d000-73ea9af3e000 rw-p 0005b000 103:02 13905457                  /usr/lib/x86_64-linux-gnu/libmpg123.so.0.48.2
73ea9af3e000-73ea9af41000 r--p 00000000 103:02 13905522                  /usr/lib/x86_64-linux-gnu/libopus.so.0.9.0
73ea9af41000-73ea9af8b000 r-xp 00003000 103:02 13905522                  /usr/lib/x86_64-linux-gnu/libopus.so.0.9.0
73ea9af8b000-73ea9af9b000 r--p 0004d000 103:02 13905522                  /usr/lib/x86_64-linux-gnu/libopus.so.0.9.0
73ea9af9b000-73ea9af9c000 r--p 0005d000 103:02 13905522                  /usr/lib/x86_64-linux-gnu/libopus.so.0.9.0
73ea9af9c000-73ea9af9d000 rw-p 0005e000 103:02 13905522                  /usr/lib/x86_64-linux-gnu/libopus.so.0.9.0
73ea9af9d000-73ea9afb1000 r--p 00000000 103:02 13905715                  /usr/lib/x86_64-linux-gnu/libvorbisenc.so.2.0.12
73ea9afb1000-73ea9afb4000 r-xp 00014000 103:02 13905715                  /usr/lib/x86_64-linux-gnu/libvorbisenc.so.2.0.12
73ea9afb4000-73ea9b02b000 r--p 00017000 103:02 13905715                  /usr/lib/x86_64-linux-gnu/libvorbisenc.so.2.0.12
73ea9b02b000-73ea9b047000 r--p 0008d000 103:02 13905715                  /usr/lib/x86_64-linux-gnu/libvorbisenc.so.2.0.12
73ea9b047000-73ea9b048000 rw-p 000a9000 103:02 13905715                  /usr/lib/x86_64-linux-gnu/libvorbisenc.so.2.0.12
73ea9b048000-73ea9b050000 r--p 00000000 103:02 13904956                  /usr/lib/x86_64-linux-gnu/libFLAC.so.12.1.0
73ea9b050000-73ea9b0a2000 r-xp 00008000 103:02 13904956                  /usr/lib/x86_64-linux-gnu/libFLAC.so.12.1.0
73ea9b0a2000-73ea9b0aa000 r--p 0005a000 103:02 13904956                  /usr/lib/x86_64-linux-gnu/libFLAC.so.12.1.0
73ea9b0aa000-73ea9b0ab000 r--p 00062000 103:02 13904956                  /usr/lib/x86_64-linux-gnu/libFLAC.so.12.1.0
73ea9b0ab000-73ea9b0ac000 rw-p 00063000 103:02 13904956                  /usr/lib/x86_64-linux-gnu/libFLAC.so.12.1.0
73ea9b0ac000-73ea9b0b4000 r--p 00000000 103:02 13905632                  /usr/lib/x86_64-linux-gnu/libsndfile.so.1.0.37
73ea9b0b4000-73ea9b115000 r-xp 00008000 103:02 13905632                  /usr/lib/x86_64-linux-gnu/libsndfile.so.1.0.37
73ea9b115000-73ea9b12e000 r--p 00069000 103:02 13905632                  /usr/lib/x86_64-linux-gnu/libsndfile.so.1.0.37
73ea9b12e000-73ea9b131000 r--p 00081000 103:02 13905632                  /usr/lib/x86_64-linux-gnu/libsndfile.so.1.0.37
73ea9b131000-73ea9b132000 rw-p 00084000 103:02 13905632                  /usr/lib/x86_64-linux-gnu/libsndfile.so.1.0.37
73ea9b132000-73ea9b134000 rw-p 00000000 00:00 0 
73ea9b134000-73ea9b146000 r--p 00000000 103:02 13908846                  /usr/lib/x86_64-linux-gnu/pulseaudio/libpulsecommon-16.1.so
73ea9b146000-73ea9b190000 r-xp 00012000 103:02 13908846                  /usr/lib/x86_64-linux-gnu/pulseaudio/libpulsecommon-16.1.so
73ea9b190000-73ea9b1af000 r--p 0005c000 103:02 13908846                  /usr/lib/x86_64-linux-gnu/pulseaudio/libpulsecommon-16.1.so
73ea9b1af000-73ea9b1b1000 r--p 0007a000 103:02 13908846                  /usr/lib/x86_64-linux-gnu/pulseaudio/libpulsecommon-16.1.so
73ea9b1b1000-73ea9b1b2000 rw-p 0007c000 103:02 13908846                  /usr/lib/x86_64-linux-gnu/pulseaudio/libpulsecommon-16.1.so
73ea9b1b2000-73ea9b1be000 r--p 00000000 103:02 13905585                  /usr/lib/x86_64-linux-gnu/libpulse.so.0.24.2
73ea9b1be000-73ea9b1ef000 r-xp 0000c000 103:02 13905585                  /usr/lib/x86_64-linux-gnu/libpulse.so.0.24.2
73ea9b1ef000-73ea9b200000 r--p 0003d000 103:02 13905585                  /usr/lib/x86_64-linux-gnu/libpulse.so.0.24.2
73ea9b200000-73ea9b202000 r--p 0004d000 103:02 13905585                  /usr/lib/x86_64-linux-gnu/libpulse.so.0.24.2
73ea9b202000-73ea9b203000 rw-p 0004f000 103:02 13905585                  /usr/lib/x86_64-linux-gnu/libpulse.so.0.24.2
73ea9b203000-73ea9b207000 ---p 00000000 00:00 0 
73ea9b207000-73ea9b303000 rw-p 00000000 00:00 0 
73ea9b303000-73ea9b307000 ---p 00000000 00:00 0 
73ea9b307000-73ea9b403000 rw-p 00000000 00:00 0 
73ea9b403000-73ea9b407000 ---p 00000000 00:00 0 
73ea9b407000-73ea9b503000 rw-p 00000000 00:00 0 
73ea9b503000-73ea9b504000 ---p 00000000 00:00 0 
73ea9b504000-73ea9bd04000 rw-p 00000000 00:00 0 
73ea9bd04000-73ea9bd08000 ---p 00000000 00:00 0 
73ea9bd08000-73ea9be04000 rw-p 00000000 00:00 0 
73ea9be04000-73ea9be82000 r--p 00000000 103:02 13923248                  /usr/share/fonts/truetype/noto/NotoSans-Bold.ttf
73ea9be82000-73ea9be86000 ---p 00000000 00:00 0 
73ea9be86000-73ea9bf82000 rw-p 00000000 00:00 0 
73ea9bf82000-73ea9c000000 r--p 00000000 103:02 13923251                  /usr/share/fonts/truetype/noto/NotoSans-Regular.ttf
73ea9c000000-73ea9c021000 rw-p 00000000 00:00 0 
73ea9c021000-73eaa0000000 ---p 00000000 00:00 0 
73eaa0000000-73eaa0021000 rw-p 00000000 00:00 0 
73eaa0021000-73eaa4000000 ---p 00000000 00:00 0 
73eaa4000000-73eaa4021000 rw-p 00000000 00:00 0 
73eaa4021000-73eaa8000000 ---p 00000000 00:00 0 
73eaa8000000-73eaa8021000 rw-p 00000000 00:00 0 
73eaa8021000-73eaac000000 ---p 00000000 00:00 0 
73eaac000000-73eaac021000 rw-p 00000000 00:00 0 
73eaac021000-73eab0000000 ---p 00000000 00:00 0 
73eab0000000-73eab0021000 rw-p 00000000 00:00 0 
73eab0021000-73eab4000000 ---p 00000000 00:00 0 
73eab4000000-73eab4021000 rw-p 00000000 00:00 0 
73eab4021000-73eab8000000 ---p 00000000 00:00 0 
73eab8000000-73eab8021000 rw-p 00000000 00:00 0 
73eab8021000-73eabc000000 ---p 00000000 00:00 0 
73eabc000000-73eabc021000 rw-p 00000000 00:00 0 
73eabc021000-73eac0000000 ---p 00000000 00:00 0 
73eac0000000-73eac0021000 rw-p 00000000 00:00 0 
73eac0021000-73eac4000000 ---p 00000000 00:00 0 
73eac4000000-73eac4021000 rw-p 00000000 00:00 0 
73eac4021000-73eac8000000 ---p 00000000 00:00 0 
73eac8000000-73eac8021000 rw-p 00000000 00:00 0 
73eac8021000-73eacc000000 ---p 00000000 00:00 0 
73eacc000000-73eacc021000 rw-p 00000000 00:00 0 
73eacc021000-73ead0000000 ---p 00000000 00:00 0 
73ead0000000-73ead0021000 rw-p 00000000 00:00 0 
73ead0021000-73ead4000000 ---p 00000000 00:00 0 
73ead4000000-73ead4021000 rw-p 00000000 00:00 0 
73ead4021000-73ead8000000 ---p 00000000 00:00 0 
73ead8000000-73ead8021000 rw-p 00000000 00:00 0 
73ead8021000-73eadc000000 ---p 00000000 00:00 0 
73eadc000000-73eadc021000 rw-p 00000000 00:00 0 
73eadc021000-73eae0000000 ---p 00000000 00:00 0 
73eae0000000-73eae0021000 rw-p 00000000 00:00 0 
73eae0021000-73eae4000000 ---p 00000000 00:00 0 
73eae4000000-73eae4021000 rw-p 00000000 00:00 0 
73eae4021000-73eae8000000 ---p 00000000 00:00 0 
73eae8000000-73eae8021000 rw-p 00000000 00:00 0 
73eae8021000-73eaec000000 ---p 00000000 00:00 0 
73eaec000000-73eaec021000 rw-p 00000000 00:00 0 
73eaec021000-73eaf0000000 ---p 00000000 00:00 0 
73eaf0000000-73eaf0021000 rw-p 00000000 00:00 0 
73eaf0021000-73eaf4000000 ---p 00000000 00:00 0 
73eaf4000000-73eaf4021000 rw-p 00000000 00:00 0 
73eaf4021000-73eaf8000000 ---p 00000000 00:00 0 
73eaf8000000-73eaf8021000 rw-p 00000000 00:00 0 
73eaf8021000-73eafc000000 ---p 00000000 00:00 0 
73eafc000000-73eafc021000 rw-p 00000000 00:00 0 
73eafc021000-73eb00000000 ---p 00000000 00:00 0 
73eb00000000-73eb00021000 rw-p 00000000 00:00 0 
73eb00021000-73eb04000000 ---p 00000000 00:00 0 
73eb04000000-73eb04021000 rw-p 00000000 00:00 0 
73eb04021000-73eb08000000 ---p 00000000 00:00 0 
73eb08000000-73eb08021000 rw-p 00000000 00:00 0 
73eb08021000-73eb0c000000 ---p 00000000 00:00 0 
73eb0c000000-73eb0c021000 rw-p 00000000 00:00 0 
73eb0c021000-73eb10000000 ---p 00000000 00:00 0 
73eb10000000-73eb10021000 rw-p 00000000 00:00 0 
73eb10021000-73eb14000000 ---p 00000000 00:00 0 
73eb14000000-73eb152fd000 rw-p 00000000 00:00 0 
73eb152fd000-73eb18000000 ---p 00000000 00:00 0 
73eb18000000-73eb1809a000 rw-p 00000000 00:00 0 
73eb1809a000-73eb1c000000 ---p 00000000 00:00 0 
73eb1c000000-73eb1c180000 rw-p 00000000 00:00 0 
73eb1c180000-73eb1c200000 rw-p 00000000 00:00 0 
73eb1c200000-73eb1c700000 rw-p 00000000 00:00 0 
73eb1c700000-73eb1c800000 rw-p 00000000 00:00 0 
73eb1c800000-73eb1d100000 rw-p 00000000 00:00 0 
73eb1d100000-73eb1d200000 rw-p 00000000 00:00 0 
73eb1d200000-73eb1dc70000 rw-p 00000000 00:00 0 
73eb1dc70000-73eb1dd00000 ---p 00000000 00:00 0 
73eb1dd00000-73eb1dda0000 rw-p 00000000 00:00 0 
73eb1dda0000-73eb20000000 ---p 00000000 00:00 0 
73eb20000000-73eb20021000 rw-p 00000000 00:00 0 
73eb20021000-73eb24000000 ---p 00000000 00:00 0 
73eb24000000-73eb24062000 rw-p 00000000 00:00 0 
73eb24062000-73eb28000000 ---p 00000000 00:00 0 
73eb28000000-73eb28021000 rw-p 00000000 00:00 0 
73eb28021000-73eb2c000000 ---p 00000000 00:00 0 
73eb2c000000-73eb2c021000 rw-p 00000000 00:00 0 
73eb2c021000-73eb30000000 ---p 00000000 00:00 0 
73eb30000000-73eb30021000 rw-p 00000000 00:00 0 
73eb30021000-73eb34000000 ---p 00000000 00:00 0 
73eb34000000-73eb34021000 rw-p 00000000 00:00 0 
73eb34021000-73eb38000000 ---p 00000000 00:00 0 
73eb38000000-73eb38021000 rw-p 00000000 00:00 0 
73eb38021000-73eb3c000000 ---p 00000000 00:00 0 
73eb3c000000-73eb3c021000 rw-p 00000000 00:00 0 
73eb3c021000-73eb40000000 ---p 00000000 00:00 0 
73eb40000000-73eb40021000 rw-p 00000000 00:00 0 
73eb40021000-73eb44000000 ---p 00000000 00:00 0 
73eb44000000-73eb44021000 rw-p 00000000 00:00 0 
73eb44021000-73eb48000000 ---p 00000000 00:00 0 
73eb48000000-73eb48372000 rw-p 00000000 00:00 0 
73eb48372000-73eb4c000000 ---p 00000000 00:00 0 
73eb4c000000-73eb4c021000 rw-p 00000000 00:00 0 
73eb4c021000-73eb50000000 ---p 00000000 00:00 0 
73eb50000000-73eb50032000 rw-p 00000000 00:00 0 
73eb50032000-73eb54000000 ---p 00000000 00:00 0 
73eb54000000-73eb54021000 rw-p 00000000 00:00 0 
73eb54021000-73eb58000000 ---p 00000000 00:00 0 
73eb58000000-73eb58021000 rw-p 00000000 00:00 0 
73eb58021000-73eb5c000000 ---p 00000000 00:00 0 
73eb5c000000-73eb5c021000 rw-p 00000000 00:00 0 
73eb5c021000-73eb60000000 ---p 00000000 00:00 0 
73eb60000000-73eb62b79000 rw-p 00000000 00:00 0 
73eb62b79000-73eb64000000 ---p 00000000 00:00 0 
73eb64000000-73eb64021000 rw-p 00000000 00:00 0 
73eb64021000-73eb68000000 ---p 00000000 00:00 0 
73eb68000000-73eb68c8c000 rw-p 00000000 00:00 0 
73eb68c8c000-73eb6c000000 ---p 00000000 00:00 0 
73eb6c000000-73eb6c021000 rw-p 00000000 00:00 0 
73eb6c021000-73eb70000000 ---p 00000000 00:00 0 
73eb70000000-73eb70021000 rw-p 00000000 00:00 0 
73eb70021000-73eb74000000 ---p 00000000 00:00 0 
73eb74000000-73eb74021000 rw-p 00000000 00:00 0 
73eb74021000-73eb78000000 ---p 00000000 00:00 0 
73eb78000000-73eb7800f000 r--p 00000000 103:02 13923278                  /usr/share/fonts/truetype/noto/NotoSansChakma-Regular.ttf
73eb7800f000-73eb78026000 r--p 00000000 103:02 13923263                  /usr/share/fonts/truetype/noto/NotoSansBalinese-Regular.ttf
73eb78026000-73eb78081000 r--s 00000000 103:02 19174286                  /home/olimjon/.cache/fontconfig/2300eef321c393bfd76478a5c0e95b23-le64.cache-9
73eb78081000-73eb780f3000 r--s 00000000 103:02 19174285                  /home/olimjon/.cache/fontconfig/0bd3dc0958fa2205aaaa8ebb13e2872b-le64.cache-9
73eb780f3000-73eb780f6000 r--p 00000000 103:02 13923392                  /usr/share/fonts/truetype/noto/NotoSansRunic-Regular.ttf
73eb780f6000-73eb780fd000 r--p 00000000 103:02 13923277                  /usr/share/fonts/truetype/noto/NotoSansCaucasianAlbanian-Regular.ttf
73eb780fd000-73eb78108000 r--p 00000000 103:02 13923271                  /usr/share/fonts/truetype/noto/NotoSansBrahmi-Regular.ttf
73eb78108000-73eb78120000 r--p 00000000 103:02 13923253                  /usr/share/fonts/truetype/noto/NotoSansAdlam-Regular.ttf
73eb78120000-73eb78123000 r--p 00000000 103:02 13905072                  /usr/lib/x86_64-linux-gnu/libapparmor.so.1.17.1
73eb78123000-73eb7812c000 r-xp 00003000 103:02 13905072                  /usr/lib/x86_64-linux-gnu/libapparmor.so.1.17.1
73eb7812c000-73eb78132000 r--p 0000c000 103:02 13905072                  /usr/lib/x86_64-linux-gnu/libapparmor.so.1.17.1
73eb78132000-73eb78133000 r--p 00012000 103:02 13905072                  /usr/lib/x86_64-linux-gnu/libapparmor.so.1.17.1
73eb78133000-73eb78134000 rw-p 00013000 103:02 13905072                  /usr/lib/x86_64-linux-gnu/libapparmor.so.1.17.1
73eb78134000-73eb78136000 r--p 00000000 103:02 13905081                  /usr/lib/x86_64-linux-gnu/libasyncns.so.0.3.1
73eb78136000-73eb78139000 r-xp 00002000 103:02 13905081                  /usr/lib/x86_64-linux-gnu/libasyncns.so.0.3.1
73eb78139000-73eb7813a000 r--p 00005000 103:02 13905081                  /usr/lib/x86_64-linux-gnu/libasyncns.so.0.3.1
73eb7813a000-73eb7813b000 r--p 00005000 103:02 13905081                  /usr/lib/x86_64-linux-gnu/libasyncns.so.0.3.1
73eb7813b000-73eb7813c000 rw-p 00006000 103:02 13905081                  /usr/lib/x86_64-linux-gnu/libasyncns.so.0.3.1
73eb7813e000-73eb78144000 r--p 00000000 103:02 13923261                  /usr/share/fonts/truetype/noto/NotoSansAvestan-Regular.ttf
73eb78144000-73eb7814c000 r--p 00000000 103:02 13923260                  /usr/share/fonts/truetype/noto/NotoSansArmenian-Regular.ttf
73eb7814c000-73eb7815a000 r--s 00000000 103:02 19174287                  /home/olimjon/.cache/fontconfig/a4e60e8d1e10d2fdff3fe3037a1845fb-le64.cache-9
73eb7815a000-73eb7815f000 r--p 00000000 103:02 13923286                  /usr/share/fonts/truetype/noto/NotoSansDeseret-Regular.ttf
73eb7815f000-73eb78161000 r--p 00000000 103:02 13907129                  /usr/lib/x86_64-linux-gnu/libcanberra-0.30/libcanberra-pulse.so
73eb78161000-73eb78165000 r-xp 00002000 103:02 13907129                  /usr/lib/x86_64-linux-gnu/libcanberra-0.30/libcanberra-pulse.so
73eb78165000-73eb78166000 r--p 00006000 103:02 13907129                  /usr/lib/x86_64-linux-gnu/libcanberra-0.30/libcanberra-pulse.so
73eb78166000-73eb78167000 r--p 00006000 103:02 13907129                  /usr/lib/x86_64-linux-gnu/libcanberra-0.30/libcanberra-pulse.so
73eb78167000-73eb78168000 rw-p 00007000 103:02 13907129                  /usr/lib/x86_64-linux-gnu/libcanberra-0.30/libcanberra-pulse.so
73eb78168000-73eb78170000 r--s 00000000 103:02 19174281                  /home/olimjon/.cache/fontconfig/3047814df9a2f067bd2d96a2b9c36e5a-le64.cache-9
73eb78172000-73eb78176000 r-xp 00000000 103:02 19402233                  /home/olimjon/Downloads/openjfx-17.0.17_linux-x64_bin-sdk/javafx-sdk-17.0.17/lib/libjavafx_font_pango.so
73eb78176000-73eb78177000 r--p 00003000 103:02 19402233                  /home/olimjon/Downloads/openjfx-17.0.17_linux-x64_bin-sdk/javafx-sdk-17.0.17/lib/libjavafx_font_pango.so
73eb78177000-73eb78178000 rw-p 00004000 103:02 19402233                  /home/olimjon/Downloads/openjfx-17.0.17_linux-x64_bin-sdk/javafx-sdk-17.0.17/lib/libjavafx_font_pango.so
73eb78178000-73eb78187000 r--s 00000000 103:02 19174279                  /home/olimjon/.cache/fontconfig/6cc790b63b123a6a96ee260fcdad32a9-le64.cache-9
73eb78187000-73eb78198000 r--s 00000000 103:02 19174278                  /home/olimjon/.cache/fontconfig/9b89f8e3dae116d678bbf48e5f21f69b-le64.cache-9
73eb78198000-73eb781a9000 r--s 00000000 103:02 19174269                  /home/olimjon/.cache/fontconfig/e13b20fdb08344e0e664864cc2ede53d-le64.cache-9
73eb781a9000-73eb781ad000 r--p 00000000 103:02 13923285                  /usr/share/fonts/truetype/noto/NotoSansCypriot-Regular.ttf
73eb781ad000-73eb781ba000 r--s 00000000 103:02 15741927                  /var/cache/fontconfig/d589a48862398ed80a3d6066f4f56f4c-le64.cache-9
73eb781ba000-73eb781dc000 r-xp 00000000 103:02 19402260                  /home/olimjon/Downloads/openjfx-17.0.17_linux-x64_bin-sdk/javafx-sdk-17.0.17/lib/libjavafx_iio.so
73eb781dc000-73eb781dd000 r--p 00021000 103:02 19402260                  /home/olimjon/Downloads/openjfx-17.0.17_linux-x64_bin-sdk/javafx-sdk-17.0.17/lib/libjavafx_iio.so
73eb781dd000-73eb781de000 rw-p 00022000 103:02 19402260                  /home/olimjon/Downloads/openjfx-17.0.17_linux-x64_bin-sdk/javafx-sdk-17.0.17/lib/libjavafx_iio.so
73eb781de000-73eb781e2000 ---p 00000000 00:00 0 
73eb781e2000-73eb782de000 rw-p 00000000 00:00 0 
73eb782de000-73eb782e2000 ---p 00000000 00:00 0 
73eb782e2000-73eb783de000 rw-p 00000000 00:00 0 
73eb783de000-73eb783e2000 ---p 00000000 00:00 0 
73eb783e2000-73eb784de000 rw-p 00000000 00:00 0 
73eb784de000-73eb784e2000 ---p 00000000 00:00 0 
73eb784e2000-73eb785de000 rw-p 00000000 00:00 0 
73eb785de000-73eb785e2000 ---p 00000000 00:00 0 
73eb785e2000-73eb786de000 rw-p 00000000 00:00 0 
73eb786de000-73eb786e2000 ---p 00000000 00:00 0 
73eb786e2000-73eb787de000 rw-p 00000000 00:00 0 
73eb787de000-73eb787e2000 ---p 00000000 00:00 0 
73eb787e2000-73eb788de000 rw-p 00000000 00:00 0 
73eb788de000-73eb788e2000 ---p 00000000 00:00 0 
73eb788e2000-73eb789de000 rw-p 00000000 00:00 0 
73eb789de000-73eb789e2000 ---p 00000000 00:00 0 
73eb789e2000-73eb78ade000 rw-p 00000000 00:00 0 
73eb78ade000-73eb78ae2000 ---p 00000000 00:00 0 
73eb78ae2000-73eb78bde000 rw-p 00000000 00:00 0 
73eb78bde000-73eb78be2000 ---p 00000000 00:00 0 
73eb78be2000-73eb78cde000 rw-p 00000000 00:00 0 
73eb78cde000-73eb78ce2000 ---p 00000000 00:00 0 
73eb78ce2000-73eb78dde000 rw-p 00000000 00:00 0 
73eb78dde000-73eb78de2000 ---p 00000000 00:00 0 
73eb78de2000-73eb78ede000 rw-p 00000000 00:00 0 
73eb78ede000-73eb78ee2000 ---p 00000000 00:00 0 
73eb78ee2000-73eb78fde000 rw-p 00000000 00:00 0 
73eb78fde000-73eb78fe2000 ---p 00000000 00:00 0 
73eb78fe2000-73eb790de000 rw-p 00000000 00:00 0 
73eb790de000-73eb790e2000 ---p 00000000 00:00 0 
73eb790e2000-73eb791de000 rw-p 00000000 00:00 0 
73eb791de000-73eb791e2000 ---p 00000000 00:00 0 
73eb791e2000-73eb792de000 rw-p 00000000 00:00 0 
73eb792de000-73eb792e2000 ---p 00000000 00:00 0 
73eb792e2000-73eb793de000 rw-p 00000000 00:00 0 
73eb793de000-73eb793e2000 ---p 00000000 00:00 0 
73eb793e2000-73eb794de000 rw-p 00000000 00:00 0 
73eb794de000-73eb794e2000 ---p 00000000 00:00 0 
73eb794e2000-73eb795de000 rw-p 00000000 00:00 0 
73eb795de000-73eb795e2000 ---p 00000000 00:00 0 
73eb795e2000-73eb796de000 rw-p 00000000 00:00 0 
73eb796de000-73eb796e2000 ---p 00000000 00:00 0 
73eb796e2000-73eb797de000 rw-p 00000000 00:00 0 
73eb797de000-73eb797e2000 ---p 00000000 00:00 0 
73eb797e2000-73eb798de000 rw-p 00000000 00:00 0 
73eb798de000-73eb798e2000 ---p 00000000 00:00 0 
73eb798e2000-73eb799de000 rw-p 00000000 00:00 0 
73eb799de000-73eb799e2000 ---p 00000000 00:00 0 
73eb799e2000-73eb79ade000 rw-p 00000000 00:00 0 
73eb79ade000-73eb79ae2000 ---p 00000000 00:00 0 
73eb79ae2000-73eb79bde000 rw-p 00000000 00:00 0 
73eb79bde000-73eb79be2000 ---p 00000000 00:00 0 
73eb79be2000-73eb79cde000 rw-p 00000000 00:00 0 
73eb79cde000-73eb79ce2000 ---p 00000000 00:00 0 
73eb79ce2000-73eb79dde000 rw-p 00000000 00:00 0 
73eb79dde000-73eb79de2000 ---p 00000000 00:00 0 
73eb79de2000-73eb79ede000 rw-p 00000000 00:00 0 
73eb79ede000-73eb79ee2000 ---p 00000000 00:00 0 
73eb79ee2000-73eb79fde000 rw-p 00000000 00:00 0 
73eb79fde000-73eb79fe2000 ---p 00000000 00:00 0 
73eb79fe2000-73eb7a0de000 rw-p 00000000 00:00 0 
73eb7a0de000-73eb7a0e2000 ---p 00000000 00:00 0 
73eb7a0e2000-73eb7a1de000 rw-p 00000000 00:00 0 
73eb7a1de000-73eb7a1e2000 ---p 00000000 00:00 0 
73eb7a1e2000-73eb7a2de000 rw-p 00000000 00:00 0 
73eb7a2de000-73eb7a2df000 r--p 00000000 103:02 13905504                  /usr/lib/x86_64-linux-gnu/libnss_mdns4_minimal.so.2
73eb7a2df000-73eb7a2e1000 r-xp 00001000 103:02 13905504                  /usr/lib/x86_64-linux-gnu/libnss_mdns4_minimal.so.2
73eb7a2e1000-73eb7a2e2000 r--p 00003000 103:02 13905504                  /usr/lib/x86_64-linux-gnu/libnss_mdns4_minimal.so.2
73eb7a2e2000-73eb7a2e3000 r--p 00003000 103:02 13905504                  /usr/lib/x86_64-linux-gnu/libnss_mdns4_minimal.so.2
73eb7a2e3000-73eb7a2e4000 rw-p 00004000 103:02 13905504                  /usr/lib/x86_64-linux-gnu/libnss_mdns4_minimal.so.2
73eb7a2e4000-73eb7a2e8000 r--p 00000000 103:02 13923267                  /usr/share/fonts/truetype/noto/NotoSansBatak-Regular.ttf
73eb7a2e8000-73eb7a2ed000 r-xp 00000000 103:02 19402236                  /home/olimjon/Downloads/openjfx-17.0.17_linux-x64_bin-sdk/javafx-sdk-17.0.17/lib/libjavafx_font_freetype.so
73eb7a2ed000-73eb7a2ee000 r--p 00004000 103:02 19402236                  /home/olimjon/Downloads/openjfx-17.0.17_linux-x64_bin-sdk/javafx-sdk-17.0.17/lib/libjavafx_font_freetype.so
73eb7a2ee000-73eb7a2ef000 rw-p 00005000 103:02 19402236                  /home/olimjon/Downloads/openjfx-17.0.17_linux-x64_bin-sdk/javafx-sdk-17.0.17/lib/libjavafx_font_freetype.so
73eb7a2ef000-73eb7a2f2000 r-xp 00000000 103:02 19402258                  /home/olimjon/Downloads/openjfx-17.0.17_linux-x64_bin-sdk/javafx-sdk-17.0.17/lib/libjavafx_font.so
73eb7a2f2000-73eb7a2f3000 r--p 00002000 103:02 19402258                  /home/olimjon/Downloads/openjfx-17.0.17_linux-x64_bin-sdk/javafx-sdk-17.0.17/lib/libjavafx_font.so
73eb7a2f3000-73eb7a2f4000 rw-p 00003000 103:02 19402258                  /home/olimjon/Downloads/openjfx-17.0.17_linux-x64_bin-sdk/javafx-sdk-17.0.17/lib/libjavafx_font.so
73eb7a2f4000-73eb7a2f8000 ---p 00000000 00:00 0 
73eb7a2f8000-73eb7a3f4000 rw-p 00000000 00:00 0 
73eb7a3f4000-73eb7a3f8000 ---p 00000000 00:00 0 
73eb7a3f8000-73eb7a4f4000 rw-p 00000000 00:00 0 
73eb7a4f4000-73eb7a4f8000 ---p 00000000 00:00 0 
73eb7a4f8000-73eb7a5f4000 rw-p 00000000 00:00 0 
73eb7a5f4000-73eb7a5f5000 r--p 00000000 103:02 14432651                  /usr/lib/jvm/java-17-openjdk-amd64/lib/libextnet.so
73eb7a5f5000-73eb7a5f6000 r-xp 00001000 103:02 14432651                  /usr/lib/jvm/java-17-openjdk-amd64/lib/libextnet.so
73eb7a5f6000-73eb7a5f7000 r--p 00002000 103:02 14432651                  /usr/lib/jvm/java-17-openjdk-amd64/lib/libextnet.so
73eb7a5f7000-73eb7a5f8000 r--p 00002000 103:02 14432651                  /usr/lib/jvm/java-17-openjdk-amd64/lib/libextnet.so
73eb7a5f8000-73eb7a5f9000 rw-p 00003000 103:02 14432651                  /usr/lib/jvm/java-17-openjdk-amd64/lib/libextnet.so
73eb7a5f9000-73eb7a5fd000 ---p 00000000 00:00 0 
73eb7a5fd000-73eb7a6f9000 rw-p 00000000 00:00 0 
73eb7a6f9000-73eb7a6fd000 ---p 00000000 00:00 0 
73eb7a6fd000-73eb7a7f9000 rw-p 00000000 00:00 0 
73eb7a7f9000-73eb7a7fb000 r--p 00000000 103:02 14432669                  /usr/lib/jvm/java-17-openjdk-amd64/lib/libmanagement_ext.so
73eb7a7fb000-73eb7a7fe000 r-xp 00002000 103:02 14432669                  /usr/lib/jvm/java-17-openjdk-amd64/lib/libmanagement_ext.so
73eb7a7fe000-73eb7a800000 r--p 00005000 103:02 14432669                  /usr/lib/jvm/java-17-openjdk-amd64/lib/libmanagement_ext.so
73eb7a800000-73eb7a801000 r--p 00006000 103:02 14432669                  /usr/lib/jvm/java-17-openjdk-amd64/lib/libmanagement_ext.so
73eb7a801000-73eb7a802000 rw-p 00007000 103:02 14432669                  /usr/lib/jvm/java-17-openjdk-amd64/lib/libmanagement_ext.so
73eb7a802000-73eb7a804000 r--p 00000000 103:02 14432667                  /usr/lib/jvm/java-17-openjdk-amd64/lib/libmanagement.so
73eb7a804000-73eb7a805000 r-xp 00002000 103:02 14432667                  /usr/lib/jvm/java-17-openjdk-amd64/lib/libmanagement.so
73eb7a805000-73eb7a806000 r--p 00003000 103:02 14432667                  /usr/lib/jvm/java-17-openjdk-amd64/lib/libmanagement.so
73eb7a806000-73eb7a807000 r--p 00003000 103:02 14432667                  /usr/lib/jvm/java-17-openjdk-amd64/lib/libmanagement.so
73eb7a807000-73eb7a808000 rw-p 00004000 103:02 14432667                  /usr/lib/jvm/java-17-openjdk-amd64/lib/libmanagement.so
73eb7a808000-73eb7a809000 ---p 00000000 00:00 0 
73eb7a809000-73eb7a909000 rw-p 00000000 00:00 0 
73eb7a909000-73eb7a90a000 ---p 00000000 00:00 0 
73eb7a90a000-73eb7aa0a000 rw-p 00000000 00:00 0 
73eb7aa0a000-73eb7aa0b000 ---p 00000000 00:00 0 
73eb7aa0b000-73eb7ab0b000 rw-p 00000000 00:00 0 
73eb7ab0b000-73eb7ab0c000 ---p 00000000 00:00 0 
73eb7ab0c000-73eb7ac0c000 rw-p 00000000 00:00 0 
73eb7ac0c000-73eb7ac0d000 ---p 00000000 00:00 0 
73eb7ac0d000-73eb7ad0d000 rw-p 00000000 00:00 0 
73eb7ad0d000-73eb7ad0e000 ---p 00000000 00:00 0 
73eb7ad0e000-73eb7ae0e000 rw-p 00000000 00:00 0 
73eb7ae0e000-73eb7ae12000 ---p 00000000 00:00 0 
73eb7ae12000-73eb7af0e000 rw-p 00000000 00:00 0 
73eb7af0e000-73eb7af12000 r--p 00000000 103:02 14432678                  /usr/lib/jvm/java-17-openjdk-amd64/lib/libverify.so
73eb7af12000-73eb7af19000 r-xp 00004000 103:02 14432678                  /usr/lib/jvm/java-17-openjdk-amd64/lib/libverify.so
73eb7af19000-73eb7af1b000 r--p 0000b000 103:02 14432678                  /usr/lib/jvm/java-17-openjdk-amd64/lib/libverify.so
73eb7af1b000-73eb7af1d000 r--p 0000c000 103:02 14432678                  /usr/lib/jvm/java-17-openjdk-amd64/lib/libverify.so
73eb7af1d000-73eb7af1e000 rw-p 0000e000 103:02 14432678                  /usr/lib/jvm/java-17-openjdk-amd64/lib/libverify.so
73eb7af1e000-73eb7af1f000 ---p 00000000 00:00 0 
73eb7af1f000-73eb7b01f000 rw-p 00000000 00:00 0 
73eb7b01f000-73eb7b020000 ---p 00000000 00:00 0 
73eb7b020000-73eb7b120000 rw-p 00000000 00:00 0 
73eb7b120000-73eb7b121000 ---p 00000000 00:00 0 
73eb7b121000-73eb7b221000 rw-p 00000000 00:00 0 
73eb7b221000-73eb7b222000 ---p 00000000 00:00 0 
73eb7b222000-73eb7b322000 rw-p 00000000 00:00 0 
73eb7b322000-73eb7b323000 ---p 00000000 00:00 0 
73eb7b323000-73eb7b423000 rw-p 00000000 00:00 0 
73eb7b423000-73eb7b427000 ---p 00000000 00:00 0 
73eb7b427000-73eb7b523000 rw-p 00000000 00:00 0 
73eb7b523000-73eb7b524000 ---p 00000000 00:00 0 
73eb7b524000-73eb7bd24000 rw-p 00000000 00:00 0 
73eb7bd24000-73eb7bd28000 r--p 00000000 103:02 19175333                  /home/olimjon/.config/dconf/user
73eb7bd28000-73eb7bd50000 r--p 00000000 103:02 13898861                  /usr/share/glib-2.0/schemas/gschemas.compiled
73eb7bd50000-73eb7bd54000 ---p 00000000 00:00 0 
73eb7bd54000-73eb7be50000 rw-p 00000000 00:00 0 
73eb7be50000-73eb7be54000 ---p 00000000 00:00 0 
73eb7be54000-73eb7bf50000 rw-p 00000000 00:00 0 
73eb7bf50000-73eb7bf52000 r--p 00000000 103:02 13905518                  /usr/lib/x86_64-linux-gnu/libogg.so.0.8.5
73eb7bf52000-73eb7bf55000 r-xp 00002000 103:02 13905518                  /usr/lib/x86_64-linux-gnu/libogg.so.0.8.5
73eb7bf55000-73eb7bf58000 r--p 00005000 103:02 13905518                  /usr/lib/x86_64-linux-gnu/libogg.so.0.8.5
73eb7bf58000-73eb7bf59000 r--p 00007000 103:02 13905518                  /usr/lib/x86_64-linux-gnu/libogg.so.0.8.5
73eb7bf59000-73eb7bf5a000 rw-p 00008000 103:02 13905518                  /usr/lib/x86_64-linux-gnu/libogg.so.0.8.5
73eb7bf5a000-73eb7bf5d000 r--p 00000000 103:02 13905714                  /usr/lib/x86_64-linux-gnu/libvorbis.so.0.4.9
73eb7bf5d000-73eb7bf75000 r-xp 00003000 103:02 13905714                  /usr/lib/x86_64-linux-gnu/libvorbis.so.0.4.9
73eb7bf75000-73eb7bf86000 r--p 0001b000 103:02 13905714                  /usr/lib/x86_64-linux-gnu/libvorbis.so.0.4.9
73eb7bf86000-73eb7bf87000 r--p 0002b000 103:02 13905714                  /usr/lib/x86_64-linux-gnu/libvorbis.so.0.4.9
73eb7bf87000-73eb7bf88000 rw-p 0002c000 103:02 13905714                  /usr/lib/x86_64-linux-gnu/libvorbis.so.0.4.9
73eb7bf88000-73eb7bf8a000 r--p 00000000 103:02 13905425                  /usr/lib/x86_64-linux-gnu/libltdl.so.7.3.2
73eb7bf8a000-73eb7bf8f000 r-xp 00002000 103:02 13905425                  /usr/lib/x86_64-linux-gnu/libltdl.so.7.3.2
73eb7bf8f000-73eb7bf91000 r--p 00007000 103:02 13905425                  /usr/lib/x86_64-linux-gnu/libltdl.so.7.3.2
73eb7bf91000-73eb7bf92000 r--p 00008000 103:02 13905425                  /usr/lib/x86_64-linux-gnu/libltdl.so.7.3.2
73eb7bf92000-73eb7bf93000 rw-p 00009000 103:02 13905425                  /usr/lib/x86_64-linux-gnu/libltdl.so.7.3.2
73eb7bf93000-73eb7bf97000 r--p 00000000 103:02 13905663                  /usr/lib/x86_64-linux-gnu/libtdb.so.1.4.10
73eb7bf97000-73eb7bfa5000 r-xp 00004000 103:02 13905663                  /usr/lib/x86_64-linux-gnu/libtdb.so.1.4.10
73eb7bfa5000-73eb7bfaa000 r--p 00012000 103:02 13905663                  /usr/lib/x86_64-linux-gnu/libtdb.so.1.4.10
73eb7bfaa000-73eb7bfab000 r--p 00016000 103:02 13905663                  /usr/lib/x86_64-linux-gnu/libtdb.so.1.4.10
73eb7bfab000-73eb7bfac000 rw-p 00017000 103:02 13905663                  /usr/lib/x86_64-linux-gnu/libtdb.so.1.4.10
73eb7bfac000-73eb7bfaf000 r--p 00000000 103:02 13905136                  /usr/lib/x86_64-linux-gnu/libcanberra.so.0.2.5
73eb7bfaf000-73eb7bfba000 r-xp 00003000 103:02 13905136                  /usr/lib/x86_64-linux-gnu/libcanberra.so.0.2.5
73eb7bfba000-73eb7bfbd000 r--p 0000e000 103:02 13905136                  /usr/lib/x86_64-linux-gnu/libcanberra.so.0.2.5
73eb7bfbd000-73eb7bfbe000 r--p 00010000 103:02 13905136                  /usr/lib/x86_64-linux-gnu/libcanberra.so.0.2.5
73eb7bfbe000-73eb7bfbf000 rw-p 00011000 103:02 13905136                  /usr/lib/x86_64-linux-gnu/libcanberra.so.0.2.5
73eb7bfbf000-73eb7bfd1000 r--p 00000000 103:02 13907123                  /usr/lib/x86_64-linux-gnu/gvfs/libgvfscommon.so
73eb7bfd1000-73eb7bfed000 r-xp 00012000 103:02 13907123                  /usr/lib/x86_64-linux-gnu/gvfs/libgvfscommon.so
73eb7bfed000-73eb7bff9000 r--p 0002e000 103:02 13907123                  /usr/lib/x86_64-linux-gnu/gvfs/libgvfscommon.so
73eb7bff9000-73eb7bfff000 r--p 00039000 103:02 13907123                  /usr/lib/x86_64-linux-gnu/gvfs/libgvfscommon.so
73eb7bfff000-73eb7c000000 rw-p 0003f000 103:02 13907123                  /usr/lib/x86_64-linux-gnu/gvfs/libgvfscommon.so
73eb7c000000-73eb7c021000 rw-p 00000000 00:00 0 
73eb7c021000-73eb80000000 ---p 00000000 00:00 0 
73eb80000000-73eb80021000 rw-p 00000000 00:00 0 
73eb80021000-73eb84000000 ---p 00000000 00:00 0 
73eb84000000-73eb84021000 rw-p 00000000 00:00 0 
73eb84021000-73eb88000000 ---p 00000000 00:00 0 
73eb88000000-73eb88021000 rw-p 00000000 00:00 0 
73eb88021000-73eb8c000000 ---p 00000000 00:00 0 
73eb8c000000-73eb8c021000 rw-p 00000000 00:00 0 
73eb8c021000-73eb90000000 ---p 00000000 00:00 0 
73eb90000000-73eb90021000 rw-p 00000000 00:00 0 
73eb90021000-73eb94000000 ---p 00000000 00:00 0 
73eb94000000-73eb94021000 rw-p 00000000 00:00 0 
73eb94021000-73eb98000000 ---p 00000000 00:00 0 
73eb98000000-73eb98033000 rw-p 00000000 00:00 0 
73eb98033000-73eb9c000000 ---p 00000000 00:00 0 
73eb9c000000-73eb9c021000 rw-p 00000000 00:00 0 
73eb9c021000-73eba0000000 ---p 00000000 00:00 0 
73eba0000000-73eba0002000 r--p 00000000 103:02 13905716                  /usr/lib/x86_64-linux-gnu/libvorbisfile.so.3.3.8
73eba0002000-73eba0007000 r-xp 00002000 103:02 13905716                  /usr/lib/x86_64-linux-gnu/libvorbisfile.so.3.3.8
73eba0007000-73eba0008000 r--p 00007000 103:02 13905716                  /usr/lib/x86_64-linux-gnu/libvorbisfile.so.3.3.8
73eba0008000-73eba0009000 r--p 00007000 103:02 13905716                  /usr/lib/x86_64-linux-gnu/libvorbisfile.so.3.3.8
73eba0009000-73eba000a000 rw-p 00008000 103:02 13905716                  /usr/lib/x86_64-linux-gnu/libvorbisfile.so.3.3.8
73eba000b000-73eba000f000 r--p 00000000 103:02 13903105                  /usr/lib/x86_64-linux-gnu/gio/modules/libdconfsettings.so
73eba000f000-73eba0016000 r-xp 00004000 103:02 13903105                  /usr/lib/x86_64-linux-gnu/gio/modules/libdconfsettings.so
73eba0016000-73eba0018000 r--p 0000b000 103:02 13903105                  /usr/lib/x86_64-linux-gnu/gio/modules/libdconfsettings.so
73eba0018000-73eba0019000 r--p 0000d000 103:02 13903105                  /usr/lib/x86_64-linux-gnu/gio/modules/libdconfsettings.so
73eba0019000-73eba001a000 rw-p 0000e000 103:02 13903105                  /usr/lib/x86_64-linux-gnu/gio/modules/libdconfsettings.so
73eba001a000-73eba0024000 r--p 00000000 103:02 13906837                  /usr/lib/x86_64-linux-gnu/gio/modules/libgvfsdbus.so
73eba0024000-73eba0042000 r-xp 0000a000 103:02 13906837                  /usr/lib/x86_64-linux-gnu/gio/modules/libgvfsdbus.so
73eba0042000-73eba004a000 r--p 00028000 103:02 13906837                  /usr/lib/x86_64-linux-gnu/gio/modules/libgvfsdbus.so
73eba004a000-73eba004c000 r--p 00030000 103:02 13906837                  /usr/lib/x86_64-linux-gnu/gio/modules/libgvfsdbus.so
73eba004c000-73eba004d000 rw-p 00032000 103:02 13906837                  /usr/lib/x86_64-linux-gnu/gio/modules/libgvfsdbus.so
73eba004d000-73eba0101000 r--p 00000000 103:02 14184373                  /usr/share/themes/Yaru-olive-dark/gtk-3.0/gtk.gresource
73eba0101000-73eba0102000 r--p 00000000 103:02 13896108                  /usr/lib/x86_64-linux-gnu/libpthread.so.0
73eba0102000-73eba0103000 r-xp 00001000 103:02 13896108                  /usr/lib/x86_64-linux-gnu/libpthread.so.0
73eba0103000-73eba0104000 r--p 00002000 103:02 13896108                  /usr/lib/x86_64-linux-gnu/libpthread.so.0
73eba0104000-73eba0105000 r--p 00002000 103:02 13896108                  /usr/lib/x86_64-linux-gnu/libpthread.so.0
73eba0105000-73eba0106000 rw-p 00003000 103:02 13896108                  /usr/lib/x86_64-linux-gnu/libpthread.so.0
73eba0106000-73eba0149000 r-xp 00000000 103:02 19402234                  /home/olimjon/Downloads/openjfx-17.0.17_linux-x64_bin-sdk/javafx-sdk-17.0.17/lib/libglassgtk3.so
73eba0149000-73eba014b000 r--p 00042000 103:02 19402234                  /home/olimjon/Downloads/openjfx-17.0.17_linux-x64_bin-sdk/javafx-sdk-17.0.17/lib/libglassgtk3.so
73eba014b000-73eba014d000 rw-p 00044000 103:02 19402234                  /home/olimjon/Downloads/openjfx-17.0.17_linux-x64_bin-sdk/javafx-sdk-17.0.17/lib/libglassgtk3.so
73eba014d000-73eba0151000 r--p 00000000 103:02 13905304                  /usr/lib/x86_64-linux-gnu/libgpg-error.so.0.34.0
73eba0151000-73eba0167000 r-xp 00004000 103:02 13905304                  /usr/lib/x86_64-linux-gnu/libgpg-error.so.0.34.0
73eba0167000-73eba0170000 r--p 0001a000 103:02 13905304                  /usr/lib/x86_64-linux-gnu/libgpg-error.so.0.34.0
73eba0170000-73eba0171000 r--p 00023000 103:02 13905304                  /usr/lib/x86_64-linux-gnu/libgpg-error.so.0.34.0
73eba0171000-73eba0172000 rw-p 00024000 103:02 13905304                  /usr/lib/x86_64-linux-gnu/libgpg-error.so.0.34.0
73eba0172000-73eba0175000 r--p 00000000 103:02 13905428                  /usr/lib/x86_64-linux-gnu/liblz4.so.1.9.4
73eba0175000-73eba0190000 r-xp 00003000 103:02 13905428                  /usr/lib/x86_64-linux-gnu/liblz4.so.1.9.4
73eba0190000-73eba0192000 r--p 0001e000 103:02 13905428                  /usr/lib/x86_64-linux-gnu/liblz4.so.1.9.4
73eba0192000-73eba0193000 r--p 00020000 103:02 13905428                  /usr/lib/x86_64-linux-gnu/liblz4.so.1.9.4
73eba0193000-73eba0194000 rw-p 00021000 103:02 13905428                  /usr/lib/x86_64-linux-gnu/liblz4.so.1.9.4
73eba0194000-73eba01a3000 r--p 00000000 103:02 13905266                  /usr/lib/x86_64-linux-gnu/libgcrypt.so.20.4.3
73eba01a3000-73eba0297000 r-xp 0000f000 103:02 13905266                  /usr/lib/x86_64-linux-gnu/libgcrypt.so.20.4.3
73eba0297000-73eba02d2000 r--p 00103000 103:02 13905266                  /usr/lib/x86_64-linux-gnu/libgcrypt.so.20.4.3
73eba02d2000-73eba02d7000 r--p 0013e000 103:02 13905266                  /usr/lib/x86_64-linux-gnu/libgcrypt.so.20.4.3
73eba02d7000-73eba02db000 rw-p 00143000 103:02 13905266                  /usr/lib/x86_64-linux-gnu/libgcrypt.so.20.4.3
73eba02db000-73eba02dc000 rw-p 00000000 00:00 0 
73eba02dc000-73eba02dd000 r--p 00000000 103:02 13905120                  /usr/lib/x86_64-linux-gnu/libbrotlicommon.so.1.1.0
73eba02dd000-73eba02de000 r-xp 00001000 103:02 13905120                  /usr/lib/x86_64-linux-gnu/libbrotlicommon.so.1.1.0
73eba02de000-73eba02fd000 r--p 00002000 103:02 13905120                  /usr/lib/x86_64-linux-gnu/libbrotlicommon.so.1.1.0
73eba02fd000-73eba02fe000 r--p 00021000 103:02 13905120                  /usr/lib/x86_64-linux-gnu/libbrotlicommon.so.1.1.0
73eba02fe000-73eba02ff000 rw-p 00022000 103:02 13905120                  /usr/lib/x86_64-linux-gnu/libbrotlicommon.so.1.1.0
73eba02ff000-73eba0315000 r--p 00000000 103:02 13895063                  /usr/lib/x86_64-linux-gnu/libsystemd.so.0.38.0
73eba0315000-73eba03a4000 r-xp 00016000 103:02 13895063                  /usr/lib/x86_64-linux-gnu/libsystemd.so.0.38.0
73eba03a4000-73eba03d2000 r--p 000a5000 103:02 13895063                  /usr/lib/x86_64-linux-gnu/libsystemd.so.0.38.0
73eba03d2000-73eba03dd000 r--p 000d2000 103:02 13895063                  /usr/lib/x86_64-linux-gnu/libsystemd.so.0.38.0
73eba03dd000-73eba03de000 rw-p 000dd000 103:02 13895063                  /usr/lib/x86_64-linux-gnu/libsystemd.so.0.38.0
73eba03de000-73eba03df000 rw-p 00000000 00:00 0 
73eba03df000-73eba03e6000 r--p 00000000 103:02 13905115                  /usr/lib/x86_64-linux-gnu/libblkid.so.1.1.0
73eba03e6000-73eba040a000 r-xp 00007000 103:02 13905115                  /usr/lib/x86_64-linux-gnu/libblkid.so.1.1.0
73eba040a000-73eba0413000 r--p 0002b000 103:02 13905115                  /usr/lib/x86_64-linux-gnu/libblkid.so.1.1.0
73eba0413000-73eba0419000 r--p 00033000 103:02 13905115                  /usr/lib/x86_64-linux-gnu/libblkid.so.1.1.0
73eba0419000-73eba041a000 rw-p 00039000 103:02 13905115                  /usr/lib/x86_64-linux-gnu/libblkid.so.1.1.0
73eba041a000-73eba0426000 r--p 00000000 103:02 13905166                  /usr/lib/x86_64-linux-gnu/libdbus-1.so.3.32.4
73eba0426000-73eba0456000 r-xp 0000c000 103:02 13905166                  /usr/lib/x86_64-linux-gnu/libdbus-1.so.3.32.4
73eba0456000-73eba0467000 r--p 0003c000 103:02 13905166                  /usr/lib/x86_64-linux-gnu/libdbus-1.so.3.32.4
73eba0467000-73eba0468000 r--p 0004c000 103:02 13905166                  /usr/lib/x86_64-linux-gnu/libdbus-1.so.3.32.4
73eba0468000-73eba0469000 rw-p 0004d000 103:02 13905166                  /usr/lib/x86_64-linux-gnu/libdbus-1.so.3.32.4
73eba0469000-73eba0479000 r--p 00000000 103:02 13905088                  /usr/lib/x86_64-linux-gnu/libatspi.so.0.0.1
73eba0479000-73eba0492000 r-xp 00010000 103:02 13905088                  /usr/lib/x86_64-linux-gnu/libatspi.so.0.0.1
73eba0492000-73eba049f000 r--p 00029000 103:02 13905088                  /usr/lib/x86_64-linux-gnu/libatspi.so.0.0.1
73eba049f000-73eba04a2000 r--p 00036000 103:02 13905088                  /usr/lib/x86_64-linux-gnu/libatspi.so.0.0.1
73eba04a2000-73eba04a3000 rw-p 00039000 103:02 13905088                  /usr/lib/x86_64-linux-gnu/libatspi.so.0.0.1
73eba04a3000-73eba04a7000 r--p 00000000 103:02 13905404                  /usr/lib/x86_64-linux-gnu/libjpeg.so.8.2.2
73eba04a7000-73eba04f4000 r-xp 00004000 103:02 13905404                  /usr/lib/x86_64-linux-gnu/libjpeg.so.8.2.2
73eba04f4000-73eba0524000 r--p 00051000 103:02 13905404                  /usr/lib/x86_64-linux-gnu/libjpeg.so.8.2.2
73eba0524000-73eba0525000 r--p 00081000 103:02 13905404                  /usr/lib/x86_64-linux-gnu/libjpeg.so.8.2.2
73eba0525000-73eba0526000 rw-p 00082000 103:02 13905404                  /usr/lib/x86_64-linux-gnu/libjpeg.so.8.2.2
73eba0526000-73eba0530000 r--p 00000000 103:02 13905556                  /usr/lib/x86_64-linux-gnu/libpixman-1.so.0.42.2
73eba0530000-73eba05bd000 r-xp 0000a000 103:02 13905556                  /usr/lib/x86_64-linux-gnu/libpixman-1.so.0.42.2
73eba05bd000-73eba05cc000 r--p 00097000 103:02 13905556                  /usr/lib/x86_64-linux-gnu/libpixman-1.so.0.42.2
73eba05cc000-73eba05d4000 r--p 000a5000 103:02 13905556                  /usr/lib/x86_64-linux-gnu/libpixman-1.so.0.42.2
73eba05d4000-73eba05d5000 rw-p 000ad000 103:02 13905556                  /usr/lib/x86_64-linux-gnu/libpixman-1.so.0.42.2
73eba05d5000-73eba05da000 r--p 00000000 103:02 13905565                  /usr/lib/x86_64-linux-gnu/libpng16.so.16.43.0
73eba05da000-73eba0602000 r-xp 00005000 103:02 13905565                  /usr/lib/x86_64-linux-gnu/libpng16.so.16.43.0
73eba0602000-73eba060b000 r--p 0002d000 103:02 13905565                  /usr/lib/x86_64-linux-gnu/libpng16.so.16.43.0
73eba060b000-73eba060c000 r--p 00035000 103:02 13905565                  /usr/lib/x86_64-linux-gnu/libpng16.so.16.43.0
73eba060c000-73eba060d000 rw-p 00036000 103:02 13905565                  /usr/lib/x86_64-linux-gnu/libpng16.so.16.43.0
73eba060d000-73eba061a000 r--p 00000000 103:02 13905250                  /usr/lib/x86_64-linux-gnu/libfreetype.so.6.20.1
73eba061a000-73eba06ab000 r-xp 0000d000 103:02 13905250                  /usr/lib/x86_64-linux-gnu/libfreetype.so.6.20.1
73eba06ab000-73eba06d1000 r--p 0009e000 103:02 13905250                  /usr/lib/x86_64-linux-gnu/libfreetype.so.6.20.1
73eba06d1000-73eba06d8000 r--p 000c4000 103:02 13905250                  /usr/lib/x86_64-linux-gnu/libfreetype.so.6.20.1
73eba06d8000-73eba06d9000 rw-p 000cb000 103:02 13905250                  /usr/lib/x86_64-linux-gnu/libfreetype.so.6.20.1
73eba06d9000-73eba06db000 r--p 00000000 103:02 13905547                  /usr/lib/x86_64-linux-gnu/libpcre2-8.so.0.11.2
73eba06db000-73eba0749000 r-xp 00002000 103:02 13905547                  /usr/lib/x86_64-linux-gnu/libpcre2-8.so.0.11.2
73eba0749000-73eba0771000 r--p 00070000 103:02 13905547                  /usr/lib/x86_64-linux-gnu/libpcre2-8.so.0.11.2
73eba0771000-73eba0772000 r--p 00097000 103:02 13905547                  /usr/lib/x86_64-linux-gnu/libpcre2-8.so.0.11.2
73eba0772000-73eba0773000 rw-p 00098000 103:02 13905547                  /usr/lib/x86_64-linux-gnu/libpcre2-8.so.0.11.2
73eba0773000-73eba07d3000 r--p 00000000 103:02 13905216                  /usr/lib/x86_64-linux-gnu/libepoxy.so.0.0.0
73eba07d3000-73eba0839000 r-xp 00060000 103:02 13905216                  /usr/lib/x86_64-linux-gnu/libepoxy.so.0.0.0
73eba0839000-73eba0887000 r--p 000c6000 103:02 13905216                  /usr/lib/x86_64-linux-gnu/libepoxy.so.0.0.0
73eba0887000-73eba088f000 r--p 00113000 103:02 13905216                  /usr/lib/x86_64-linux-gnu/libepoxy.so.0.0.0
73eba088f000-73eba0896000 rw-p 0011b000 103:02 13905216                  /usr/lib/x86_64-linux-gnu/libepoxy.so.0.0.0
73eba0896000-73eba08aa000 r--p 00000000 103:02 13905132                  /usr/lib/x86_64-linux-gnu/libcairo.so.2.11800.0
73eba08aa000-73eba099b000 r-xp 00014000 103:02 13905132                  /usr/lib/x86_64-linux-gnu/libcairo.so.2.11800.0
73eba099b000-73eba09d3000 r--p 00105000 103:02 13905132                  /usr/lib/x86_64-linux-gnu/libcairo.so.2.11800.0
73eba09d3000-73eba09d7000 r--p 0013d000 103:02 13905132                  /usr/lib/x86_64-linux-gnu/libcairo.so.2.11800.0
73eba09d7000-73eba09d9000 rw-p 00141000 103:02 13905132                  /usr/lib/x86_64-linux-gnu/libcairo.so.2.11800.0
73eba09d9000-73eba09da000 rw-p 00000000 00:00 0 
73eba09da000-73eba09e5000 r--p 00000000 103:02 13905354                  /usr/lib/x86_64-linux-gnu/libharfbuzz.so.0.60830.0
73eba09e5000-73eba0ab3000 r-xp 0000b000 103:02 13905354                  /usr/lib/x86_64-linux-gnu/libharfbuzz.so.0.60830.0
73eba0ab3000-73eba0ae5000 r--p 000d9000 103:02 13905354                  /usr/lib/x86_64-linux-gnu/libharfbuzz.so.0.60830.0
73eba0ae5000-73eba0ae6000 r--p 0010b000 103:02 13905354                  /usr/lib/x86_64-linux-gnu/libharfbuzz.so.0.60830.0
73eba0ae6000-73eba0ae7000 rw-p 0010c000 103:02 13905354                  /usr/lib/x86_64-linux-gnu/libharfbuzz.so.0.60830.0
73eba0ae7000-73eba0b20000 r--p 00000000 103:02 13905280                  /usr/lib/x86_64-linux-gnu/libgio-2.0.so.0.8000.0
73eba0b20000-73eba0c37000 r-xp 00039000 103:02 13905280                  /usr/lib/x86_64-linux-gnu/libgio-2.0.so.0.8000.0
73eba0c37000-73eba0cac000 r--p 00150000 103:02 13905280                  /usr/lib/x86_64-linux-gnu/libgio-2.0.so.0.8000.0
73eba0cac000-73eba0cb4000 r--p 001c4000 103:02 13905280                  /usr/lib/x86_64-linux-gnu/libgio-2.0.so.0.8000.0
73eba0cb4000-73eba0cb5000 rw-p 001cc000 103:02 13905280                  /usr/lib/x86_64-linux-gnu/libgio-2.0.so.0.8000.0
73eba0cb5000-73eba0cb7000 rw-p 00000000 00:00 0 
73eba0cb7000-73eba0cd5000 r--p 00000000 103:02 13905284                  /usr/lib/x86_64-linux-gnu/libglib-2.0.so.0.8000.0
73eba0cd5000-73eba0d75000 r-xp 0001e000 103:02 13905284                  /usr/lib/x86_64-linux-gnu/libglib-2.0.so.0.8000.0
73eba0d75000-73eba0dfd000 r--p 000be000 103:02 13905284                  /usr/lib/x86_64-linux-gnu/libglib-2.0.so.0.8000.0
73eba0dfd000-73eba0dfe000 r--p 00146000 103:02 13905284                  /usr/lib/x86_64-linux-gnu/libglib-2.0.so.0.8000.0
73eba0dfe000-73eba0dff000 rw-p 00147000 103:02 13905284                  /usr/lib/x86_64-linux-gnu/libglib-2.0.so.0.8000.0
73eba0dff000-73eba0e00000 rw-p 00000000 00:00 0 
73eba0e00000-73eba0e83000 r--p 00000000 103:02 13905337                  /usr/lib/x86_64-linux-gnu/libgtk-3.so.0.2409.32
73eba0e83000-73eba1231000 r-xp 00083000 103:02 13905337                  /usr/lib/x86_64-linux-gnu/libgtk-3.so.0.2409.32
73eba1231000-73eba15b6000 r--p 00431000 103:02 13905337                  /usr/lib/x86_64-linux-gnu/libgtk-3.so.0.2409.32
73eba15b6000-73eba15c6000 r--p 007b5000 103:02 13905337                  /usr/lib/x86_64-linux-gnu/libgtk-3.so.0.2409.32
73eba15c6000-73eba15c8000 rw-p 007c5000 103:02 13905337                  /usr/lib/x86_64-linux-gnu/libgtk-3.so.0.2409.32
73eba15c8000-73eba15cd000 rw-p 00000000 00:00 0 
73eba15ce000-73eba15d0000 r--p 00000000 103:02 13904995                  /usr/lib/x86_64-linux-gnu/libXtst.so.6.1.0
73eba15d0000-73eba15d3000 r-xp 00002000 103:02 13904995                  /usr/lib/x86_64-linux-gnu/libXtst.so.6.1.0
73eba15d3000-73eba15d4000 r--p 00005000 103:02 13904995                  /usr/lib/x86_64-linux-gnu/libXtst.so.6.1.0
73eba15d4000-73eba15d5000 r--p 00005000 103:02 13904995                  /usr/lib/x86_64-linux-gnu/libXtst.so.6.1.0
73eba15d5000-73eba15d6000 rw-p 00006000 103:02 13904995                  /usr/lib/x86_64-linux-gnu/libXtst.so.6.1.0
73eba15d6000-73eba15d7000 r--p 00000000 103:02 13905336                  /usr/lib/x86_64-linux-gnu/libgthread-2.0.so.0.8000.0
73eba15d7000-73eba15d8000 r-xp 00001000 103:02 13905336                  /usr/lib/x86_64-linux-gnu/libgthread-2.0.so.0.8000.0
73eba15d8000-73eba15d9000 r--p 00002000 103:02 13905336                  /usr/lib/x86_64-linux-gnu/libgthread-2.0.so.0.8000.0
73eba15d9000-73eba15da000 r--p 00002000 103:02 13905336                  /usr/lib/x86_64-linux-gnu/libgthread-2.0.so.0.8000.0
73eba15da000-73eba15db000 rw-p 00003000 103:02 13905336                  /usr/lib/x86_64-linux-gnu/libgthread-2.0.so.0.8000.0
73eba15db000-73eba15de000 r--p 00000000 103:02 13905138                  /usr/lib/x86_64-linux-gnu/libcap.so.2.66
73eba15de000-73eba15e4000 r-xp 00003000 103:02 13905138                  /usr/lib/x86_64-linux-gnu/libcap.so.2.66
73eba15e4000-73eba15e6000 r--p 00009000 103:02 13905138                  /usr/lib/x86_64-linux-gnu/libcap.so.2.66
73eba15e6000-73eba15e7000 r--p 0000b000 103:02 13905138                  /usr/lib/x86_64-linux-gnu/libcap.so.2.66
73eba15e7000-73eba15e8000 rw-p 0000c000 103:02 13905138                  /usr/lib/x86_64-linux-gnu/libcap.so.2.66
73eba15e8000-73eba15ea000 r--p 00000000 103:02 13905125                  /usr/lib/x86_64-linux-gnu/libbz2.so.1.0.4
73eba15ea000-73eba15f8000 r-xp 00002000 103:02 13905125                  /usr/lib/x86_64-linux-gnu/libbz2.so.1.0.4
73eba15f8000-73eba15fa000 r--p 00010000 103:02 13905125                  /usr/lib/x86_64-linux-gnu/libbz2.so.1.0.4
73eba15fa000-73eba15fb000 r--p 00011000 103:02 13905125                  /usr/lib/x86_64-linux-gnu/libbz2.so.1.0.4
73eba15fb000-73eba15fc000 rw-p 00012000 103:02 13905125                  /usr/lib/x86_64-linux-gnu/libbz2.so.1.0.4
73eba15fc000-73eba15fd000 ---p 00000000 00:00 0 
73eba15fd000-73eba1dfd000 rw-p 00000000 00:00 0 
73eba1dfd000-73eba1dfe000 ---p 00000000 00:00 0 
73eba1dfe000-73eba25fe000 rw-p 00000000 00:00 0 
73eba25fe000-73eba25ff000 ---p 00000000 00:00 0 
73eba25ff000-73eba2dff000 rw-p 00000000 00:00 0 
73eba2dff000-73eba2e00000 ---p 00000000 00:00 0 
73eba2e00000-73eba3600000 rw-p 00000000 00:00 0 
73eba3600000-73ebab808000 r-xp 00000000 103:02 13903204                  /usr/lib/x86_64-linux-gnu/libLLVM.so.20.1
73ebab808000-73ebab809000 ---p 08208000 103:02 13903204                  /usr/lib/x86_64-linux-gnu/libLLVM.so.20.1
73ebab809000-73ebabe9e000 r--p 08208000 103:02 13903204                  /usr/lib/x86_64-linux-gnu/libLLVM.so.20.1
73ebabe9e000-73ebabee6000 rw-p 0889d000 103:02 13903204                  /usr/lib/x86_64-linux-gnu/libLLVM.so.20.1
73ebabee6000-73ebabf8e000 rw-p 00000000 00:00 0 
73ebabf90000-73ebabf91000 r--p 00000000 103:02 13905121                  /usr/lib/x86_64-linux-gnu/libbrotlidec.so.1.1.0
73ebabf91000-73ebabf99000 r-xp 00001000 103:02 13905121                  /usr/lib/x86_64-linux-gnu/libbrotlidec.so.1.1.0
73ebabf99000-73ebabf9c000 r--p 00009000 103:02 13905121                  /usr/lib/x86_64-linux-gnu/libbrotlidec.so.1.1.0
73ebabf9c000-73ebabf9d000 r--p 0000b000 103:02 13905121                  /usr/lib/x86_64-linux-gnu/libbrotlidec.so.1.1.0
73ebabf9d000-73ebabf9e000 rw-p 0000c000 103:02 13905121                  /usr/lib/x86_64-linux-gnu/libbrotlidec.so.1.1.0
73ebabf9e000-73ebabfa3000 r--p 00000000 103:02 13905762                  /usr/lib/x86_64-linux-gnu/libxcb-render.so.0.0.0
73ebabfa3000-73ebabfa8000 r-xp 00005000 103:02 13905762                  /usr/lib/x86_64-linux-gnu/libxcb-render.so.0.0.0
73ebabfa8000-73ebabfab000 r--p 0000a000 103:02 13905762                  /usr/lib/x86_64-linux-gnu/libxcb-render.so.0.0.0
73ebabfab000-73ebabfac000 r--p 0000c000 103:02 13905762                  /usr/lib/x86_64-linux-gnu/libxcb-render.so.0.0.0
73ebabfac000-73ebabfad000 rw-p 0000d000 103:02 13905762                  /usr/lib/x86_64-linux-gnu/libxcb-render.so.0.0.0
73ebabfad000-73ebabfb0000 r--p 00000000 103:02 13905310                  /usr/lib/x86_64-linux-gnu/libgraphite2.so.3.2.1
73ebabfb0000-73ebabfcd000 r-xp 00003000 103:02 13905310                  /usr/lib/x86_64-linux-gnu/libgraphite2.so.3.2.1
73ebabfcd000-73ebabfd0000 r--p 00020000 103:02 13905310                  /usr/lib/x86_64-linux-gnu/libgraphite2.so.3.2.1
73ebabfd0000-73ebabfd2000 r--p 00022000 103:02 13905310                  /usr/lib/x86_64-linux-gnu/libgraphite2.so.3.2.1
73ebabfd2000-73ebabfd3000 rw-p 00024000 103:02 13905310                  /usr/lib/x86_64-linux-gnu/libgraphite2.so.3.2.1
73ebabfd3000-73ebabfd9000 r--p 00000000 103:02 13905618                  /usr/lib/x86_64-linux-gnu/libselinux.so.1
73ebabfd9000-73ebabff6000 r-xp 00006000 103:02 13905618                  /usr/lib/x86_64-linux-gnu/libselinux.so.1
73ebabff6000-73ebabffc000 r--p 00023000 103:02 13905618                  /usr/lib/x86_64-linux-gnu/libselinux.so.1
73ebabffc000-73ebabffd000 r--p 00029000 103:02 13905618                  /usr/lib/x86_64-linux-gnu/libselinux.so.1
73ebabffd000-73ebabffe000 rw-p 0002a000 103:02 13905618                  /usr/lib/x86_64-linux-gnu/libselinux.so.1
73ebabffe000-73ebac81b000 rw-p 00000000 00:00 0 
73ebac81b000-73ebb0000000 ---p 00000000 00:00 0 
73ebb0002000-73ebb0004000 r--p 00000000 103:02 13905164                  /usr/lib/x86_64-linux-gnu/libdatrie.so.1.4.0
73ebb0004000-73ebb0008000 r-xp 00002000 103:02 13905164                  /usr/lib/x86_64-linux-gnu/libdatrie.so.1.4.0
73ebb0008000-73ebb0009000 r--p 00006000 103:02 13905164                  /usr/lib/x86_64-linux-gnu/libdatrie.so.1.4.0
73ebb0009000-73ebb000a000 r--p 00006000 103:02 13905164                  /usr/lib/x86_64-linux-gnu/libdatrie.so.1.4.0
73ebb000a000-73ebb000b000 rw-p 00007000 103:02 13905164                  /usr/lib/x86_64-linux-gnu/libdatrie.so.1.4.0
73ebb000b000-73ebb000d000 r--p 00000000 103:02 13904992                  /usr/lib/x86_64-linux-gnu/libXrender.so.1.3.0
73ebb000d000-73ebb0014000 r-xp 00002000 103:02 13904992                  /usr/lib/x86_64-linux-gnu/libXrender.so.1.3.0
73ebb0014000-73ebb0015000 r--p 00009000 103:02 13904992                  /usr/lib/x86_64-linux-gnu/libXrender.so.1.3.0
73ebb0015000-73ebb0016000 r--p 00009000 103:02 13904992                  /usr/lib/x86_64-linux-gnu/libXrender.so.1.3.0
73ebb0016000-73ebb0017000 rw-p 0000a000 103:02 13904992                  /usr/lib/x86_64-linux-gnu/libXrender.so.1.3.0
73ebb0017000-73ebb0019000 r--p 00000000 103:02 13905667                  /usr/lib/x86_64-linux-gnu/libthai.so.0.3.1
73ebb0019000-73ebb001d000 r-xp 00002000 103:02 13905667                  /usr/lib/x86_64-linux-gnu/libthai.so.0.3.1
73ebb001d000-73ebb0020000 r--p 00006000 103:02 13905667                  /usr/lib/x86_64-linux-gnu/libthai.so.0.3.1
73ebb0020000-73ebb0021000 r--p 00008000 103:02 13905667                  /usr/lib/x86_64-linux-gnu/libthai.so.0.3.1
73ebb0021000-73ebb0022000 rw-p 00009000 103:02 13905667                  /usr/lib/x86_64-linux-gnu/libthai.so.0.3.1
73ebb0022000-73ebb002b000 r--p 00000000 103:02 13905452                  /usr/lib/x86_64-linux-gnu/libmount.so.1.1.0
73ebb002b000-73ebb005f000 r-xp 00009000 103:02 13905452                  /usr/lib/x86_64-linux-gnu/libmount.so.1.1.0
73ebb005f000-73ebb006c000 r--p 0003d000 103:02 13905452                  /usr/lib/x86_64-linux-gnu/libmount.so.1.1.0
73ebb006c000-73ebb006e000 r--p 00049000 103:02 13905452                  /usr/lib/x86_64-linux-gnu/libmount.so.1.1.0
73ebb006e000-73ebb006f000 rw-p 0004b000 103:02 13905452                  /usr/lib/x86_64-linux-gnu/libmount.so.1.1.0
73ebb006f000-73ebb0071000 r--p 00000000 103:02 13904991                  /usr/lib/x86_64-linux-gnu/libXrandr.so.2.2.0
73ebb0071000-73ebb0078000 r-xp 00002000 103:02 13904991                  /usr/lib/x86_64-linux-gnu/libXrandr.so.2.2.0
73ebb0078000-73ebb007a000 r--p 00009000 103:02 13904991                  /usr/lib/x86_64-linux-gnu/libXrandr.so.2.2.0
73ebb007a000-73ebb007b000 r--p 0000a000 103:02 13904991                  /usr/lib/x86_64-linux-gnu/libXrandr.so.2.2.0
73ebb007b000-73ebb007c000 rw-p 0000b000 103:02 13904991                  /usr/lib/x86_64-linux-gnu/libXrandr.so.2.2.0
73ebb007c000-73ebb0081000 r--p 00000000 103:02 13905774                  /usr/lib/x86_64-linux-gnu/libxkbcommon.so.0.0.0
73ebb0081000-73ebb00a1000 r-xp 00005000 103:02 13905774                  /usr/lib/x86_64-linux-gnu/libxkbcommon.so.0.0.0
73ebb00a1000-73ebb00c2000 r--p 00025000 103:02 13905774                  /usr/lib/x86_64-linux-gnu/libxkbcommon.so.0.0.0
73ebb00c2000-73ebb00c4000 r--p 00045000 103:02 13905774                  /usr/lib/x86_64-linux-gnu/libxkbcommon.so.0.0.0
73ebb00c4000-73ebb00c5000 rw-p 00047000 103:02 13905774                  /usr/lib/x86_64-linux-gnu/libxkbcommon.so.0.0.0
73ebb00c5000-73ebb00d1000 r--p 00000000 103:02 13905084                  /usr/lib/x86_64-linux-gnu/libatk-bridge-2.0.so.0.0.0
73ebb00d1000-73ebb00eb000 r-xp 0000c000 103:02 13905084                  /usr/lib/x86_64-linux-gnu/libatk-bridge-2.0.so.0.0.0
73ebb00eb000-73ebb00fe000 r--p 00026000 103:02 13905084                  /usr/lib/x86_64-linux-gnu/libatk-bridge-2.0.so.0.0.0
73ebb00fe000-73ebb00ff000 r--p 00039000 103:02 13905084                  /usr/lib/x86_64-linux-gnu/libatk-bridge-2.0.so.0.0.0
73ebb00ff000-73ebb0101000 rw-p 0003a000 103:02 13905084                  /usr/lib/x86_64-linux-gnu/libatk-bridge-2.0.so.0.0.0
73ebb0101000-73ebb012b000 r--p 00000000 103:02 13905271                  /usr/lib/x86_64-linux-gnu/libgdk-3.so.0.2409.32
73ebb012b000-73ebb01af000 r-xp 0002a000 103:02 13905271                  /usr/lib/x86_64-linux-gnu/libgdk-3.so.0.2409.32
73ebb01af000-73ebb01f1000 r--p 000ae000 103:02 13905271                  /usr/lib/x86_64-linux-gnu/libgdk-3.so.0.2409.32
73ebb01f1000-73ebb01fa000 r--p 000ef000 103:02 13905271                  /usr/lib/x86_64-linux-gnu/libgdk-3.so.0.2409.32
73ebb01fa000-73ebb01fc000 rw-p 000f8000 103:02 13905271                  /usr/lib/x86_64-linux-gnu/libgdk-3.so.0.2409.32
73ebb01fc000-73ebb01fd000 ---p 00000000 00:00 0 
73ebb01fd000-73ebb09fd000 rw-p 00000000 00:00 0 
73ebb09fd000-73ebb09fe000 ---p 00000000 00:00 0 
73ebb09fe000-73ebb11fe000 rw-p 00000000 00:00 0 
73ebb11fe000-73ebb11ff000 ---p 00000000 00:00 0 
73ebb11ff000-73ebb19ff000 rw-p 00000000 00:00 0 
73ebb19ff000-73ebb1a00000 ---p 00000000 00:00 0 
73ebb1a00000-73ebb2200000 rw-p 00000000 00:00 0 
73ebb2200000-73ebb2201000 r--p 00000000 103:02 13905372                  /usr/lib/x86_64-linux-gnu/libicudata.so.74.2
73ebb2201000-73ebb2202000 r-xp 00001000 103:02 13905372                  /usr/lib/x86_64-linux-gnu/libicudata.so.74.2
73ebb2202000-73ebb3f5e000 r--p 00002000 103:02 13905372                  /usr/lib/x86_64-linux-gnu/libicudata.so.74.2
73ebb3f5e000-73ebb3f5f000 r--p 01d5d000 103:02 13905372                  /usr/lib/x86_64-linux-gnu/libicudata.so.74.2
73ebb3f5f000-73ebb3f60000 rw-p 01d5e000 103:02 13905372                  /usr/lib/x86_64-linux-gnu/libicudata.so.74.2
73ebb3f61000-73ebb3f62000 r--p 00000000 103:02 13904987                  /usr/lib/x86_64-linux-gnu/libXinerama.so.1.0.0
73ebb3f62000-73ebb3f63000 r-xp 00001000 103:02 13904987                  /usr/lib/x86_64-linux-gnu/libXinerama.so.1.0.0
73ebb3f63000-73ebb3f64000 r--p 00002000 103:02 13904987                  /usr/lib/x86_64-linux-gnu/libXinerama.so.1.0.0
73ebb3f64000-73ebb3f65000 r--p 00002000 103:02 13904987                  /usr/lib/x86_64-linux-gnu/libXinerama.so.1.0.0
73ebb3f65000-73ebb3f66000 rw-p 00003000 103:02 13904987                  /usr/lib/x86_64-linux-gnu/libXinerama.so.1.0.0
73ebb3f66000-73ebb3f67000 r--p 00000000 103:02 13904978                  /usr/lib/x86_64-linux-gnu/libXcomposite.so.1.0.0
73ebb3f67000-73ebb3f68000 r-xp 00001000 103:02 13904978                  /usr/lib/x86_64-linux-gnu/libXcomposite.so.1.0.0
73ebb3f68000-73ebb3f69000 r--p 00002000 103:02 13904978                  /usr/lib/x86_64-linux-gnu/libXcomposite.so.1.0.0
73ebb3f69000-73ebb3f6a000 r--p 00002000 103:02 13904978                  /usr/lib/x86_64-linux-gnu/libXcomposite.so.1.0.0
73ebb3f6a000-73ebb3f6b000 rw-p 00003000 103:02 13904978                  /usr/lib/x86_64-linux-gnu/libXcomposite.so.1.0.0
73ebb3f6b000-73ebb3f76000 r--p 00000000 103:02 13905083                  /usr/lib/x86_64-linux-gnu/libatk-1.0.so.0.25209.1
73ebb3f76000-73ebb3f86000 r-xp 0000b000 103:02 13905083                  /usr/lib/x86_64-linux-gnu/libatk-1.0.so.0.25209.1
73ebb3f86000-73ebb3f91000 r--p 0001b000 103:02 13905083                  /usr/lib/x86_64-linux-gnu/libatk-1.0.so.0.25209.1
73ebb3f91000-73ebb3f94000 r--p 00026000 103:02 13905083                  /usr/lib/x86_64-linux-gnu/libatk-1.0.so.0.25209.1
73ebb3f94000-73ebb3f95000 rw-p 00029000 103:02 13905083                  /usr/lib/x86_64-linux-gnu/libatk-1.0.so.0.25209.1
73ebb3f95000-73ebb3fa8000 r--p 00000000 103:02 13905533                  /usr/lib/x86_64-linux-gnu/libpango-1.0.so.0.5200.1
73ebb3fa8000-73ebb3fe1000 r-xp 00013000 103:02 13905533                  /usr/lib/x86_64-linux-gnu/libpango-1.0.so.0.5200.1
73ebb3fe1000-73ebb3ffb000 r--p 0004c000 103:02 13905533                  /usr/lib/x86_64-linux-gnu/libpango-1.0.so.0.5200.1
73ebb3ffb000-73ebb3fff000 r--p 00065000 103:02 13905533                  /usr/lib/x86_64-linux-gnu/libpango-1.0.so.0.5200.1
73ebb3fff000-73ebb4000000 rw-p 00069000 103:02 13905533                  /usr/lib/x86_64-linux-gnu/libpango-1.0.so.0.5200.1
73ebb4000000-73ebb4021000 rw-p 00000000 00:00 0 
73ebb4021000-73ebb8000000 ---p 00000000 00:00 0 
73ebb8000000-73ebb8021000 rw-p 00000000 00:00 0 
73ebb8021000-73ebbc000000 ---p 00000000 00:00 0 
73ebbc000000-73ebbc021000 rw-p 00000000 00:00 0 
73ebbc021000-73ebc0000000 ---p 00000000 00:00 0 
73ebc0000000-73ebc0021000 rw-p 00000000 00:00 0 
73ebc0021000-73ebc4000000 ---p 00000000 00:00 0 
73ebc4000000-73ebc5c37000 rw-p 00000000 00:00 0 
73ebc5c37000-73ebc8000000 ---p 00000000 00:00 0 
73ebc8000000-73ebc89bb000 rw-p 00000000 00:00 0 
73ebc89bb000-73ebcc000000 ---p 00000000 00:00 0 
73ebcc000000-73ebcc021000 rw-p 00000000 00:00 0 
73ebcc021000-73ebd0000000 ---p 00000000 00:00 0 
73ebd0000000-73ebd0021000 rw-p 00000000 00:00 0 
73ebd0021000-73ebd4000000 ---p 00000000 00:00 0 
73ebd4000000-73ebd4021000 rw-p 00000000 00:00 0 
73ebd4021000-73ebd8000000 ---p 00000000 00:00 0 
73ebd8000000-73ebd8021000 rw-p 00000000 00:00 0 
73ebd8021000-73ebdc000000 ---p 00000000 00:00 0 
73ebdc000000-73ebdc021000 rw-p 00000000 00:00 0 
73ebdc021000-73ebe0000000 ---p 00000000 00:00 0 
73ebe0001000-73ebe0002000 r--p 00000000 103:02 13904980                  /usr/lib/x86_64-linux-gnu/libXdamage.so.1.1.0
73ebe0002000-73ebe0003000 r-xp 00001000 103:02 13904980                  /usr/lib/x86_64-linux-gnu/libXdamage.so.1.1.0
73ebe0003000-73ebe0004000 r--p 00002000 103:02 13904980                  /usr/lib/x86_64-linux-gnu/libXdamage.so.1.1.0
73ebe0004000-73ebe0005000 r--p 00002000 103:02 13904980                  /usr/lib/x86_64-linux-gnu/libXdamage.so.1.1.0
73ebe0005000-73ebe0006000 rw-p 00003000 103:02 13904980                  /usr/lib/x86_64-linux-gnu/libXdamage.so.1.1.0
73ebe0006000-73ebe0008000 r--p 00000000 103:02 13904979                  /usr/lib/x86_64-linux-gnu/libXcursor.so.1.0.2
73ebe0008000-73ebe000e000 r-xp 00002000 103:02 13904979                  /usr/lib/x86_64-linux-gnu/libXcursor.so.1.0.2
73ebe000e000-73ebe0010000 r--p 00008000 103:02 13904979                  /usr/lib/x86_64-linux-gnu/libXcursor.so.1.0.2
73ebe0010000-73ebe0011000 r--p 00009000 103:02 13904979                  /usr/lib/x86_64-linux-gnu/libXcursor.so.1.0.2
73ebe0011000-73ebe0012000 rw-p 0000a000 103:02 13904979                  /usr/lib/x86_64-linux-gnu/libXcursor.so.1.0.2
73ebe0012000-73ebe0014000 r--p 00000000 103:02 13905730                  /usr/lib/x86_64-linux-gnu/libwayland-cursor.so.0.22.0
73ebe0014000-73ebe0016000 r-xp 00002000 103:02 13905730                  /usr/lib/x86_64-linux-gnu/libwayland-cursor.so.0.22.0
73ebe0016000-73ebe0017000 r--p 00004000 103:02 13905730                  /usr/lib/x86_64-linux-gnu/libwayland-cursor.so.0.22.0
73ebe0017000-73ebe0018000 r--p 00004000 103:02 13905730                  /usr/lib/x86_64-linux-gnu/libwayland-cursor.so.0.22.0
73ebe0018000-73ebe001c000 rw-p 00005000 103:02 13905730                  /usr/lib/x86_64-linux-gnu/libwayland-cursor.so.0.22.0
73ebe001c000-73ebe0024000 r--p 00000000 103:02 13905273                  /usr/lib/x86_64-linux-gnu/libgdk_pixbuf-2.0.so.0.4200.10
73ebe0024000-73ebe003f000 r-xp 00008000 103:02 13905273                  /usr/lib/x86_64-linux-gnu/libgdk_pixbuf-2.0.so.0.4200.10
73ebe003f000-73ebe0048000 r--p 00023000 103:02 13905273                  /usr/lib/x86_64-linux-gnu/libgdk_pixbuf-2.0.so.0.4200.10
73ebe0048000-73ebe0049000 r--p 0002c000 103:02 13905273                  /usr/lib/x86_64-linux-gnu/libgdk_pixbuf-2.0.so.0.4200.10
73ebe0049000-73ebe004a000 rw-p 0002d000 103:02 13905273                  /usr/lib/x86_64-linux-gnu/libgdk_pixbuf-2.0.so.0.4200.10
73ebe004a000-73ebe024a000 rw-s 10d0b3000 00:06 903                       /dev/dri/renderD128
73ebe024c000-73ebe024d000 r--p 00000000 103:02 13905731                  /usr/lib/x86_64-linux-gnu/libwayland-egl.so.1.22.0
73ebe024d000-73ebe024e000 r-xp 00001000 103:02 13905731                  /usr/lib/x86_64-linux-gnu/libwayland-egl.so.1.22.0
73ebe024e000-73ebe024f000 r--p 00002000 103:02 13905731                  /usr/lib/x86_64-linux-gnu/libwayland-egl.so.1.22.0
73ebe024f000-73ebe0250000 r--p 00002000 103:02 13905731                  /usr/lib/x86_64-linux-gnu/libwayland-egl.so.1.22.0
73ebe0250000-73ebe0251000 rw-p 00003000 103:02 13905731                  /usr/lib/x86_64-linux-gnu/libwayland-egl.so.1.22.0
73ebe0251000-73ebe0256000 r--p 00000000 103:02 13905729                  /usr/lib/x86_64-linux-gnu/libwayland-client.so.0.22.0
73ebe0256000-73ebe025c000 r-xp 00005000 103:02 13905729                  /usr/lib/x86_64-linux-gnu/libwayland-client.so.0.22.0
73ebe025c000-73ebe025e000 r--p 0000b000 103:02 13905729                  /usr/lib/x86_64-linux-gnu/libwayland-client.so.0.22.0
73ebe025e000-73ebe0260000 r--p 0000d000 103:02 13905729                  /usr/lib/x86_64-linux-gnu/libwayland-client.so.0.22.0
73ebe0260000-73ebe0261000 rw-p 0000f000 103:02 13905729                  /usr/lib/x86_64-linux-gnu/libwayland-client.so.0.22.0
73ebe0261000-73ebe0269000 r--p 00000000 103:02 13905237                  /usr/lib/x86_64-linux-gnu/libfontconfig.so.1.12.1
73ebe0269000-73ebe0298000 r-xp 00008000 103:02 13905237                  /usr/lib/x86_64-linux-gnu/libfontconfig.so.1.12.1
73ebe0298000-73ebe02af000 r--p 00037000 103:02 13905237                  /usr/lib/x86_64-linux-gnu/libfontconfig.so.1.12.1
73ebe02af000-73ebe02b1000 r--p 0004d000 103:02 13905237                  /usr/lib/x86_64-linux-gnu/libfontconfig.so.1.12.1
73ebe02b1000-73ebe02b2000 rw-p 0004f000 103:02 13905237                  /usr/lib/x86_64-linux-gnu/libfontconfig.so.1.12.1
73ebe02b2000-73ebe02c1000 r--p 00000000 103:02 13905302                  /usr/lib/x86_64-linux-gnu/libgobject-2.0.so.0.8000.0
73ebe02c1000-73ebe02f8000 r-xp 0000f000 103:02 13905302                  /usr/lib/x86_64-linux-gnu/libgobject-2.0.so.0.8000.0
73ebe02f8000-73ebe0311000 r--p 00046000 103:02 13905302                  /usr/lib/x86_64-linux-gnu/libgobject-2.0.so.0.8000.0
73ebe0311000-73ebe0314000 r--p 0005e000 103:02 13905302                  /usr/lib/x86_64-linux-gnu/libgobject-2.0.so.0.8000.0
73ebe0314000-73ebe0315000 rw-p 00061000 103:02 13905302                  /usr/lib/x86_64-linux-gnu/libgobject-2.0.so.0.8000.0
73ebe0315000-73ebe0400000 rw-p 00000000 00:00 0 
73ebe0400000-73ebe0600000 rw-s 1315b8000 00:06 903                       /dev/dri/renderD128
73ebe0600000-73ebe06ca000 r--p 00000000 103:02 13903513                  /usr/lib/x86_64-linux-gnu/libgallium-25.0.7-0ubuntu0.24.04.2.so
73ebe06ca000-73ebe1dfc000 r-xp 000ca000 103:02 13903513                  /usr/lib/x86_64-linux-gnu/libgallium-25.0.7-0ubuntu0.24.04.2.so
73ebe1dfc000-73ebe2cac000 r--p 017fc000 103:02 13903513                  /usr/lib/x86_64-linux-gnu/libgallium-25.0.7-0ubuntu0.24.04.2.so
73ebe2cac000-73ebe2db5000 r--p 026ab000 103:02 13903513                  /usr/lib/x86_64-linux-gnu/libgallium-25.0.7-0ubuntu0.24.04.2.so
73ebe2db5000-73ebe2dce000 rw-p 027b4000 103:02 13903513                  /usr/lib/x86_64-linux-gnu/libgallium-25.0.7-0ubuntu0.24.04.2.so
73ebe2dce000-73ebe2f90000 rw-p 00000000 00:00 0 
73ebe2f90000-73ebe2f93000 r--p 00000000 103:02 13923387                  /usr/share/fonts/truetype/noto/NotoSansPauCinHau-Regular.ttf
73ebe2f93000-73ebe2f96000 r--p 00000000 103:02 13904986                  /usr/lib/x86_64-linux-gnu/libXi.so.6.1.0
73ebe2f96000-73ebe2fa2000 r-xp 00003000 103:02 13904986                  /usr/lib/x86_64-linux-gnu/libXi.so.6.1.0
73ebe2fa2000-73ebe2fa4000 r--p 0000f000 103:02 13904986                  /usr/lib/x86_64-linux-gnu/libXi.so.6.1.0
73ebe2fa4000-73ebe2fa5000 r--p 00011000 103:02 13904986                  /usr/lib/x86_64-linux-gnu/libXi.so.6.1.0
73ebe2fa5000-73ebe2fa6000 rw-p 00012000 103:02 13904986                  /usr/lib/x86_64-linux-gnu/libXi.so.6.1.0
73ebe2fa6000-73ebe2fa8000 r--p 00000000 103:02 13905251                  /usr/lib/x86_64-linux-gnu/libfribidi.so.0.4.0
73ebe2fa8000-73ebe2fac000 r-xp 00002000 103:02 13905251                  /usr/lib/x86_64-linux-gnu/libfribidi.so.0.4.0
73ebe2fac000-73ebe2fc2000 r--p 00006000 103:02 13905251                  /usr/lib/x86_64-linux-gnu/libfribidi.so.0.4.0
73ebe2fc2000-73ebe2fc3000 r--p 0001c000 103:02 13905251                  /usr/lib/x86_64-linux-gnu/libfribidi.so.0.4.0
73ebe2fc3000-73ebe2fc4000 rw-p 0001d000 103:02 13905251                  /usr/lib/x86_64-linux-gnu/libfribidi.so.0.4.0
73ebe2fc4000-73ebe2fcc000 r--p 00000000 103:02 13905535                  /usr/lib/x86_64-linux-gnu/libpangoft2-1.0.so.0.5200.1
73ebe2fcc000-73ebe2fd9000 r-xp 00008000 103:02 13905535                  /usr/lib/x86_64-linux-gnu/libpangoft2-1.0.so.0.5200.1
73ebe2fd9000-73ebe2fdd000 r--p 00015000 103:02 13905535                  /usr/lib/x86_64-linux-gnu/libpangoft2-1.0.so.0.5200.1
73ebe2fdd000-73ebe2fde000 r--p 00019000 103:02 13905535                  /usr/lib/x86_64-linux-gnu/libpangoft2-1.0.so.0.5200.1
73ebe2fde000-73ebe2fdf000 rw-p 0001a000 103:02 13905535                  /usr/lib/x86_64-linux-gnu/libpangoft2-1.0.so.0.5200.1
73ebe2fdf000-73ebe2fe4000 r--p 00000000 103:02 13905534                  /usr/lib/x86_64-linux-gnu/libpangocairo-1.0.so.0.5200.1
73ebe2fe4000-73ebe2fec000 r-xp 00005000 103:02 13905534                  /usr/lib/x86_64-linux-gnu/libpangocairo-1.0.so.0.5200.1
73ebe2fec000-73ebe2fee000 r--p 0000d000 103:02 13905534                  /usr/lib/x86_64-linux-gnu/libpangocairo-1.0.so.0.5200.1
73ebe2fee000-73ebe2fef000 r--p 0000f000 103:02 13905534                  /usr/lib/x86_64-linux-gnu/libpangocairo-1.0.so.0.5200.1
73ebe2fef000-73ebe2ff0000 rw-p 00010000 103:02 13905534                  /usr/lib/x86_64-linux-gnu/libpangocairo-1.0.so.0.5200.1
73ebe2ff1000-73ebe2ff3000 r--p 00000000 103:02 13905135                  /usr/lib/x86_64-linux-gnu/libcanberra-gtk3.so.0.1.9
73ebe2ff3000-73ebe2ff5000 r-xp 00002000 103:02 13905135                  /usr/lib/x86_64-linux-gnu/libcanberra-gtk3.so.0.1.9
73ebe2ff5000-73ebe2ff6000 r--p 00004000 103:02 13905135                  /usr/lib/x86_64-linux-gnu/libcanberra-gtk3.so.0.1.9
73ebe2ff6000-73ebe2ff7000 r--p 00004000 103:02 13905135                  /usr/lib/x86_64-linux-gnu/libcanberra-gtk3.so.0.1.9
73ebe2ff7000-73ebe2ff8000 rw-p 00005000 103:02 13905135                  /usr/lib/x86_64-linux-gnu/libcanberra-gtk3.so.0.1.9
73ebe2ff8000-73ebe2ffa000 r--p 00000000 103:02 13907116                  /usr/lib/x86_64-linux-gnu/gtk-3.0/modules/libcanberra-gtk3-module.so
73ebe2ffa000-73ebe2ffd000 r-xp 00002000 103:02 13907116                  /usr/lib/x86_64-linux-gnu/gtk-3.0/modules/libcanberra-gtk3-module.so
73ebe2ffd000-73ebe2ffe000 r--p 00005000 103:02 13907116                  /usr/lib/x86_64-linux-gnu/gtk-3.0/modules/libcanberra-gtk3-module.so
73ebe2ffe000-73ebe2fff000 r--p 00005000 103:02 13907116                  /usr/lib/x86_64-linux-gnu/gtk-3.0/modules/libcanberra-gtk3-module.so
73ebe2fff000-73ebe3000000 rw-p 00006000 103:02 13907116                  /usr/lib/x86_64-linux-gnu/gtk-3.0/modules/libcanberra-gtk3-module.so
73ebe3000000-73ebe3400000 rw-p 00000000 00:00 0 
73ebe3400000-73ebe3c00000 rw-p 00000000 00:00 0 
73ebe3c00000-73ebe3cc0000 rw-p 00000000 00:00 0 
73ebe3cc0000-73ebe3d00000 rw-p 00000000 00:00 0 
73ebe3d00000-73ebe3f00000 rw-p 00000000 00:00 0 
73ebe3f00000-73ebe4000000 rw-p 00000000 00:00 0 
73ebe4000000-73ebe4700000 rw-p 00000000 00:00 0 
73ebe4700000-73ebe4800000 rw-p 00000000 00:00 0 
73ebe4800000-73ebe4f00000 rw-p 00000000 00:00 0 
73ebe4f00000-73ebe5000000 rw-p 00000000 00:00 0 
73ebe5000000-73ebe5700000 rw-p 00000000 00:00 0 
73ebe5700000-73ebe5900000 rw-p 00000000 00:00 0 
73ebe5900000-73ebe5a00000 rw-p 00000000 00:00 0 
73ebe5a00000-73ebe6b00000 rw-p 00000000 00:00 0 
73ebe6b00000-73ebe6c00000 rw-p 00000000 00:00 0 
73ebe6c00000-73ebe7000000 rw-p 00000000 00:00 0 
73ebe7000000-73ebe7bca000 rw-p 00001000 103:02 14432683                  /usr/lib/jvm/java-17-openjdk-amd64/lib/server/classes.jsa
73ebe7bca000-73ebe8000000 ---p 00000000 00:00 0 
73ebe8000000-73ebe8040000 rw-p 00000000 00:00 0 
73ebe8040000-73ebe8080000 rw-p 00000000 00:00 0 
73ebe8080000-73ebe8100000 rw-p 00000000 00:00 0 
73ebe8100000-73ebe81e0000 rw-p 00000000 00:00 0 
73ebe81e0000-73ebe8240000 rw-p 00000000 00:00 0 
73ebe8240000-73ebe84c0000 rw-p 00000000 00:00 0 
73ebe84c0000-73ebe8500000 rw-p 00000000 00:00 0 
73ebe8500000-73ebe8640000 rw-p 00000000 00:00 0 
73ebe8640000-73ebe8ac0000 rw-p 00000000 00:00 0 
73ebe8ac0000-73ebe8b00000 rw-p 00000000 00:00 0 
73ebe8b00000-73ebe8dc0000 rw-p 00000000 00:00 0 
73ebe8dc0000-73ebe8df0000 rw-p 00000000 00:00 0 
73ebe8df0000-73ebe8e00000 ---p 00000000 00:00 0 
73ebe8e00000-73ebe8f70000 rw-p 00000000 00:00 0 
73ebe8f70000-73ec28000000 ---p 00000000 00:00 0 
73ec28000000-73ec28021000 rw-p 00000000 00:00 0 
73ec28021000-73ec2c000000 ---p 00000000 00:00 0 
73ec2c000000-73ec2c030000 rw-p 00000000 00:00 0 
73ec2c030000-73ec30000000 ---p 00000000 00:00 0 
73ec30000000-73ec30021000 rw-p 00000000 00:00 0 
73ec30021000-73ec34000000 ---p 00000000 00:00 0 
73ec34000000-73ec34004000 r--p 00000000 103:02 13905130                  /usr/lib/x86_64-linux-gnu/libcairo-gobject.so.2.11800.0
73ec34004000-73ec34006000 r-xp 00004000 103:02 13905130                  /usr/lib/x86_64-linux-gnu/libcairo-gobject.so.2.11800.0
73ec34006000-73ec34009000 r--p 00006000 103:02 13905130                  /usr/lib/x86_64-linux-gnu/libcairo-gobject.so.2.11800.0
73ec34009000-73ec3400b000 r--p 00008000 103:02 13905130                  /usr/lib/x86_64-linux-gnu/libcairo-gobject.so.2.11800.0
73ec3400b000-73ec3400c000 rw-p 0000a000 103:02 13905130                  /usr/lib/x86_64-linux-gnu/libcairo-gobject.so.2.11800.0
73ec3400c000-73ec340bd000 rw-p 00000000 00:00 0 
73ec340bd000-73ec342bd000 rw-s 11b22f000 00:06 903                       /dev/dri/renderD128
73ec342bd000-73ec342be000 ---p 00000000 00:00 0 
73ec342be000-73ec34abe000 rw-p 00000000 00:00 0 
73ec34abe000-73ec34bff000 rw-s 00000000 103:02 19136608                  /home/olimjon/.cache/mesa_shader_cache_db/index
73ec34bff000-73ec34c00000 ---p 00000000 00:00 0 
73ec34c00000-73ec35400000 rw-p 00000000 00:00 0 
73ec35400000-73ec35468000 r--p 00000000 103:02 13905377                  /usr/lib/x86_64-linux-gnu/libicuuc.so.74.2
73ec35468000-73ec3556d000 r-xp 00068000 103:02 13905377                  /usr/lib/x86_64-linux-gnu/libicuuc.so.74.2
73ec3556d000-73ec355f7000 r--p 0016d000 103:02 13905377                  /usr/lib/x86_64-linux-gnu/libicuuc.so.74.2
73ec355f7000-73ec3560a000 r--p 001f7000 103:02 13905377                  /usr/lib/x86_64-linux-gnu/libicuuc.so.74.2
73ec3560a000-73ec3560b000 rw-p 0020a000 103:02 13905377                  /usr/lib/x86_64-linux-gnu/libicuuc.so.74.2
73ec3560b000-73ec3560d000 rw-p 00000000 00:00 0 
73ec3560d000-73ec3560f000 r--p 00000000 103:02 13923266                  /usr/share/fonts/truetype/noto/NotoSansBassaVah-Regular.ttf
73ec3560f000-73ec35611000 r--p 00000000 103:02 13904983                  /usr/lib/x86_64-linux-gnu/libXfixes.so.3.1.0
73ec35611000-73ec35614000 r-xp 00002000 103:02 13904983                  /usr/lib/x86_64-linux-gnu/libXfixes.so.3.1.0
73ec35614000-73ec35615000 r--p 00005000 103:02 13904983                  /usr/lib/x86_64-linux-gnu/libXfixes.so.3.1.0
73ec35615000-73ec35616000 r--p 00005000 103:02 13904983                  /usr/lib/x86_64-linux-gnu/libXfixes.so.3.1.0
73ec35616000-73ec35617000 rw-p 00006000 103:02 13904983                  /usr/lib/x86_64-linux-gnu/libXfixes.so.3.1.0
73ec35617000-73ec35626000 r-xp 00000000 103:02 19402244                  /home/olimjon/Downloads/openjfx-17.0.17_linux-x64_bin-sdk/javafx-sdk-17.0.17/lib/libprism_sw.so
73ec35626000-73ec35627000 r--p 0000e000 103:02 19402244                  /home/olimjon/Downloads/openjfx-17.0.17_linux-x64_bin-sdk/javafx-sdk-17.0.17/lib/libprism_sw.so
73ec35627000-73ec35628000 rw-p 0000f000 103:02 19402244                  /home/olimjon/Downloads/openjfx-17.0.17_linux-x64_bin-sdk/javafx-sdk-17.0.17/lib/libprism_sw.so
73ec35628000-73ec356d9000 rw-p 00000000 00:00 0 
73ec356d9000-73ec356dc000 r--p 00000000 103:02 13905429                  /usr/lib/x86_64-linux-gnu/liblzma.so.5.4.5
73ec356dc000-73ec356fe000 r-xp 00003000 103:02 13905429                  /usr/lib/x86_64-linux-gnu/liblzma.so.5.4.5
73ec356fe000-73ec35709000 r--p 00025000 103:02 13905429                  /usr/lib/x86_64-linux-gnu/liblzma.so.5.4.5
73ec35709000-73ec3570a000 r--p 00030000 103:02 13905429                  /usr/lib/x86_64-linux-gnu/liblzma.so.5.4.5
73ec3570a000-73ec3570b000 rw-p 00031000 103:02 13905429                  /usr/lib/x86_64-linux-gnu/liblzma.so.5.4.5
73ec3570b000-73ec35719000 r--p 00000000 103:02 13905674                  /usr/lib/x86_64-linux-gnu/libtinfo.so.6.4
73ec35719000-73ec3572c000 r-xp 0000e000 103:02 13905674                  /usr/lib/x86_64-linux-gnu/libtinfo.so.6.4
73ec3572c000-73ec3573a000 r--p 00021000 103:02 13905674                  /usr/lib/x86_64-linux-gnu/libtinfo.so.6.4
73ec3573a000-73ec3573e000 r--p 0002e000 103:02 13905674                  /usr/lib/x86_64-linux-gnu/libtinfo.so.6.4
73ec3573e000-73ec3573f000 rw-p 00032000 103:02 13905674                  /usr/lib/x86_64-linux-gnu/libtinfo.so.6.4
73ec3573f000-73ec35741000 r--p 00000000 103:02 13905544                  /usr/lib/x86_64-linux-gnu/libpciaccess.so.0.11.1
73ec35741000-73ec35746000 r-xp 00002000 103:02 13905544                  /usr/lib/x86_64-linux-gnu/libpciaccess.so.0.11.1
73ec35746000-73ec35748000 r--p 00007000 103:02 13905544                  /usr/lib/x86_64-linux-gnu/libpciaccess.so.0.11.1
73ec35748000-73ec35749000 r--p 00008000 103:02 13905544                  /usr/lib/x86_64-linux-gnu/libpciaccess.so.0.11.1
73ec35749000-73ec3574a000 rw-p 00009000 103:02 13905544                  /usr/lib/x86_64-linux-gnu/libpciaccess.so.0.11.1
73ec3574a000-73ec35779000 r--p 00000000 103:02 13910290                  /usr/lib/x86_64-linux-gnu/libxml2.so.2.9.14
73ec35779000-73ec358df000 r-xp 0002f000 103:02 13910290                  /usr/lib/x86_64-linux-gnu/libxml2.so.2.9.14
73ec358df000-73ec35921000 r--p 00195000 103:02 13910290                  /usr/lib/x86_64-linux-gnu/libxml2.so.2.9.14
73ec35921000-73ec3592a000 r--p 001d6000 103:02 13910290                  /usr/lib/x86_64-linux-gnu/libxml2.so.2.9.14
73ec3592a000-73ec3592b000 rw-p 001df000 103:02 13910290                  /usr/lib/x86_64-linux-gnu/libxml2.so.2.9.14
73ec3592b000-73ec3592c000 rw-p 00000000 00:00 0 
73ec3592c000-73ec35934000 r--p 00000000 103:02 13905207                  /usr/lib/x86_64-linux-gnu/libedit.so.2.0.72
73ec35934000-73ec35953000 r-xp 00008000 103:02 13905207                  /usr/lib/x86_64-linux-gnu/libedit.so.2.0.72
73ec35953000-73ec3595f000 r--p 00027000 103:02 13905207                  /usr/lib/x86_64-linux-gnu/libedit.so.2.0.72
73ec3595f000-73ec35961000 r--p 00033000 103:02 13905207                  /usr/lib/x86_64-linux-gnu/libedit.so.2.0.72
73ec35961000-73ec35962000 rw-p 00035000 103:02 13905207                  /usr/lib/x86_64-linux-gnu/libedit.so.2.0.72
73ec35962000-73ec35966000 rw-p 00000000 00:00 0 
73ec35966000-73ec35968000 r--p 00000000 103:02 13905231                  /usr/lib/x86_64-linux-gnu/libffi.so.8.1.4
73ec35968000-73ec3596f000 r-xp 00002000 103:02 13905231                  /usr/lib/x86_64-linux-gnu/libffi.so.8.1.4
73ec3596f000-73ec35970000 r--p 00009000 103:02 13905231                  /usr/lib/x86_64-linux-gnu/libffi.so.8.1.4
73ec35970000-73ec35971000 r--p 0000a000 103:02 13905231                  /usr/lib/x86_64-linux-gnu/libffi.so.8.1.4
73ec35971000-73ec35972000 rw-p 0000b000 103:02 13905231                  /usr/lib/x86_64-linux-gnu/libffi.so.8.1.4
73ec35972000-73ec35975000 r--p 00000000 103:02 13905190                  /usr/lib/x86_64-linux-gnu/libdrm_intel.so.1.0.0
73ec35975000-73ec3598b000 r-xp 00003000 103:02 13905190                  /usr/lib/x86_64-linux-gnu/libdrm_intel.so.1.0.0
73ec3598b000-73ec35994000 r--p 00019000 103:02 13905190                  /usr/lib/x86_64-linux-gnu/libdrm_intel.so.1.0.0
73ec35994000-73ec35995000 r--p 00021000 103:02 13905190                  /usr/lib/x86_64-linux-gnu/libdrm_intel.so.1.0.0
73ec35995000-73ec35996000 rw-p 00022000 103:02 13905190                  /usr/lib/x86_64-linux-gnu/libdrm_intel.so.1.0.0
73ec35996000-73ec35999000 r--p 00000000 103:02 13905189                  /usr/lib/x86_64-linux-gnu/libdrm_amdgpu.so.1.0.0
73ec35999000-73ec3599f000 r-xp 00003000 103:02 13905189                  /usr/lib/x86_64-linux-gnu/libdrm_amdgpu.so.1.0.0
73ec3599f000-73ec359a1000 r--p 00009000 103:02 13905189                  /usr/lib/x86_64-linux-gnu/libdrm_amdgpu.so.1.0.0
73ec359a1000-73ec359a2000 r--p 0000a000 103:02 13905189                  /usr/lib/x86_64-linux-gnu/libdrm_amdgpu.so.1.0.0
73ec359a2000-73ec359a3000 rw-p 0000b000 103:02 13905189                  /usr/lib/x86_64-linux-gnu/libdrm_amdgpu.so.1.0.0
73ec359a3000-73ec359a6000 r--p 00000000 103:02 13905214                  /usr/lib/x86_64-linux-gnu/libelf-0.190.so
73ec359a6000-73ec359bc000 r-xp 00003000 103:02 13905214                  /usr/lib/x86_64-linux-gnu/libelf-0.190.so
73ec359bc000-73ec359c0000 r--p 00019000 103:02 13905214                  /usr/lib/x86_64-linux-gnu/libelf-0.190.so
73ec359c0000-73ec359c1000 r--p 0001c000 103:02 13905214                  /usr/lib/x86_64-linux-gnu/libelf-0.190.so
73ec359c1000-73ec359c2000 rw-p 0001d000 103:02 13905214                  /usr/lib/x86_64-linux-gnu/libelf-0.190.so
73ec359c2000-73ec359c3000 r--p 00000000 103:02 13905780                  /usr/lib/x86_64-linux-gnu/libxshmfence.so.1.0.0
73ec359c3000-73ec359c4000 r-xp 00001000 103:02 13905780                  /usr/lib/x86_64-linux-gnu/libxshmfence.so.1.0.0
73ec359c4000-73ec359c5000 r--p 00002000 103:02 13905780                  /usr/lib/x86_64-linux-gnu/libxshmfence.so.1.0.0
73ec359c5000-73ec359c6000 r--p 00002000 103:02 13905780                  /usr/lib/x86_64-linux-gnu/libxshmfence.so.1.0.0
73ec359c6000-73ec359c7000 rw-p 00003000 103:02 13905780                  /usr/lib/x86_64-linux-gnu/libxshmfence.so.1.0.0
73ec359c7000-73ec359ca000 r--p 00000000 103:02 13905766                  /usr/lib/x86_64-linux-gnu/libxcb-sync.so.1.0.0
73ec359ca000-73ec359cd000 r-xp 00003000 103:02 13905766                  /usr/lib/x86_64-linux-gnu/libxcb-sync.so.1.0.0
73ec359cd000-73ec359ce000 r--p 00006000 103:02 13905766                  /usr/lib/x86_64-linux-gnu/libxcb-sync.so.1.0.0
73ec359ce000-73ec359cf000 r--p 00007000 103:02 13905766                  /usr/lib/x86_64-linux-gnu/libxcb-sync.so.1.0.0
73ec359cf000-73ec359d0000 rw-p 00008000 103:02 13905766                  /usr/lib/x86_64-linux-gnu/libxcb-sync.so.1.0.0
73ec359d0000-73ec359d7000 r--p 00000000 103:02 13905760                  /usr/lib/x86_64-linux-gnu/libxcb-randr.so.0.1.0
73ec359d7000-73ec359dc000 r-xp 00007000 103:02 13905760                  /usr/lib/x86_64-linux-gnu/libxcb-randr.so.0.1.0
73ec359dc000-73ec359df000 r--p 0000c000 103:02 13905760                  /usr/lib/x86_64-linux-gnu/libxcb-randr.so.0.1.0
73ec359df000-73ec359e0000 r--p 0000f000 103:02 13905760                  /usr/lib/x86_64-linux-gnu/libxcb-randr.so.0.1.0
73ec359e0000-73ec359e1000 rw-p 00010000 103:02 13905760                  /usr/lib/x86_64-linux-gnu/libxcb-randr.so.0.1.0
73ec359e1000-73ec359e3000 r--p 00000000 103:02 13905620                  /usr/lib/x86_64-linux-gnu/libsensors.so.5.0.0
73ec359e3000-73ec359ea000 r-xp 00002000 103:02 13905620                  /usr/lib/x86_64-linux-gnu/libsensors.so.5.0.0
73ec359ea000-73ec359ee000 r--p 00009000 103:02 13905620                  /usr/lib/x86_64-linux-gnu/libsensors.so.5.0.0
73ec359ee000-73ec359ef000 r--p 0000d000 103:02 13905620                  /usr/lib/x86_64-linux-gnu/libsensors.so.5.0.0
73ec359ef000-73ec359f0000 rw-p 0000e000 103:02 13905620                  /usr/lib/x86_64-linux-gnu/libsensors.so.5.0.0
73ec359f0000-73ec359f4000 r--p 00000000 103:02 13905787                  /usr/lib/x86_64-linux-gnu/libzstd.so.1.5.5
73ec359f4000-73ec35a9b000 r-xp 00004000 103:02 13905787                  /usr/lib/x86_64-linux-gnu/libzstd.so.1.5.5
73ec35a9b000-73ec35aa8000 r--p 000ab000 103:02 13905787                  /usr/lib/x86_64-linux-gnu/libzstd.so.1.5.5
73ec35aa8000-73ec35aa9000 r--p 000b7000 103:02 13905787                  /usr/lib/x86_64-linux-gnu/libzstd.so.1.5.5
73ec35aa9000-73ec35aaa000 rw-p 000b8000 103:02 13905787                  /usr/lib/x86_64-linux-gnu/libzstd.so.1.5.5
73ec35aaa000-73ec35aad000 r--p 00000000 103:02 13905768                  /usr/lib/x86_64-linux-gnu/libxcb-xfixes.so.0.0.0
73ec35aad000-73ec35ab0000 r-xp 00003000 103:02 13905768                  /usr/lib/x86_64-linux-gnu/libxcb-xfixes.so.0.0.0
73ec35ab0000-73ec35ab2000 r--p 00006000 103:02 13905768                  /usr/lib/x86_64-linux-gnu/libxcb-xfixes.so.0.0.0
73ec35ab2000-73ec35ab3000 r--p 00007000 103:02 13905768                  /usr/lib/x86_64-linux-gnu/libxcb-xfixes.so.0.0.0
73ec35ab3000-73ec35ab4000 rw-p 00008000 103:02 13905768                  /usr/lib/x86_64-linux-gnu/libxcb-xfixes.so.0.0.0
73ec35ab4000-73ec35ab5000 r--p 00000000 103:02 13905759                  /usr/lib/x86_64-linux-gnu/libxcb-present.so.0.0.0
73ec35ab5000-73ec35ab6000 r-xp 00001000 103:02 13905759                  /usr/lib/x86_64-linux-gnu/libxcb-present.so.0.0.0
73ec35ab6000-73ec35ab7000 r--p 00002000 103:02 13905759                  /usr/lib/x86_64-linux-gnu/libxcb-present.so.0.0.0
73ec35ab7000-73ec35ab8000 r--p 00002000 103:02 13905759                  /usr/lib/x86_64-linux-gnu/libxcb-present.so.0.0.0
73ec35ab8000-73ec35ab9000 rw-p 00003000 103:02 13905759                  /usr/lib/x86_64-linux-gnu/libxcb-present.so.0.0.0
73ec35ab9000-73ec35abb000 r--p 00000000 103:02 13905754                  /usr/lib/x86_64-linux-gnu/libxcb-dri3.so.0.1.0
73ec35abb000-73ec35abd000 r-xp 00002000 103:02 13905754                  /usr/lib/x86_64-linux-gnu/libxcb-dri3.so.0.1.0
73ec35abd000-73ec35abe000 r--p 00004000 103:02 13905754                  /usr/lib/x86_64-linux-gnu/libxcb-dri3.so.0.1.0
73ec35abe000-73ec35abf000 r--p 00004000 103:02 13905754                  /usr/lib/x86_64-linux-gnu/libxcb-dri3.so.0.1.0
73ec35abf000-73ec35ac0000 rw-p 00005000 103:02 13905754                  /usr/lib/x86_64-linux-gnu/libxcb-dri3.so.0.1.0
73ec35ac0000-73ec35ac4000 r--p 00000000 103:02 13905225                  /usr/lib/x86_64-linux-gnu/libexpat.so.1.9.1
73ec35ac4000-73ec35ae1000 r-xp 00004000 103:02 13905225                  /usr/lib/x86_64-linux-gnu/libexpat.so.1.9.1
73ec35ae1000-73ec35ae9000 r--p 00021000 103:02 13905225                  /usr/lib/x86_64-linux-gnu/libexpat.so.1.9.1
73ec35ae9000-73ec35aeb000 r--p 00028000 103:02 13905225                  /usr/lib/x86_64-linux-gnu/libexpat.so.1.9.1
73ec35aeb000-73ec35aec000 rw-p 0002a000 103:02 13905225                  /usr/lib/x86_64-linux-gnu/libexpat.so.1.9.1
73ec35aec000-73ec35af7000 r--p 00000000 103:02 13905755                  /usr/lib/x86_64-linux-gnu/libxcb-glx.so.0.0.0
73ec35af7000-73ec35b00000 r-xp 0000b000 103:02 13905755                  /usr/lib/x86_64-linux-gnu/libxcb-glx.so.0.0.0
73ec35b00000-73ec35b05000 r--p 00014000 103:02 13905755                  /usr/lib/x86_64-linux-gnu/libxcb-glx.so.0.0.0
73ec35b05000-73ec35b07000 r--p 00019000 103:02 13905755                  /usr/lib/x86_64-linux-gnu/libxcb-glx.so.0.0.0
73ec35b07000-73ec35b08000 rw-p 0001b000 103:02 13905755                  /usr/lib/x86_64-linux-gnu/libxcb-glx.so.0.0.0
73ec35b08000-73ec35b0d000 r--p 00000000 103:02 13905188                  /usr/lib/x86_64-linux-gnu/libdrm.so.2.4.0
73ec35b0d000-73ec35b19000 r-xp 00005000 103:02 13905188                  /usr/lib/x86_64-linux-gnu/libdrm.so.2.4.0
73ec35b19000-73ec35b1d000 r--p 00011000 103:02 13905188                  /usr/lib/x86_64-linux-gnu/libdrm.so.2.4.0
73ec35b1d000-73ec35b1e000 r--p 00014000 103:02 13905188                  /usr/lib/x86_64-linux-gnu/libdrm.so.2.4.0
73ec35b1e000-73ec35b1f000 rw-p 00015000 103:02 13905188                  /usr/lib/x86_64-linux-gnu/libdrm.so.2.4.0
73ec35b1f000-73ec35b38000 r--p 00000000 103:02 13904893                  /usr/lib/x86_64-linux-gnu/libGLX_mesa.so.0.0.0
73ec35b38000-73ec35b71000 r-xp 00019000 103:02 13904893                  /usr/lib/x86_64-linux-gnu/libGLX_mesa.so.0.0.0
73ec35b71000-73ec35b83000 r--p 00052000 103:02 13904893                  /usr/lib/x86_64-linux-gnu/libGLX_mesa.so.0.0.0
73ec35b83000-73ec35b87000 r--p 00063000 103:02 13904893                  /usr/lib/x86_64-linux-gnu/libGLX_mesa.so.0.0.0
73ec35b87000-73ec35b88000 rw-p 00067000 103:02 13904893                  /usr/lib/x86_64-linux-gnu/libGLX_mesa.so.0.0.0
73ec35b88000-73ec35b89000 rw-p 00000000 00:00 0 
73ec35b89000-73ec35b8b000 r--p 00000000 103:02 13905443                  /usr/lib/x86_64-linux-gnu/libmd.so.0.1.0
73ec35b8b000-73ec35b94000 r-xp 00002000 103:02 13905443                  /usr/lib/x86_64-linux-gnu/libmd.so.0.1.0
73ec35b94000-73ec35b96000 r--p 0000b000 103:02 13905443                  /usr/lib/x86_64-linux-gnu/libmd.so.0.1.0
73ec35b96000-73ec35b97000 r--p 0000c000 103:02 13905443                  /usr/lib/x86_64-linux-gnu/libmd.so.0.1.0
73ec35b97000-73ec35b98000 rw-p 0000d000 103:02 13905443                  /usr/lib/x86_64-linux-gnu/libmd.so.0.1.0
73ec35b98000-73ec35b9c000 r--p 00000000 103:02 13905123                  /usr/lib/x86_64-linux-gnu/libbsd.so.0.12.1
73ec35b9c000-73ec35ba8000 r-xp 00004000 103:02 13905123                  /usr/lib/x86_64-linux-gnu/libbsd.so.0.12.1
73ec35ba8000-73ec35bab000 r--p 00010000 103:02 13905123                  /usr/lib/x86_64-linux-gnu/libbsd.so.0.12.1
73ec35bab000-73ec35bac000 r--p 00012000 103:02 13905123                  /usr/lib/x86_64-linux-gnu/libbsd.so.0.12.1
73ec35bac000-73ec35bad000 rw-p 00013000 103:02 13905123                  /usr/lib/x86_64-linux-gnu/libbsd.so.0.12.1
73ec35bad000-73ec35bae000 rw-p 00000000 00:00 0 
73ec35bae000-73ec35bb1000 r--p 00000000 103:02 13904960                  /usr/lib/x86_64-linux-gnu/libGLX.so.0.0.0
73ec35bb1000-73ec35bcc000 r-xp 00003000 103:02 13904960                  /usr/lib/x86_64-linux-gnu/libGLX.so.0.0.0
73ec35bcc000-73ec35bcf000 r--p 0001e000 103:02 13904960                  /usr/lib/x86_64-linux-gnu/libGLX.so.0.0.0
73ec35bcf000-73ec35bd0000 r--p 00020000 103:02 13904960                  /usr/lib/x86_64-linux-gnu/libGLX.so.0.0.0
73ec35bd0000-73ec35bd1000 rw-p 00021000 103:02 13904960                  /usr/lib/x86_64-linux-gnu/libGLX.so.0.0.0
73ec35bd1000-73ec35be1000 rw-p 00000000 00:00 0 
73ec35be1000-73ec35c22000 r--p 00000000 103:02 13904962                  /usr/lib/x86_64-linux-gnu/libGLdispatch.so.0.0.0
73ec35c22000-73ec35c61000 r-xp 00041000 103:02 13904962                  /usr/lib/x86_64-linux-gnu/libGLdispatch.so.0.0.0
73ec35c61000-73ec35c74000 r--p 00080000 103:02 13904962                  /usr/lib/x86_64-linux-gnu/libGLdispatch.so.0.0.0
73ec35c74000-73ec35c90000 r--p 00093000 103:02 13904962                  /usr/lib/x86_64-linux-gnu/libGLdispatch.so.0.0.0
73ec35c90000-73ec35c91000 rw-p 000af000 103:02 13904962                  /usr/lib/x86_64-linux-gnu/libGLdispatch.so.0.0.0
73ec35c91000-73ec35c99000 rw-p 00000000 00:00 0 
73ec35c99000-73ec35ca4000 r--p 00000000 103:02 13905771                  /usr/lib/x86_64-linux-gnu/libxcb.so.1.1.0
73ec35ca4000-73ec35cb7000 r-xp 0000b000 103:02 13905771                  /usr/lib/x86_64-linux-gnu/libxcb.so.1.1.0
73ec35cb7000-73ec35cc0000 r--p 0001e000 103:02 13905771                  /usr/lib/x86_64-linux-gnu/libxcb.so.1.1.0
73ec35cc0000-73ec35cc1000 r--p 00026000 103:02 13905771                  /usr/lib/x86_64-linux-gnu/libxcb.so.1.1.0
73ec35cc1000-73ec35cc2000 rw-p 00027000 103:02 13905771                  /usr/lib/x86_64-linux-gnu/libxcb.so.1.1.0
73ec35cc2000-73ec35cdb000 r--p 00000000 103:02 13904974                  /usr/lib/x86_64-linux-gnu/libX11.so.6.4.0
73ec35cdb000-73ec35d6b000 r-xp 00019000 103:02 13904974                  /usr/lib/x86_64-linux-gnu/libX11.so.6.4.0
73ec35d6b000-73ec35dfa000 r--p 000a9000 103:02 13904974                  /usr/lib/x86_64-linux-gnu/libX11.so.6.4.0
73ec35dfa000-73ec35dfb000 r--p 00138000 103:02 13904974                  /usr/lib/x86_64-linux-gnu/libX11.so.6.4.0
73ec35dfb000-73ec35dff000 rw-p 00139000 103:02 13904974                  /usr/lib/x86_64-linux-gnu/libX11.so.6.4.0
73ec35dff000-73ec35e03000 ---p 00000000 00:00 0 
73ec35e03000-73ec35eff000 rw-p 00000000 00:00 0 
73ec35eff000-73ec35f00000 ---p 00000000 00:00 0 
73ec35f00000-73ec36000000 rw-p 00000000 00:00 0 
73ec36000000-73ec38021000 rw-p 00000000 00:00 0 
73ec38021000-73ec3c000000 ---p 00000000 00:00 0 
73ec3c000000-73ec3c021000 rw-p 00000000 00:00 0 
73ec3c021000-73ec40000000 ---p 00000000 00:00 0 
73ec40000000-73ec40021000 rw-p 00000000 00:00 0 
73ec40021000-73ec44004000 ---p 00000000 00:00 0 
73ec44004000-73ec44100000 rw-p 00000000 00:00 0 
73ec44100000-73ec44104000 ---p 00000000 00:00 0 
73ec44104000-73ec44200000 rw-p 00000000 00:00 0 
73ec44200000-73ec44204000 ---p 00000000 00:00 0 
73ec44204000-73ec44300000 rw-p 00000000 00:00 0 
73ec44300000-73ec44304000 ---p 00000000 00:00 0 
73ec44304000-73ec44400000 rw-p 00000000 00:00 0 
73ec44400000-73ec44404000 ---p 00000000 00:00 0 
73ec44404000-73ec44500000 rw-p 00000000 00:00 0 
73ec44500000-73ec44504000 ---p 00000000 00:00 0 
73ec44504000-73ec44600000 rw-p 00000000 00:00 0 
73ec44600000-73ec44604000 ---p 00000000 00:00 0 
73ec44604000-73ec44700000 rw-p 00000000 00:00 0 
73ec44700000-73ec44704000 ---p 00000000 00:00 0 
73ec44704000-73ec44800000 rw-p 00000000 00:00 0 
73ec44800000-73ec44d75000 r--p 00000000 103:02 13929360                  /usr/lib/locale/locale-archive
73ec44d76000-73ec44d77000 r--s 00000000 103:02 19174280                  /home/olimjon/.cache/fontconfig/3f7329c5293ffd510edef78f73874cfd-le64.cache-9
73ec44d78000-73ec44d79000 r--p 00000000 103:02 13905765                  /usr/lib/x86_64-linux-gnu/libxcb-shm.so.0.0.0
73ec44d79000-73ec44d7a000 r-xp 00001000 103:02 13905765                  /usr/lib/x86_64-linux-gnu/libxcb-shm.so.0.0.0
73ec44d7a000-73ec44d7b000 r--p 00002000 103:02 13905765                  /usr/lib/x86_64-linux-gnu/libxcb-shm.so.0.0.0
73ec44d7b000-73ec44d7c000 r--p 00002000 103:02 13905765                  /usr/lib/x86_64-linux-gnu/libxcb-shm.so.0.0.0
73ec44d7c000-73ec44d7d000 rw-p 00003000 103:02 13905765                  /usr/lib/x86_64-linux-gnu/libxcb-shm.so.0.0.0
73ec44d7d000-73ec44dc0000 r--p 00000000 103:02 13904957                  /usr/lib/x86_64-linux-gnu/libGL.so.1.7.0
73ec44dc0000-73ec44de0000 r-xp 00043000 103:02 13904957                  /usr/lib/x86_64-linux-gnu/libGL.so.1.7.0
73ec44de0000-73ec44df4000 r--p 00063000 103:02 13904957                  /usr/lib/x86_64-linux-gnu/libGL.so.1.7.0
73ec44df4000-73ec44e02000 r--p 00077000 103:02 13904957                  /usr/lib/x86_64-linux-gnu/libGL.so.1.7.0
73ec44e02000-73ec44e03000 rw-p 00085000 103:02 13904957                  /usr/lib/x86_64-linux-gnu/libGL.so.1.7.0
73ec44e03000-73ec44e04000 rw-p 00000000 00:00 0 
73ec44e04000-73ec44e08000 ---p 00000000 00:00 0 
73ec44e08000-73ec44f04000 rw-p 00000000 00:00 0 
73ec44f04000-73ec44f08000 ---p 00000000 00:00 0 
73ec44f08000-73ec45004000 rw-p 00000000 00:00 0 
73ec45004000-73ec45005000 ---p 00000000 00:00 0 
73ec45005000-73ec45105000 rw-p 00000000 00:00 0 
73ec45105000-73ec4510a000 r--p 00000000 103:02 14432665                  /usr/lib/jvm/java-17-openjdk-amd64/lib/libjsvml.so
73ec4510a000-73ec4514b000 r-xp 00005000 103:02 14432665                  /usr/lib/jvm/java-17-openjdk-amd64/lib/libjsvml.so
73ec4514b000-73ec451d4000 r--p 00046000 103:02 14432665                  /usr/lib/jvm/java-17-openjdk-amd64/lib/libjsvml.so
73ec451d4000-73ec451d5000 r--p 000ce000 103:02 14432665                  /usr/lib/jvm/java-17-openjdk-amd64/lib/libjsvml.so
73ec451d5000-73ec451d6000 rw-p 000cf000 103:02 14432665                  /usr/lib/jvm/java-17-openjdk-amd64/lib/libjsvml.so
73ec451d6000-73ec45257000 rw-p 00000000 00:00 0 
73ec45257000-73ec45258000 ---p 00000000 00:00 0 
73ec45258000-73ec45358000 rw-p 00000000 00:00 0 
73ec45358000-73ec45359000 ---p 00000000 00:00 0 
73ec45359000-73ec45459000 rw-p 00000000 00:00 0 
73ec45459000-73ec45db0000 rw-p 00000000 00:00 0 
73ec45db0000-73ec477a8000 ---p 00000000 00:00 0 
73ec477a8000-73ec47a00000 rw-p 00000000 00:00 0 
73ec47a00000-73ec493f8000 ---p 00000000 00:00 0 
73ec493f8000-73ec49400000 rw-p 00000000 00:00 0 
73ec49400000-73ec4a5f0000 rwxp 00000000 00:00 0 
73ec4a5f0000-73ec50937000 ---p 00000000 00:00 0 
73ec50937000-73ec50ba7000 rwxp 00000000 00:00 0 
73ec50ba7000-73ec50ec9000 ---p 00000000 00:00 0 
73ec50ec9000-73ec513f9000 rwxp 00000000 00:00 0 
73ec513f9000-73ec58400000 ---p 00000000 00:00 0 
73ec58400000-73ec5feb2000 r--s 00000000 103:02 14432680                  /usr/lib/jvm/java-17-openjdk-amd64/lib/modules
73ec5feb2000-73ec5feb4000 r--p 00000000 103:02 13904981                  /usr/lib/x86_64-linux-gnu/libXdmcp.so.6.0.0
73ec5feb4000-73ec5feb6000 r-xp 00002000 103:02 13904981                  /usr/lib/x86_64-linux-gnu/libXdmcp.so.6.0.0
73ec5feb6000-73ec5feb8000 r--p 00004000 103:02 13904981                  /usr/lib/x86_64-linux-gnu/libXdmcp.so.6.0.0
73ec5feb8000-73ec5feb9000 r--p 00005000 103:02 13904981                  /usr/lib/x86_64-linux-gnu/libXdmcp.so.6.0.0
73ec5feb9000-73ec5feba000 rw-p 00006000 103:02 13904981                  /usr/lib/x86_64-linux-gnu/libXdmcp.so.6.0.0
73ec5feba000-73ec5febe000 r--p 00000000 103:02 13904982                  /usr/lib/x86_64-linux-gnu/libXext.so.6.4.0
73ec5febe000-73ec5fec9000 r-xp 00004000 103:02 13904982                  /usr/lib/x86_64-linux-gnu/libXext.so.6.4.0
73ec5fec9000-73ec5fecc000 r--p 0000f000 103:02 13904982                  /usr/lib/x86_64-linux-gnu/libXext.so.6.4.0
73ec5fecc000-73ec5fecd000 r--p 00011000 103:02 13904982                  /usr/lib/x86_64-linux-gnu/libXext.so.6.4.0
73ec5fecd000-73ec5fece000 rw-p 00012000 103:02 13904982                  /usr/lib/x86_64-linux-gnu/libXext.so.6.4.0
73ec5fece000-73ec60d0a000 rw-p 00000000 00:00 0 
73ec60d0a000-73ec64000000 ---p 00000000 00:00 0 
73ec64000000-73ec64001000 r--s 00000000 00:34 280                        /run/user/1000/dconf/user
73ec64001000-73ec64003000 r--p 00000000 103:02 13905287                  /usr/lib/x86_64-linux-gnu/libgmodule-2.0.so.0.8000.0
73ec64003000-73ec64005000 r-xp 00002000 103:02 13905287                  /usr/lib/x86_64-linux-gnu/libgmodule-2.0.so.0.8000.0
73ec64005000-73ec64006000 r--p 00004000 103:02 13905287                  /usr/lib/x86_64-linux-gnu/libgmodule-2.0.so.0.8000.0
73ec64006000-73ec64007000 r--p 00004000 103:02 13905287                  /usr/lib/x86_64-linux-gnu/libgmodule-2.0.so.0.8000.0
73ec64007000-73ec64008000 rw-p 00005000 103:02 13905287                  /usr/lib/x86_64-linux-gnu/libgmodule-2.0.so.0.8000.0
73ec64008000-73ec64009000 r--p 00000000 103:02 13896098                  /usr/lib/x86_64-linux-gnu/libdl.so.2
73ec64009000-73ec6400a000 r-xp 00001000 103:02 13896098                  /usr/lib/x86_64-linux-gnu/libdl.so.2
73ec6400a000-73ec6400b000 r--p 00002000 103:02 13896098                  /usr/lib/x86_64-linux-gnu/libdl.so.2
73ec6400b000-73ec6400c000 r--p 00002000 103:02 13896098                  /usr/lib/x86_64-linux-gnu/libdl.so.2
73ec6400c000-73ec6400d000 rw-p 00003000 103:02 13896098                  /usr/lib/x86_64-linux-gnu/libdl.so.2
73ec6400d000-73ec64014000 r--s 00000000 103:02 13896085                  /usr/lib/x86_64-linux-gnu/gconv/gconv-modules.cache
73ec64014000-73ec64020000 r-xp 00000000 103:02 19402239                  /home/olimjon/Downloads/openjfx-17.0.17_linux-x64_bin-sdk/javafx-sdk-17.0.17/lib/libprism_es2.so
73ec64020000-73ec64021000 r--p 0000b000 103:02 19402239                  /home/olimjon/Downloads/openjfx-17.0.17_linux-x64_bin-sdk/javafx-sdk-17.0.17/lib/libprism_es2.so
73ec64021000-73ec64022000 rw-p 0000c000 103:02 19402239                  /home/olimjon/Downloads/openjfx-17.0.17_linux-x64_bin-sdk/javafx-sdk-17.0.17/lib/libprism_es2.so
73ec64022000-73ec6427f000 rw-p 00000000 00:00 0 
73ec6427f000-73ec64280000 ---p 00000000 00:00 0 
73ec64280000-73ec64380000 rw-p 00000000 00:00 0 
73ec64380000-73ec64381000 ---p 00000000 00:00 0 
73ec64381000-73ec64481000 rw-p 00000000 00:00 0 
73ec64481000-73ec64482000 ---p 00000000 00:00 0 
73ec64482000-73ec64582000 rw-p 00000000 00:00 0 
73ec64582000-73ec645cc000 rw-p 00000000 00:00 0 
73ec645cc000-73ec6490b000 ---p 00000000 00:00 0 
73ec6490b000-73ec64956000 rw-p 00000000 00:00 0 
73ec64956000-73ec64c95000 ---p 00000000 00:00 0 
73ec64c95000-73ec64ce0000 rw-p 00000000 00:00 0 
73ec64ce0000-73ec6501f000 ---p 00000000 00:00 0 
73ec6501f000-73ec65a35000 rw-p 00000000 00:00 0 
73ec65a35000-73ec65b15000 ---p 00000000 00:00 0 
73ec65b15000-73ec65b39000 rw-p 00000000 00:00 0 
73ec65b39000-73ec65c00000 ---p 00000000 00:00 0 
73ec65c00000-73ec65c9d000 r--p 00000000 103:02 13905653                  /usr/lib/x86_64-linux-gnu/libstdc++.so.6.0.33
73ec65c9d000-73ec65de5000 r-xp 0009d000 103:02 13905653                  /usr/lib/x86_64-linux-gnu/libstdc++.so.6.0.33
73ec65de5000-73ec65e6c000 r--p 001e5000 103:02 13905653                  /usr/lib/x86_64-linux-gnu/libstdc++.so.6.0.33
73ec65e6c000-73ec65e77000 r--p 0026b000 103:02 13905653                  /usr/lib/x86_64-linux-gnu/libstdc++.so.6.0.33
73ec65e77000-73ec65e7a000 rw-p 00276000 103:02 13905653                  /usr/lib/x86_64-linux-gnu/libstdc++.so.6.0.33
73ec65e7a000-73ec65e7e000 rw-p 00000000 00:00 0 
73ec65e7e000-73ec65e7f000 r-xp 00000000 103:02 19402240                  /home/olimjon/Downloads/openjfx-17.0.17_linux-x64_bin-sdk/javafx-sdk-17.0.17/lib/libglass.so
73ec65e7f000-73ec65e80000 ---p 00001000 103:02 19402240                  /home/olimjon/Downloads/openjfx-17.0.17_linux-x64_bin-sdk/javafx-sdk-17.0.17/lib/libglass.so
73ec65e80000-73ec65e81000 r--p 00001000 103:02 19402240                  /home/olimjon/Downloads/openjfx-17.0.17_linux-x64_bin-sdk/javafx-sdk-17.0.17/lib/libglass.so
73ec65e81000-73ec65e82000 rw-p 00002000 103:02 19402240                  /home/olimjon/Downloads/openjfx-17.0.17_linux-x64_bin-sdk/javafx-sdk-17.0.17/lib/libglass.so
73ec65e82000-73ec65e83000 r--p 00000000 103:02 13904976                  /usr/lib/x86_64-linux-gnu/libXau.so.6.0.0
73ec65e83000-73ec65e85000 r-xp 00001000 103:02 13904976                  /usr/lib/x86_64-linux-gnu/libXau.so.6.0.0
73ec65e85000-73ec65e86000 r--p 00003000 103:02 13904976                  /usr/lib/x86_64-linux-gnu/libXau.so.6.0.0
73ec65e86000-73ec65e87000 r--p 00003000 103:02 13904976                  /usr/lib/x86_64-linux-gnu/libXau.so.6.0.0
73ec65e87000-73ec65e88000 rw-p 00004000 103:02 13904976                  /usr/lib/x86_64-linux-gnu/libXau.so.6.0.0
73ec65e88000-73ec65ec9000 rw-p 00000000 00:00 0 
73ec65ec9000-73ec65eca000 r--p 00000000 103:02 14167948                  /usr/share/locale-langpack/en/LC_MESSAGES/gtk30.mo
73ec65eca000-73ec65ecb000 rw-s 116f2f000 00:06 903                       /dev/dri/renderD128
73ec65ecb000-73ec65ecc000 r--p 00000000 103:02 13905000                  /usr/lib/x86_64-linux-gnu/libXxf86vm.so.1.0.0
73ec65ecc000-73ec65ecf000 r-xp 00001000 103:02 13905000                  /usr/lib/x86_64-linux-gnu/libXxf86vm.so.1.0.0
73ec65ecf000-73ec65ed0000 r--p 00004000 103:02 13905000                  /usr/lib/x86_64-linux-gnu/libXxf86vm.so.1.0.0
73ec65ed0000-73ec65ed1000 r--p 00004000 103:02 13905000                  /usr/lib/x86_64-linux-gnu/libXxf86vm.so.1.0.0
73ec65ed1000-73ec65ed2000 rw-p 00005000 103:02 13905000                  /usr/lib/x86_64-linux-gnu/libXxf86vm.so.1.0.0
73ec65ed2000-73ec65ed6000 r--p 00000000 103:02 14432671                  /usr/lib/jvm/java-17-openjdk-amd64/lib/libnet.so
73ec65ed6000-73ec65ee4000 r-xp 00004000 103:02 14432671                  /usr/lib/jvm/java-17-openjdk-amd64/lib/libnet.so
73ec65ee4000-73ec65ee8000 r--p 00012000 103:02 14432671                  /usr/lib/jvm/java-17-openjdk-amd64/lib/libnet.so
73ec65ee8000-73ec65ee9000 r--p 00015000 103:02 14432671                  /usr/lib/jvm/java-17-openjdk-amd64/lib/libnet.so
73ec65ee9000-73ec65eea000 rw-p 00016000 103:02 14432671                  /usr/lib/jvm/java-17-openjdk-amd64/lib/libnet.so
73ec65eea000-73ec65ef1000 r--p 00000000 103:02 14432672                  /usr/lib/jvm/java-17-openjdk-amd64/lib/libnio.so
73ec65ef1000-73ec65efa000 r-xp 00007000 103:02 14432672                  /usr/lib/jvm/java-17-openjdk-amd64/lib/libnio.so
73ec65efa000-73ec65efe000 r--p 00010000 103:02 14432672                  /usr/lib/jvm/java-17-openjdk-amd64/lib/libnio.so
73ec65efe000-73ec65eff000 r--p 00014000 103:02 14432672                  /usr/lib/jvm/java-17-openjdk-amd64/lib/libnio.so
73ec65eff000-73ec65f00000 rw-p 00015000 103:02 14432672                  /usr/lib/jvm/java-17-openjdk-amd64/lib/libnio.so
73ec65f00000-73ec65f04000 ---p 00000000 00:00 0 
73ec65f04000-73ec66000000 rw-p 00000000 00:00 0 
73ec66000000-73ec66251000 r--p 00000000 103:02 14432686                  /usr/lib/jvm/java-17-openjdk-amd64/lib/server/libjvm.so
73ec66251000-73ec66fc3000 r-xp 00251000 103:02 14432686                  /usr/lib/jvm/java-17-openjdk-amd64/lib/server/libjvm.so
73ec66fc3000-73ec67244000 r--p 00fc3000 103:02 14432686                  /usr/lib/jvm/java-17-openjdk-amd64/lib/server/libjvm.so
73ec67244000-73ec672fc000 r--p 01244000 103:02 14432686                  /usr/lib/jvm/java-17-openjdk-amd64/lib/server/libjvm.so
73ec672fc000-73ec67331000 rw-p 012fc000 103:02 14432686                  /usr/lib/jvm/java-17-openjdk-amd64/lib/server/libjvm.so
73ec67331000-73ec67400000 rw-p 00000000 00:00 0 
73ec67400000-73ec67428000 r--p 00000000 103:02 13896096                  /usr/lib/x86_64-linux-gnu/libc.so.6
73ec67428000-73ec675b0000 r-xp 00028000 103:02 13896096                  /usr/lib/x86_64-linux-gnu/libc.so.6
73ec675b0000-73ec675ff000 r--p 001b0000 103:02 13896096                  /usr/lib/x86_64-linux-gnu/libc.so.6
73ec675ff000-73ec67603000 r--p 001fe000 103:02 13896096                  /usr/lib/x86_64-linux-gnu/libc.so.6
73ec67603000-73ec67605000 rw-p 00202000 103:02 13896096                  /usr/lib/x86_64-linux-gnu/libc.so.6
73ec67605000-73ec67612000 rw-p 00000000 00:00 0 
73ec67612000-73ec67613000 rw-s 10cbfe000 00:06 903                       /dev/dri/renderD128
73ec67613000-73ec67614000 rw-s 10900c000 00:06 903                       /dev/dri/renderD128
73ec67614000-73ec67616000 r--p 00000000 103:02 14432679                  /usr/lib/jvm/java-17-openjdk-amd64/lib/libzip.so
73ec67616000-73ec6761b000 r-xp 00002000 103:02 14432679                  /usr/lib/jvm/java-17-openjdk-amd64/lib/libzip.so
73ec6761b000-73ec6761d000 r--p 00007000 103:02 14432679                  /usr/lib/jvm/java-17-openjdk-amd64/lib/libzip.so
73ec6761d000-73ec6761e000 r--p 00008000 103:02 14432679                  /usr/lib/jvm/java-17-openjdk-amd64/lib/libzip.so
73ec6761e000-73ec6761f000 rw-p 00009000 103:02 14432679                  /usr/lib/jvm/java-17-openjdk-amd64/lib/libzip.so
73ec6761f000-73ec67624000 rw-p 00000000 00:00 0 
73ec67624000-73ec6762b000 ---p 00000000 00:00 0 
73ec6762b000-73ec67637000 r--p 00000000 103:02 14432658                  /usr/lib/jvm/java-17-openjdk-amd64/lib/libjava.so
73ec67637000-73ec6764a000 r-xp 0000c000 103:02 14432658                  /usr/lib/jvm/java-17-openjdk-amd64/lib/libjava.so
73ec6764a000-73ec67650000 r--p 0001f000 103:02 14432658                  /usr/lib/jvm/java-17-openjdk-amd64/lib/libjava.so
73ec67650000-73ec67651000 r--p 00024000 103:02 14432658                  /usr/lib/jvm/java-17-openjdk-amd64/lib/libjava.so
73ec67651000-73ec67652000 rw-p 00025000 103:02 14432658                  /usr/lib/jvm/java-17-openjdk-amd64/lib/libjava.so
73ec67652000-73ec67653000 rw-p 00000000 00:00 0 
73ec67653000-73ec6765b000 rw-s 00000000 103:02 17564464                  /tmp/hsperfdata_olimjon/22984
73ec6765b000-73ec6765f000 r--p 00000000 103:02 13905260                  /usr/lib/x86_64-linux-gnu/libgcc_s.so.1
73ec6765f000-73ec67683000 r-xp 00004000 103:02 13905260                  /usr/lib/x86_64-linux-gnu/libgcc_s.so.1
73ec67683000-73ec67687000 r--p 00028000 103:02 13905260                  /usr/lib/x86_64-linux-gnu/libgcc_s.so.1
73ec67687000-73ec67688000 r--p 0002b000 103:02 13905260                  /usr/lib/x86_64-linux-gnu/libgcc_s.so.1
73ec67688000-73ec67689000 rw-p 0002c000 103:02 13905260                  /usr/lib/x86_64-linux-gnu/libgcc_s.so.1
73ec67689000-73ec67699000 r--p 00000000 103:02 13896099                  /usr/lib/x86_64-linux-gnu/libm.so.6
73ec67699000-73ec67718000 r-xp 00010000 103:02 13896099                  /usr/lib/x86_64-linux-gnu/libm.so.6
73ec67718000-73ec67770000 r--p 0008f000 103:02 13896099                  /usr/lib/x86_64-linux-gnu/libm.so.6
73ec67770000-73ec67771000 r--p 000e7000 103:02 13896099                  /usr/lib/x86_64-linux-gnu/libm.so.6
73ec67771000-73ec67772000 rw-p 000e8000 103:02 13896099                  /usr/lib/x86_64-linux-gnu/libm.so.6
73ec67772000-73ec67774000 rw-p 00000000 00:00 0 
73ec67774000-73ec67776000 r--p 00000000 103:02 14432662                  /usr/lib/jvm/java-17-openjdk-amd64/lib/libjli.so
73ec67776000-73ec67780000 r-xp 00002000 103:02 14432662                  /usr/lib/jvm/java-17-openjdk-amd64/lib/libjli.so
73ec67780000-73ec67783000 r--p 0000c000 103:02 14432662                  /usr/lib/jvm/java-17-openjdk-amd64/lib/libjli.so
73ec67783000-73ec67784000 r--p 0000f000 103:02 14432662                  /usr/lib/jvm/java-17-openjdk-amd64/lib/libjli.so
73ec67784000-73ec67785000 rw-p 00010000 103:02 14432662                  /usr/lib/jvm/java-17-openjdk-amd64/lib/libjli.so
73ec67785000-73ec67787000 r--p 00000000 103:02 13905786                  /usr/lib/x86_64-linux-gnu/libz.so.1.3
73ec67787000-73ec67799000 r-xp 00002000 103:02 13905786                  /usr/lib/x86_64-linux-gnu/libz.so.1.3
73ec67799000-73ec6779f000 r--p 00014000 103:02 13905786                  /usr/lib/x86_64-linux-gnu/libz.so.1.3
73ec6779f000-73ec677a0000 r--p 0001a000 103:02 13905786                  /usr/lib/x86_64-linux-gnu/libz.so.1.3
73ec677a0000-73ec677a1000 rw-p 0001b000 103:02 13905786                  /usr/lib/x86_64-linux-gnu/libz.so.1.3
73ec677a1000-73ec677a2000 r--p 00000000 103:02 13904973                  /usr/lib/x86_64-linux-gnu/libX11-xcb.so.1.0.0
73ec677a2000-73ec677a3000 r-xp 00001000 103:02 13904973                  /usr/lib/x86_64-linux-gnu/libX11-xcb.so.1.0.0
73ec677a3000-73ec677a4000 r--p 00002000 103:02 13904973                  /usr/lib/x86_64-linux-gnu/libX11-xcb.so.1.0.0
73ec677a4000-73ec677a5000 r--p 00002000 103:02 13904973                  /usr/lib/x86_64-linux-gnu/libX11-xcb.so.1.0.0
73ec677a5000-73ec677a6000 rw-p 00003000 103:02 13904973                  /usr/lib/x86_64-linux-gnu/libX11-xcb.so.1.0.0
73ec677a6000-73ec677a7000 ---p 00000000 00:00 0 
73ec677a7000-73ec677a8000 r--p 00000000 00:00 0 
73ec677a8000-73ec677a9000 ---p 00000000 00:00 0 
73ec677a9000-73ec677ab000 r--p 00000000 103:02 14432661                  /usr/lib/jvm/java-17-openjdk-amd64/lib/libjimage.so
73ec677ab000-73ec677ae000 r-xp 00002000 103:02 14432661                  /usr/lib/jvm/java-17-openjdk-amd64/lib/libjimage.so
73ec677ae000-73ec677af000 r--p 00005000 103:02 14432661                  /usr/lib/jvm/java-17-openjdk-amd64/lib/libjimage.so
73ec677af000-73ec677b0000 r--p 00006000 103:02 14432661                  /usr/lib/jvm/java-17-openjdk-amd64/lib/libjimage.so
73ec677b0000-73ec677b1000 rw-p 00007000 103:02 14432661                  /usr/lib/jvm/java-17-openjdk-amd64/lib/libjimage.so
73ec677b1000-73ec677b3000 rw-p 00000000 00:00 0 
73ec677b3000-73ec677b5000 r--p 00000000 00:00 0                          [vvar]
73ec677b5000-73ec677b7000 r--p 00000000 00:00 0                          [vvar_vclock]
73ec677b7000-73ec677b9000 r-xp 00000000 00:00 0                          [vdso]
73ec677b9000-73ec677ba000 r--p 00000000 103:02 13896093                  /usr/lib/x86_64-linux-gnu/ld-linux-x86-64.so.2
73ec677ba000-73ec677e5000 r-xp 00001000 103:02 13896093                  /usr/lib/x86_64-linux-gnu/ld-linux-x86-64.so.2
73ec677e5000-73ec677ef000 r--p 0002c000 103:02 13896093                  /usr/lib/x86_64-linux-gnu/ld-linux-x86-64.so.2
73ec677ef000-73ec677f1000 r--p 00036000 103:02 13896093                  /usr/lib/x86_64-linux-gnu/ld-linux-x86-64.so.2
73ec677f1000-73ec677f3000 rw-p 00038000 103:02 13896093                  /usr/lib/x86_64-linux-gnu/ld-linux-x86-64.so.2
7ffdbbc25000-7ffdbbc4c000 rw-p 00000000 00:00 0                          [stack]
ffffffffff600000-ffffffffff601000 --xp 00000000 00:00 0                  [vsyscall]


VM Arguments:
jvm_args: --module-path=/home/olimjon/Downloads/openjfx-17.0.17_linux-x64_bin-sdk/javafx-sdk-17.0.17/lib --add-modules=javafx.controls,javafx.fxml --module-path=/home/olimjon/Downloads/openjfx-17.0.17_linux-x64_bin-sdk/javafx-sdk-17.0.17/lib --add-modules=javafx.controls,javafx.fxml -Dfile.encoding=UTF-8 -Duser.country=US -Duser.language=en -Duser.variant 
java_command: uz.tenzorsoft.scaleapplication.ScaleApplication
java_class_path (initial): /home/olimjon/Downloads/Telegram Desktop/navoiy-azot-scale-backend/build/classes/java/main:/home/olimjon/Downloads/Telegram Desktop/navoiy-azot-scale-backend/build/resources/main:/home/olimjon/.gradle/caches/modules-2/files-2.1/com.pi4j/pi4j-plugin-gpiod/2.7.0/93fd73ded4a14bccf9d748ee94db2c2517529719/pi4j-plugin-gpiod-2.7.0.jar:/home/olimjon/.gradle/caches/modules-2/files-2.1/com.pi4j/pi4j-plugin-raspberrypi/2.7.0/28b85089a0203f9cd7845f0fc3dfecce317e97c1/pi4j-plugin-raspberrypi-2.7.0.jar:/home/olimjon/.gradle/caches/modules-2/files-2.1/com.pi4j/pi4j-library-gpiod/2.7.0/638d7893e2cabfd75ab3c912d2c7063010c21af9/pi4j-library-gpiod-2.7.0.jar:/home/olimjon/.gradle/caches/modules-2/files-2.1/com.pi4j/pi4j-core/2.7.0/e9e141b1a9863480f3f6bfad36565717273671d7/pi4j-core-2.7.0.jar:/home/olimjon/.gradle/caches/modules-2/files-2.1/org.apache.httpcomponents.client5/httpclient5/5.3.1/56b53c8f4bcdaada801d311cf2ff8a24d6d96883/httpclient5-5.3.1.jar:/home/olimjon/.gradle/caches/modules-2/files-2.1/com.ghgande/j2mod/3.2.1/7c93c1e05b3c71a430b2c9363864c42292566a1b/j2mod-3.2.1.jar:/home/olimjon/.gradle/caches/modules-2/files-2.1/org.springframework.boot/spring-boot-starter-websocket/3.3.5/f34b2713e59c3717f654eeaea7a4aa0771738d4f/spring-boot-starter-websocket-3.3.5.jar:/home/olimjon/.gradle/caches/modules-2/files-2.1/org.springframework.boot/spring-boot-starter-web/3.3.5/51cc6cd5fb15f4eecfadea4ac689ed290e65c2cc/spring-boot-starter-web-3.3.5.jar:/home/olimjon/.gradle/caches/modules-2/files-2.1/com.fazecast/jSerialComm/2.9.0/fa036392013de97eb2fc5532cae1cd1bee8eae4f/jSerialComm-2.9.0.jar:/home/olimjon/.gradle/caches/modules-2/files-2.1/io.minio/minio/8.5.12/669d478e02466dcc9d7a9180d37756f3554c55bb/minio-8.5.12.jar:/home/olimjon/.gradle/caches/modules-2/files-2.1/org.springframework.boot/spring-boot-starter-validation/3.3.5/5f32f28b5573c024c9aa16369914d8f2760bd38e/spring-boot-starter-validation-3.3.5.jar:/home/olimjon/.gradle/caches/modules-2/files-2.1/org.springfr
Launcher Type: SUN_STANDARD

[Global flags]
     intx CICompilerCount                          = 4                                         {product} {ergonomic}
     uint ConcGCThreads                            = 3                                         {product} {ergonomic}
     uint G1ConcRefinementThreads                  = 10                                        {product} {ergonomic}
   size_t G1HeapRegionSize                         = 1048576                                   {product} {ergonomic}
    uintx GCDrainStackTargetSize                   = 64                                        {product} {ergonomic}
   size_t InitialHeapSize                          = 119537664                                 {product} {ergonomic}
   size_t MarkStackSize                            = 4194304                                   {product} {ergonomic}
   size_t MaxHeapSize                              = 1900019712                                {product} {ergonomic}
   size_t MaxNewSize                               = 1139802112                                {product} {ergonomic}
   size_t MinHeapDeltaBytes                        = 1048576                                   {product} {ergonomic}
   size_t MinHeapSize                              = 8388608                                   {product} {ergonomic}
    uintx NonNMethodCodeHeapSize                   = 5839372                                {pd product} {ergonomic}
    uintx NonProfiledCodeHeapSize                  = 122909434                              {pd product} {ergonomic}
    uintx ProfiledCodeHeapSize                     = 122909434                              {pd product} {ergonomic}
    uintx ReservedCodeCacheSize                    = 251658240                              {pd product} {ergonomic}
     bool SegmentedCodeCache                       = true                                      {product} {ergonomic}
   size_t SoftMaxHeapSize                          = 1900019712                             {manageable} {ergonomic}
     bool UseCompressedClassPointers               = true                           {product lp64_product} {ergonomic}
     bool UseCompressedOops                        = true                           {product lp64_product} {ergonomic}
     bool UseG1GC                                  = true                                      {product} {ergonomic}

Logging:
Log output configuration:
 #0: stdout all=warning uptime,level,tags
 #1: stderr all=off uptime,level,tags

Environment Variables:
PATH=/usr/local/sbin:/usr/local/bin:/usr/sbin:/usr/bin:/sbin:/bin:/usr/games:/usr/local/games:/snap/bin:/snap/bin
USERNAME=olimjon
SHELL=/bin/bash
DISPLAY=:0
LANG=en_US.UTF-8

Active Locale:
LC_ALL=en_US.UTF-8
LC_COLLATE=en_US.UTF-8
LC_CTYPE=en_US.UTF-8
LC_MESSAGES=en_US.UTF-8
LC_MONETARY=en_US.UTF-8
LC_NUMERIC=en_US.UTF-8
LC_TIME=en_US.UTF-8

Signal Handlers:
   SIGSEGV: crash_handler in libjvm.so, mask=11100100010111111101111111111110, flags=SA_RESTART|SA_SIGINFO, unblocked
    SIGBUS: crash_handler in libjvm.so, mask=11100100010111111101111111111110, flags=SA_RESTART|SA_SIGINFO, unblocked
    SIGFPE: crash_handler in libjvm.so, mask=11100100010111111101111111111110, flags=SA_RESTART|SA_SIGINFO, unblocked
   SIGPIPE: SIG_IGN, mask=00000000000000000000000000000000, flags=none, blocked
  *** Handler was modified!
  *** Expected: javaSignalHandler in libjvm.so, mask=11100100110111111111111111111110, flags=SA_RESTART|SA_SIGINFO
   SIGXFSZ: javaSignalHandler in libjvm.so, mask=11100100010111111101111111111110, flags=SA_RESTART|SA_SIGINFO, blocked
    SIGILL: crash_handler in libjvm.so, mask=11100100010111111101111111111110, flags=SA_RESTART|SA_SIGINFO, unblocked
   SIGUSR2: SIG_IGN, mask=00000000000000000000000000000000, flags=none, blocked
  *** Handler was modified!
  *** Expected: SR_handler in libjvm.so, mask=00100000000000000000000000000000, flags=SA_RESTART|SA_SIGINFO
    SIGHUP: SIG_IGN, mask=00000000000000000000000000000000, flags=none, blocked
    SIGINT: UserHandler in libjvm.so, mask=11100100010111111101111111111110, flags=SA_RESTART|SA_SIGINFO, blocked
   SIGTERM: SIG_IGN, mask=00000000000000000000000000000000, flags=none, blocked
   SIGQUIT: UserHandler in libjvm.so, mask=11100100010111111101111111111110, flags=SA_RESTART|SA_SIGINFO, blocked
   SIGTRAP: crash_handler in libjvm.so, mask=11100100010111111101111111111110, flags=SA_RESTART|SA_SIGINFO, unblocked


Periodic native trim disabled


---------------  S Y S T E M  ---------------

OS:
DISTRIB_ID=Ubuntu
DISTRIB_RELEASE=24.04
DISTRIB_CODENAME=noble
DISTRIB_DESCRIPTION="Ubuntu 24.04.3 LTS"
uname: Linux 6.14.0-35-generic #35~24.04.1-Ubuntu SMP PREEMPT_DYNAMIC Tue Oct 14 13:55:17 UTC 2 x86_64
OS uptime: 0 days 17:25 hours
libc: glibc 2.39 NPTL 2.39 
rlimit (soft/hard): STACK 8192k/infinity , CORE 0k/infinity , NPROC 28288/28288 , NOFILE 1048576/1048576 , AS infinity/infinity , CPU infinity/infinity , DATA infinity/infinity , FSIZE infinity/infinity , MEMLOCK 927152k/927152k
load average: 1.53 0.83 0.70

/proc/meminfo:
MemTotal:        7417220 kB
MemFree:          335188 kB
MemAvailable:     633200 kB
Buffers:            3180 kB
Cached:           553604 kB
SwapCached:        37112 kB
Active:          2487488 kB
Inactive:        3331656 kB
Active(anon):    2242864 kB
Inactive(anon):  3118928 kB
Active(file):     244624 kB
Inactive(file):   212728 kB
Unevictable:          48 kB
Mlocked:              48 kB
SwapTotal:       4194300 kB
SwapFree:        1565332 kB
Zswap:                 0 kB
Zswapped:              0 kB
Dirty:              1248 kB
Writeback:             0 kB
AnonPages:       5235284 kB
Mapped:           437980 kB
Shmem:             99112 kB
KReclaimable:     116680 kB
Slab:             426196 kB
SReclaimable:     116680 kB
SUnreclaim:       309516 kB
KernelStack:       28880 kB
PageTables:        74312 kB
SecPageTables:      4548 kB
NFS_Unstable:          0 kB
Bounce:                0 kB
WritebackTmp:          0 kB
CommitLimit:     7902908 kB
Committed_AS:   29224592 kB
VmallocTotal:   34359738367 kB
VmallocUsed:       89248 kB
VmallocChunk:          0 kB
Percpu:            12480 kB
HardwareCorrupted:     0 kB
AnonHugePages:         0 kB
ShmemHugePages:        0 kB
ShmemPmdMapped:        0 kB
FileHugePages:         0 kB
FilePmdMapped:         0 kB
Unaccepted:            0 kB
HugePages_Total:       0
HugePages_Free:        0
HugePages_Rsvd:        0
HugePages_Surp:        0
Hugepagesize:       2048 kB
Hugetlb:               0 kB
DirectMap4k:     1771920 kB
DirectMap2M:     5896192 kB
DirectMap1G:     1048576 kB

/sys/kernel/mm/transparent_hugepage/enabled: always [madvise] never
/sys/kernel/mm/transparent_hugepage/hpage_pmd_size: 2097152
/sys/kernel/mm/transparent_hugepage/defrag (defrag/compaction efforts parameter): always defer defer+madvise [madvise] never

Process Memory:
Virtual Size: 10419116K (peak: 10419116K)
Resident Set Size: 547524K (peak: 547524K) (anon: 455540K, file: 85328K, shmem: 6656K)
Swapped out: 0K
C-Heap outstanding allocations: 125932K, retained: 46379K
glibc malloc tunables: (default)

/proc/sys/kernel/threads-max (system-wide limit on the number of threads): 56576
/proc/sys/vm/max_map_count (maximum number of memory map areas a process may have): 1048576
/proc/sys/vm/swappiness (control to define how aggressively the kernel swaps out anonymous memory): 60
/proc/sys/kernel/pid_max (system-wide limit on number of process identifiers): 4194304

container information not found.
Steal ticks since vm start: 0
Steal ticks percentage since vm start:  0.000

CPU: total 12 (initial active 12) (12 cores per cpu, 2 threads per core) family 23 model 104 stepping 1 microcode 0x8608108, cx8, cmov, fxsr, ht, mmx, 3dnowpref, sse, sse2, sse3, ssse3, sse4a, sse4.1, sse4.2, popcnt, lzcnt, tsc, tscinvbit, avx, avx2, aes, clmul, bmi1, bmi2, adx, sha, fma, vzeroupper, clflush, clflushopt
CPU Model and flags from /proc/cpuinfo:
model name	: AMD Ryzen 5 5500U with Radeon Graphics
flags		: fpu vme de pse tsc msr pae mce cx8 apic sep mtrr pge mca cmov pat pse36 clflush mmx fxsr sse sse2 ht syscall nx mmxext fxsr_opt pdpe1gb rdtscp lm constant_tsc rep_good nopl xtopology nonstop_tsc cpuid extd_apicid aperfmperf rapl pni pclmulqdq monitor ssse3 fma cx16 sse4_1 sse4_2 movbe popcnt aes xsave avx f16c rdrand lahf_lm cmp_legacy svm extapic cr8_legacy abm sse4a misalignsse 3dnowprefetch osvw ibs skinit wdt tce topoext perfctr_core perfctr_nb bpext perfctr_llc mwaitx cpb cat_l3 cdp_l3 hw_pstate ssbd mba ibrs ibpb stibp vmmcall fsgsbase bmi1 avx2 smep bmi2 cqm rdt_a rdseed adx smap clflushopt clwb sha_ni xsaveopt xsavec xgetbv1 cqm_llc cqm_occup_llc cqm_mbm_total cqm_mbm_local clzero irperf xsaveerptr rdpru wbnoinvd cppc arat npt lbrv svm_lock nrip_save tsc_scale vmcb_clean flushbyasid decodeassists pausefilter pfthreshold avic v_vmsave_vmload vgif v_spec_ctrl umip rdpid overflow_recov succor smca

Online cpus: 0-11
Offline cpus: 
BIOS frequency limitation: <Not Available>
Frequency switch latency (ns): 0
Available cpu frequencies: <Not Available>
Current governor: powersave
Core performance/turbo boost: 1

Memory: 4k page, physical 7417220k(335188k free), swap 4194300k(1565332k free)
Page Sizes: 4k

vm_info: OpenJDK 64-Bit Server VM (17.0.16+8-Ubuntu-0ubuntu124.04.1) for linux-amd64 JRE (17.0.16+8-Ubuntu-0ubuntu124.04.1), built on Jul 17 2025 00:01:45 by "buildd" with gcc 13.3.0

END.
